ISO-10303-21;
HEADER;
/* Generated by software containing ST-Developer
 * from STEP Tools, Inc. (www.steptools.com) 
 */

FILE_DESCRIPTION(
/* description */ (''),
/* implementation_level */ '2;1');

FILE_NAME(
/* name */ 'DC fan 3006 30x30x6 mm.step',
/* time_stamp */ '2024-09-11T11:51:53+05:30',
/* author */ (''),
/* organization */ (''),
/* preprocessor_version */ 'ST-DEVELOPER v20',
/* originating_system */ 'Autodesk Translation Framework v13.14.0.145',

/* authorisation */ '');

FILE_SCHEMA (('AUTOMOTIVE_DESIGN { 1 0 10303 214 3 1 1 }'));
ENDSEC;

DATA;
#10=MECHANICAL_DESIGN_GEOMETRIC_PRESENTATION_REPRESENTATION('',(#52,#53),
#7398);
#11=ITEM_DEFINED_TRANSFORMATION($,$,#2804,#3108);
#12=(
REPRESENTATION_RELATIONSHIP($,$,#7409,#7408)
REPRESENTATION_RELATIONSHIP_WITH_TRANSFORMATION(#11)
SHAPE_REPRESENTATION_RELATIONSHIP()
);
#13=CONTEXT_DEPENDENT_SHAPE_REPRESENTATION(#12,#7407);
#14=NEXT_ASSEMBLY_USAGE_OCCURRENCE('Component1:1','Component1:1',
'Component1:1',#7411,#7412,'Component1:1');
#15=CONICAL_SURFACE('',#2859,7.85000011920929,0.785398163397448);
#16=CONICAL_SURFACE('',#2862,1.65,0.785398163397448);
#17=CONICAL_SURFACE('',#2866,1.65,0.785398163397449);
#18=CONICAL_SURFACE('',#2869,14.55,0.785398163397449);
#19=CONICAL_SURFACE('',#2873,1.65,0.785398163397449);
#20=CONICAL_SURFACE('',#2877,1.65,0.785398163397448);
#21=CONICAL_SURFACE('',#2909,1.65,0.785398163397448);
#22=CONICAL_SURFACE('',#2911,7.85000011920929,0.785398163397449);
#23=CONICAL_SURFACE('',#2913,1.65,0.785398163397448);
#24=CONICAL_SURFACE('',#2916,1.65,0.785398163397447);
#25=CONICAL_SURFACE('',#2918,14.55,0.785398163397449);
#26=CONICAL_SURFACE('',#2920,1.65,0.785398163397447);
#27=CONICAL_SURFACE('',#2934,1.65,0.785398163397447);
#28=CONICAL_SURFACE('',#2936,7.85000011920929,0.785398163397449);
#29=CONICAL_SURFACE('',#2938,1.65,0.785398163397447);
#30=CONICAL_SURFACE('',#2941,1.65,0.785398163397447);
#31=CONICAL_SURFACE('',#2943,14.55,0.785398163397449);
#32=CONICAL_SURFACE('',#2944,1.65,0.785398163397443);
#33=CONICAL_SURFACE('',#2969,1.65,0.785398163397443);
#34=CONICAL_SURFACE('',#2971,1.65,0.785398163397447);
#35=CONICAL_SURFACE('',#2972,1.65,0.785398163397447);
#36=CONICAL_SURFACE('',#2973,1.65,0.785398163397449);
#37=CONICAL_SURFACE('',#2974,1.65,0.785398163397449);
#38=CONICAL_SURFACE('',#2976,1.65,0.785398163397446);
#39=CONICAL_SURFACE('',#2979,1.65,0.785398163397448);
#40=CONICAL_SURFACE('',#2981,7.85000011920929,0.785398163397449);
#41=CONICAL_SURFACE('',#2983,1.65,0.785398163397448);
#42=CONICAL_SURFACE('',#2991,1.65,0.785398163397447);
#43=CONICAL_SURFACE('',#2992,7.85000011920929,0.785398163397449);
#44=CONICAL_SURFACE('',#2993,1.65,0.785398163397447);
#45=CONICAL_SURFACE('',#2999,1.65,0.785398163397448);
#46=CONICAL_SURFACE('',#3000,7.85000011920929,0.785398163397448);
#47=CONICAL_SURFACE('',#3001,1.65,0.785398163397448);
#48=SHAPE_REPRESENTATION_RELATIONSHIP('SRR','None',#7409,#50);
#49=SHAPE_REPRESENTATION_RELATIONSHIP('SRR','None',#7408,#51);
#50=ADVANCED_BREP_SHAPE_REPRESENTATION('',(#54),#7397);
#51=ADVANCED_BREP_SHAPE_REPRESENTATION('',(#55),#7396);
#52=STYLED_ITEM('',(#7423),#54);
#53=STYLED_ITEM('',(#7423),#55);
#54=MANIFOLD_SOLID_BREP('Body1',#2789);
#55=MANIFOLD_SOLID_BREP('Body1',#2790);
#56=LINE('',#6727,#208);
#57=LINE('',#6781,#209);
#58=LINE('',#6785,#210);
#59=LINE('',#6790,#211);
#60=LINE('',#6795,#212);
#61=LINE('',#6797,#213);
#62=LINE('',#6798,#214);
#63=LINE('',#6803,#215);
#64=LINE('',#6808,#216);
#65=LINE('',#6817,#217);
#66=LINE('',#6822,#218);
#67=LINE('',#6823,#219);
#68=LINE('',#6824,#220);
#69=LINE('',#6830,#221);
#70=LINE('',#6833,#222);
#71=LINE('',#6836,#223);
#72=LINE('',#6837,#224);
#73=LINE('',#6840,#225);
#74=LINE('',#6844,#226);
#75=LINE('',#6849,#227);
#76=LINE('',#6853,#228);
#77=LINE('',#6857,#229);
#78=LINE('',#6861,#230);
#79=LINE('',#6865,#231);
#80=LINE('',#6873,#232);
#81=LINE('',#6889,#233);
#82=LINE('',#6897,#234);
#83=LINE('',#6905,#235);
#84=LINE('',#6907,#236);
#85=LINE('',#6908,#237);
#86=LINE('',#6911,#238);
#87=LINE('',#6915,#239);
#88=LINE('',#6919,#240);
#89=LINE('',#6923,#241);
#90=LINE('',#6924,#242);
#91=LINE('',#6927,#243);
#92=LINE('',#6931,#244);
#93=LINE('',#6937,#245);
#94=LINE('',#6940,#246);
#95=LINE('',#6958,#247);
#96=LINE('',#6976,#248);
#97=LINE('',#6980,#249);
#98=LINE('',#6997,#250);
#99=LINE('',#6999,#251);
#100=LINE('',#7003,#252);
#101=LINE('',#7007,#253);
#102=LINE('',#7008,#254);
#103=LINE('',#7011,#255);
#104=LINE('',#7013,#256);
#105=LINE('',#7014,#257);
#106=LINE('',#7018,#258);
#107=LINE('',#7022,#259);
#108=LINE('',#7025,#260);
#109=LINE('',#7029,#261);
#110=LINE('',#7030,#262);
#111=LINE('',#7032,#263);
#112=LINE('',#7035,#264);
#113=LINE('',#7040,#265);
#114=LINE('',#7043,#266);
#115=LINE('',#7046,#267);
#116=LINE('',#7050,#268);
#117=LINE('',#7054,#269);
#118=LINE('',#7055,#270);
#119=LINE('',#7060,#271);
#120=LINE('',#7068,#272);
#121=LINE('',#7073,#273);
#122=LINE('',#7081,#274);
#123=LINE('',#7086,#275);
#124=LINE('',#7094,#276);
#125=LINE('',#7097,#277);
#126=LINE('',#7100,#278);
#127=LINE('',#7102,#279);
#128=LINE('',#7104,#280);
#129=LINE('',#7107,#281);
#130=LINE('',#7112,#282);
#131=LINE('',#7114,#283);
#132=LINE('',#7118,#284);
#133=LINE('',#7121,#285);
#134=LINE('',#7125,#286);
#135=LINE('',#7128,#287);
#136=LINE('',#7130,#288);
#137=LINE('',#7132,#289);
#138=LINE('',#7134,#290);
#139=LINE('',#7137,#291);
#140=LINE('',#7138,#292);
#141=LINE('',#7140,#293);
#142=LINE('',#7142,#294);
#143=LINE('',#7144,#295);
#144=LINE('',#7148,#296);
#145=LINE('',#7151,#297);
#146=LINE('',#7153,#298);
#147=LINE('',#7155,#299);
#148=LINE('',#7158,#300);
#149=LINE('',#7161,#301);
#150=LINE('',#7163,#302);
#151=LINE('',#7165,#303);
#152=LINE('',#7172,#304);
#153=LINE('',#7176,#305);
#154=LINE('',#7180,#306);
#155=LINE('',#7183,#307);
#156=LINE('',#7197,#308);
#157=LINE('',#7200,#309);
#158=LINE('',#7209,#310);
#159=LINE('',#7213,#311);
#160=LINE('',#7218,#312);
#161=LINE('',#7222,#313);
#162=LINE('',#7227,#314);
#163=LINE('',#7231,#315);
#164=LINE('',#7238,#316);
#165=LINE('',#7241,#317);
#166=LINE('',#7250,#318);
#167=LINE('',#7253,#319);
#168=LINE('',#7258,#320);
#169=LINE('',#7262,#321);
#170=LINE('',#7266,#322);
#171=LINE('',#7270,#323);
#172=LINE('',#7277,#324);
#173=LINE('',#7280,#325);
#174=LINE('',#7289,#326);
#175=LINE('',#7292,#327);
#176=LINE('',#7297,#328);
#177=LINE('',#7301,#329);
#178=LINE('',#7308,#330);
#179=LINE('',#7315,#331);
#180=LINE('',#7323,#332);
#181=LINE('',#7326,#333);
#182=LINE('',#7330,#334);
#183=LINE('',#7334,#335);
#184=LINE('',#7338,#336);
#185=LINE('',#7339,#337);
#186=LINE('',#7341,#338);
#187=LINE('',#7343,#339);
#188=LINE('',#7344,#340);
#189=LINE('',#7346,#341);
#190=LINE('',#7348,#342);
#191=LINE('',#7350,#343);
#192=LINE('',#7351,#344);
#193=LINE('',#7353,#345);
#194=LINE('',#7355,#346);
#195=LINE('',#7357,#347);
#196=LINE('',#7362,#348);
#197=LINE('',#7363,#349);
#198=LINE('',#7366,#350);
#199=LINE('',#7367,#351);
#200=LINE('',#7370,#352);
#201=LINE('',#7371,#353);
#202=LINE('',#7376,#354);
#203=LINE('',#7378,#355);
#204=LINE('',#7383,#356);
#205=LINE('',#7385,#357);
#206=LINE('',#7387,#358);
#207=LINE('',#7389,#359);
#208=VECTOR('',#3219,6.5);
#209=VECTOR('',#3224,10.);
#210=VECTOR('',#3227,10.);
#211=VECTOR('',#3232,10.);
#212=VECTOR('',#3239,10.);
#213=VECTOR('',#3240,10.);
#214=VECTOR('',#3241,10.);
#215=VECTOR('',#3246,10.);
#216=VECTOR('',#3251,10.);
#217=VECTOR('',#3262,10.);
#218=VECTOR('',#3267,10.);
#219=VECTOR('',#3268,10.);
#220=VECTOR('',#3269,10.);
#221=VECTOR('',#3278,1.5);
#222=VECTOR('',#3281,10.);
#223=VECTOR('',#3284,1.5);
#224=VECTOR('',#3285,10.);
#225=VECTOR('',#3288,1.5);
#226=VECTOR('',#3293,8.00000011920929);
#227=VECTOR('',#3298,10.);
#228=VECTOR('',#3301,10.);
#229=VECTOR('',#3304,10.);
#230=VECTOR('',#3307,10.);
#231=VECTOR('',#3310,10.);
#232=VECTOR('',#3317,10.);
#233=VECTOR('',#3332,10.);
#234=VECTOR('',#3339,10.);
#235=VECTOR('',#3348,10.);
#236=VECTOR('',#3349,10.);
#237=VECTOR('',#3350,10.);
#238=VECTOR('',#3353,10.);
#239=VECTOR('',#3358,10.);
#240=VECTOR('',#3363,10.);
#241=VECTOR('',#3368,10.);
#242=VECTOR('',#3369,10.);
#243=VECTOR('',#3372,10.);
#244=VECTOR('',#3377,10.);
#245=VECTOR('',#3386,1.5);
#246=VECTOR('',#3389,1.5);
#247=VECTOR('',#3394,10.);
#248=VECTOR('',#3397,1.5);
#249=VECTOR('',#3400,10.);
#250=VECTOR('',#3403,10.);
#251=VECTOR('',#3404,14.4);
#252=VECTOR('',#3409,1.5);
#253=VECTOR('',#3414,1.5);
#254=VECTOR('',#3415,10.);
#255=VECTOR('',#3418,10.);
#256=VECTOR('',#3419,10.);
#257=VECTOR('',#3420,10.);
#258=VECTOR('',#3425,10.);
#259=VECTOR('',#3430,10.);
#260=VECTOR('',#3433,10.);
#261=VECTOR('',#3438,10.);
#262=VECTOR('',#3439,10.);
#263=VECTOR('',#3442,10.);
#264=VECTOR('',#3447,10.);
#265=VECTOR('',#3454,1.5);
#266=VECTOR('',#3457,1.5);
#267=VECTOR('',#3460,8.00000011920929);
#268=VECTOR('',#3465,1.5);
#269=VECTOR('',#3470,1.5);
#270=VECTOR('',#3471,10.);
#271=VECTOR('',#3476,10.);
#272=VECTOR('',#3483,10.);
#273=VECTOR('',#3488,10.);
#274=VECTOR('',#3495,10.);
#275=VECTOR('',#3500,10.);
#276=VECTOR('',#3507,10.);
#277=VECTOR('',#3512,10.);
#278=VECTOR('',#3517,10.);
#279=VECTOR('',#3520,10.);
#280=VECTOR('',#3523,10.);
#281=VECTOR('',#3526,10.);
#282=VECTOR('',#3533,10.);
#283=VECTOR('',#3536,10.);
#284=VECTOR('',#3541,10.);
#285=VECTOR('',#3544,10.);
#286=VECTOR('',#3549,10.);
#287=VECTOR('',#3554,10.);
#288=VECTOR('',#3557,1.5);
#289=VECTOR('',#3560,8.00000011920929);
#290=VECTOR('',#3563,1.5);
#291=VECTOR('',#3568,10.);
#292=VECTOR('',#3569,10.);
#293=VECTOR('',#3572,10.);
#294=VECTOR('',#3575,10.);
#295=VECTOR('',#3578,10.);
#296=VECTOR('',#3585,1.5);
#297=VECTOR('',#3590,10.);
#298=VECTOR('',#3593,10.);
#299=VECTOR('',#3596,10.);
#300=VECTOR('',#3599,10.);
#301=VECTOR('',#3604,10.);
#302=VECTOR('',#3607,1.5);
#303=VECTOR('',#3610,1.5);
#304=VECTOR('',#3617,10.);
#305=VECTOR('',#3620,10.);
#306=VECTOR('',#3623,10.);
#307=VECTOR('',#3626,10.);
#308=VECTOR('',#3639,10.);
#309=VECTOR('',#3642,10.);
#310=VECTOR('',#3651,10.);
#311=VECTOR('',#3654,10.);
#312=VECTOR('',#3661,10.);
#313=VECTOR('',#3666,10.);
#314=VECTOR('',#3671,10.);
#315=VECTOR('',#3674,10.);
#316=VECTOR('',#3681,10.);
#317=VECTOR('',#3684,10.);
#318=VECTOR('',#3693,10.);
#319=VECTOR('',#3696,10.);
#320=VECTOR('',#3703,10.);
#321=VECTOR('',#3708,10.);
#322=VECTOR('',#3713,10.);
#323=VECTOR('',#3716,10.);
#324=VECTOR('',#3723,10.);
#325=VECTOR('',#3726,10.);
#326=VECTOR('',#3735,10.);
#327=VECTOR('',#3738,10.);
#328=VECTOR('',#3745,10.);
#329=VECTOR('',#3750,10.);
#330=VECTOR('',#3757,10.);
#331=VECTOR('',#3766,10.);
#332=VECTOR('',#3775,10.);
#333=VECTOR('',#3778,10.);
#334=VECTOR('',#3783,10.);
#335=VECTOR('',#3788,10.);
#336=VECTOR('',#3795,10.);
#337=VECTOR('',#3796,10.);
#338=VECTOR('',#3799,10.);
#339=VECTOR('',#3802,10.);
#340=VECTOR('',#3803,10.);
#341=VECTOR('',#3806,10.);
#342=VECTOR('',#3809,10.);
#343=VECTOR('',#3812,10.);
#344=VECTOR('',#3813,10.);
#345=VECTOR('',#3816,10.);
#346=VECTOR('',#3819,10.);
#347=VECTOR('',#3822,10.);
#348=VECTOR('',#3827,10.);
#349=VECTOR('',#3828,10.);
#350=VECTOR('',#3833,10.);
#351=VECTOR('',#3834,10.);
#352=VECTOR('',#3837,10.);
#353=VECTOR('',#3838,10.);
#354=VECTOR('',#3845,10.);
#355=VECTOR('',#3848,10.);
#356=VECTOR('',#3857,1.7);
#357=VECTOR('',#3860,1.7);
#358=VECTOR('',#3863,1.7);
#359=VECTOR('',#3866,1.7);
#360=CYLINDRICAL_SURFACE('',#2841,8.);
#361=CYLINDRICAL_SURFACE('',#2842,8.);
#362=CYLINDRICAL_SURFACE('',#2843,8.);
#363=CYLINDRICAL_SURFACE('',#2844,8.);
#364=CYLINDRICAL_SURFACE('',#2850,8.);
#365=CYLINDRICAL_SURFACE('',#2857,6.5);
#366=CYLINDRICAL_SURFACE('',#2880,1.5);
#367=CYLINDRICAL_SURFACE('',#2883,1.5);
#368=CYLINDRICAL_SURFACE('',#2885,8.00000011920929);
#369=CYLINDRICAL_SURFACE('',#2922,1.5);
#370=CYLINDRICAL_SURFACE('',#2924,14.4);
#371=CYLINDRICAL_SURFACE('',#2930,1.5);
#372=CYLINDRICAL_SURFACE('',#2946,1.5);
#373=CYLINDRICAL_SURFACE('',#2948,8.00000011920929);
#374=CYLINDRICAL_SURFACE('',#2950,1.5);
#375=CYLINDRICAL_SURFACE('',#2987,1.5);
#376=CYLINDRICAL_SURFACE('',#2988,8.00000011920929);
#377=CYLINDRICAL_SURFACE('',#2989,1.5);
#378=CYLINDRICAL_SURFACE('',#2995,1.5);
#379=CYLINDRICAL_SURFACE('',#2997,1.5);
#380=CYLINDRICAL_SURFACE('',#3004,1.5);
#381=CYLINDRICAL_SURFACE('',#3006,1.5);
#382=CYLINDRICAL_SURFACE('',#3016,0.5);
#383=CYLINDRICAL_SURFACE('',#3025,2.50000000149013);
#384=CYLINDRICAL_SURFACE('',#3027,0.5);
#385=CYLINDRICAL_SURFACE('',#3033,0.5);
#386=CYLINDRICAL_SURFACE('',#3042,2.5000002875924);
#387=CYLINDRICAL_SURFACE('',#3044,0.5);
#388=CYLINDRICAL_SURFACE('',#3050,0.5);
#389=CYLINDRICAL_SURFACE('',#3059,2.50000007301568);
#390=CYLINDRICAL_SURFACE('',#3061,0.5);
#391=CYLINDRICAL_SURFACE('',#3063,15.);
#392=CYLINDRICAL_SURFACE('',#3067,0.5);
#393=CYLINDRICAL_SURFACE('',#3075,2.50000000149016);
#394=CYLINDRICAL_SURFACE('',#3077,0.5);
#395=CYLINDRICAL_SURFACE('',#3079,15.);
#396=CYLINDRICAL_SURFACE('',#3081,4.);
#397=CYLINDRICAL_SURFACE('',#3083,4.);
#398=CYLINDRICAL_SURFACE('',#3085,4.);
#399=CYLINDRICAL_SURFACE('',#3086,4.);
#400=CYLINDRICAL_SURFACE('',#3088,4.);
#401=CYLINDRICAL_SURFACE('',#3090,4.);
#402=CYLINDRICAL_SURFACE('',#3095,4.);
#403=CYLINDRICAL_SURFACE('',#3096,4.);
#404=CYLINDRICAL_SURFACE('',#3100,15.);
#405=CYLINDRICAL_SURFACE('',#3101,15.);
#406=CYLINDRICAL_SURFACE('',#3102,1.7);
#407=CYLINDRICAL_SURFACE('',#3103,1.7);
#408=CYLINDRICAL_SURFACE('',#3104,1.7);
#409=CYLINDRICAL_SURFACE('',#3105,1.7);
#410=TOROIDAL_SURFACE('',#2827,7.,1.);
#411=TOROIDAL_SURFACE('',#2852,5.5,1.);
#412=FACE_BOUND('',#806,.T.);
#413=FACE_BOUND('',#863,.T.);
#414=FACE_BOUND('',#864,.T.);
#415=FACE_BOUND('',#865,.T.);
#416=FACE_BOUND('',#866,.T.);
#417=FACE_BOUND('',#867,.T.);
#418=FACE_BOUND('',#868,.T.);
#419=FACE_BOUND('',#869,.T.);
#420=FACE_BOUND('',#927,.T.);
#421=FACE_BOUND('',#928,.T.);
#422=FACE_BOUND('',#929,.T.);
#423=FACE_BOUND('',#930,.T.);
#424=FACE_BOUND('',#931,.T.);
#425=CIRCLE('',#2807,8.);
#426=CIRCLE('',#2808,8.);
#427=CIRCLE('',#2809,8.);
#428=CIRCLE('',#2810,8.);
#429=CIRCLE('',#2811,8.);
#430=CIRCLE('',#2812,6.5);
#431=CIRCLE('',#2828,7.86602540378444);
#432=CIRCLE('',#2829,8.);
#433=CIRCLE('',#2830,7.86602540378444);
#434=CIRCLE('',#2831,8.);
#435=CIRCLE('',#2832,1.);
#436=CIRCLE('',#2833,7.);
#437=CIRCLE('',#2834,8.);
#438=CIRCLE('',#2835,7.86602540378444);
#439=CIRCLE('',#2836,8.);
#440=CIRCLE('',#2837,7.86602540378444);
#441=CIRCLE('',#2838,8.);
#442=CIRCLE('',#2839,7.86602540378444);
#443=CIRCLE('',#2840,8.);
#444=CIRCLE('',#2853,6.5);
#445=CIRCLE('',#2854,6.5);
#446=CIRCLE('',#2855,1.);
#447=CIRCLE('',#2856,5.5);
#448=CIRCLE('',#2860,8.00000011920929);
#449=CIRCLE('',#2861,7.70000011920929);
#450=CIRCLE('',#2863,1.5);
#451=CIRCLE('',#2864,1.8);
#452=CIRCLE('',#2867,1.8);
#453=CIRCLE('',#2868,1.5);
#454=CIRCLE('',#2870,14.4);
#455=CIRCLE('',#2871,14.4);
#456=CIRCLE('',#2872,14.7);
#457=CIRCLE('',#2874,1.8);
#458=CIRCLE('',#2875,1.5);
#459=CIRCLE('',#2878,1.8);
#460=CIRCLE('',#2879,1.5);
#461=CIRCLE('',#2881,1.5);
#462=CIRCLE('',#2884,1.5);
#463=CIRCLE('',#2886,8.00000011920929);
#464=CIRCLE('',#2888,4.);
#465=CIRCLE('',#2889,4.);
#466=CIRCLE('',#2890,4.);
#467=CIRCLE('',#2891,4.);
#468=CIRCLE('',#2892,1.8);
#469=CIRCLE('',#2893,14.7);
#470=CIRCLE('',#2894,1.8);
#471=CIRCLE('',#2895,1.8);
#472=CIRCLE('',#2896,7.70000011920929);
#473=CIRCLE('',#2897,1.8);
#474=CIRCLE('',#2898,1.7);
#475=CIRCLE('',#2899,1.7);
#476=CIRCLE('',#2900,1.7);
#477=CIRCLE('',#2901,1.7);
#478=CIRCLE('',#2902,1.8);
#479=CIRCLE('',#2903,7.70000011920929);
#480=CIRCLE('',#2904,1.8);
#481=CIRCLE('',#2905,1.8);
#482=CIRCLE('',#2906,14.7);
#483=CIRCLE('',#2907,1.8);
#484=CIRCLE('',#2910,1.5);
#485=CIRCLE('',#2912,8.00000011920929);
#486=CIRCLE('',#2914,1.5);
#487=CIRCLE('',#2917,1.5);
#488=CIRCLE('',#2919,14.4);
#489=CIRCLE('',#2921,1.5);
#490=CIRCLE('',#2923,1.5);
#491=CIRCLE('',#2925,14.4);
#492=CIRCLE('',#2926,14.4);
#493=CIRCLE('',#2927,14.4);
#494=CIRCLE('',#2928,14.4);
#495=CIRCLE('',#2929,14.4);
#496=CIRCLE('',#2931,1.5);
#497=CIRCLE('',#2935,1.5);
#498=CIRCLE('',#2937,8.00000011920929);
#499=CIRCLE('',#2939,1.5);
#500=CIRCLE('',#2942,1.5);
#501=CIRCLE('',#2945,1.5);
#502=CIRCLE('',#2947,1.5);
#503=CIRCLE('',#2949,8.00000011920929);
#504=CIRCLE('',#2951,1.5);
#505=CIRCLE('',#2954,1.8);
#506=CIRCLE('',#2955,1.8);
#507=CIRCLE('',#2956,7.70000011920929);
#508=CIRCLE('',#2957,1.8);
#509=CIRCLE('',#2958,1.8);
#510=CIRCLE('',#2959,1.8);
#511=CIRCLE('',#2960,1.8);
#512=CIRCLE('',#2961,7.70000011920929);
#513=CIRCLE('',#2962,1.8);
#514=CIRCLE('',#2963,1.8);
#515=CIRCLE('',#2964,1.8);
#516=CIRCLE('',#2965,1.8);
#517=CIRCLE('',#2966,7.70000011920929);
#518=CIRCLE('',#2967,1.8);
#519=CIRCLE('',#2968,1.8);
#520=CIRCLE('',#2970,1.5);
#521=CIRCLE('',#2975,1.5);
#522=CIRCLE('',#2977,1.5);
#523=CIRCLE('',#2980,1.5);
#524=CIRCLE('',#2982,8.00000011920929);
#525=CIRCLE('',#2984,1.5);
#526=CIRCLE('',#3002,1.5);
#527=CIRCLE('',#3008,4.);
#528=CIRCLE('',#3009,4.);
#529=CIRCLE('',#3010,4.);
#530=CIRCLE('',#3011,4.);
#531=CIRCLE('',#3012,1.7);
#532=CIRCLE('',#3013,1.7);
#533=CIRCLE('',#3014,1.7);
#534=CIRCLE('',#3015,1.7);
#535=CIRCLE('',#3017,0.5);
#536=CIRCLE('',#3018,0.5);
#537=CIRCLE('',#3020,2.50000000149013);
#538=CIRCLE('',#3021,0.5);
#539=CIRCLE('',#3022,15.);
#540=CIRCLE('',#3023,4.);
#541=CIRCLE('',#3024,15.);
#542=CIRCLE('',#3026,2.50000000149013);
#543=CIRCLE('',#3028,0.5);
#544=CIRCLE('',#3030,15.);
#545=CIRCLE('',#3031,4.);
#546=CIRCLE('',#3032,15.);
#547=CIRCLE('',#3034,0.5);
#548=CIRCLE('',#3035,0.5);
#549=CIRCLE('',#3037,2.5000002875924);
#550=CIRCLE('',#3038,0.5);
#551=CIRCLE('',#3039,15.);
#552=CIRCLE('',#3040,4.);
#553=CIRCLE('',#3041,15.);
#554=CIRCLE('',#3043,2.5000002875924);
#555=CIRCLE('',#3045,0.5);
#556=CIRCLE('',#3047,15.);
#557=CIRCLE('',#3048,4.);
#558=CIRCLE('',#3049,15.);
#559=CIRCLE('',#3051,0.5);
#560=CIRCLE('',#3052,0.5);
#561=CIRCLE('',#3054,2.50000007301568);
#562=CIRCLE('',#3055,0.5);
#563=CIRCLE('',#3056,15.);
#564=CIRCLE('',#3057,4.);
#565=CIRCLE('',#3058,15.);
#566=CIRCLE('',#3060,2.50000007301568);
#567=CIRCLE('',#3062,0.5);
#568=CIRCLE('',#3064,15.);
#569=CIRCLE('',#3065,15.);
#570=CIRCLE('',#3066,15.);
#571=CIRCLE('',#3068,0.5);
#572=CIRCLE('',#3069,0.5);
#573=CIRCLE('',#3071,2.50000000149016);
#574=CIRCLE('',#3072,0.5);
#575=CIRCLE('',#3073,15.);
#576=CIRCLE('',#3074,4.);
#577=CIRCLE('',#3076,2.50000000149016);
#578=CIRCLE('',#3078,0.5);
#579=CIRCLE('',#3080,15.);
#580=CIRCLE('',#3091,4.);
#581=CIRCLE('',#3093,15.);
#582=CIRCLE('',#3097,4.);
#583=PLANE('',#2806);
#584=PLANE('',#2845);
#585=PLANE('',#2846);
#586=PLANE('',#2847);
#587=PLANE('',#2848);
#588=PLANE('',#2849);
#589=PLANE('',#2851);
#590=PLANE('',#2858);
#591=PLANE('',#2865);
#592=PLANE('',#2876);
#593=PLANE('',#2882);
#594=PLANE('',#2887);
#595=PLANE('',#2908);
#596=PLANE('',#2915);
#597=PLANE('',#2932);
#598=PLANE('',#2933);
#599=PLANE('',#2940);
#600=PLANE('',#2952);
#601=PLANE('',#2953);
#602=PLANE('',#2978);
#603=PLANE('',#2985);
#604=PLANE('',#2986);
#605=PLANE('',#2990);
#606=PLANE('',#2994);
#607=PLANE('',#2996);
#608=PLANE('',#2998);
#609=PLANE('',#3003);
#610=PLANE('',#3005);
#611=PLANE('',#3007);
#612=PLANE('',#3019);
#613=PLANE('',#3029);
#614=PLANE('',#3036);
#615=PLANE('',#3046);
#616=PLANE('',#3053);
#617=PLANE('',#3070);
#618=PLANE('',#3082);
#619=PLANE('',#3084);
#620=PLANE('',#3087);
#621=PLANE('',#3089);
#622=PLANE('',#3092);
#623=PLANE('',#3094);
#624=PLANE('',#3098);
#625=PLANE('',#3099);
#626=PLANE('',#3106);
#627=PLANE('',#3107);
#628=ELLIPSE('',#2805,15.3608682748272,13.9);
#629=ELLIPSE('',#2813,15.3608682748272,13.9);
#630=ELLIPSE('',#2814,15.3608682748272,13.9);
#631=ELLIPSE('',#2815,15.3608682748272,13.9);
#632=ELLIPSE('',#2816,15.3084500391445,13.8525669081361);
#633=ELLIPSE('',#2817,9.22610595420166,8.34867342580904);
#634=ELLIPSE('',#2818,15.3084500391445,13.8525669081361);
#635=ELLIPSE('',#2819,9.22610595420166,8.34867342580904);
#636=ELLIPSE('',#2820,15.3084500391445,13.8525669081361);
#637=ELLIPSE('',#2821,9.22610595420166,8.34867342580904);
#638=ELLIPSE('',#2822,15.3084500391445,13.8525669081361);
#639=ELLIPSE('',#2823,9.22610595420166,8.34867342580904);
#640=ELLIPSE('',#2824,15.3084500391445,13.8525669081361);
#641=ELLIPSE('',#2825,9.22610595420166,8.34867342580904);
#642=ELLIPSE('',#2826,15.3608682748272,13.9);
#643=FACE_OUTER_BOUND('',#803,.T.);
#644=FACE_OUTER_BOUND('',#804,.T.);
#645=FACE_OUTER_BOUND('',#805,.T.);
#646=FACE_OUTER_BOUND('',#807,.T.);
#647=FACE_OUTER_BOUND('',#808,.T.);
#648=FACE_OUTER_BOUND('',#809,.T.);
#649=FACE_OUTER_BOUND('',#810,.T.);
#650=FACE_OUTER_BOUND('',#811,.T.);
#651=FACE_OUTER_BOUND('',#812,.T.);
#652=FACE_OUTER_BOUND('',#813,.T.);
#653=FACE_OUTER_BOUND('',#814,.T.);
#654=FACE_OUTER_BOUND('',#815,.T.);
#655=FACE_OUTER_BOUND('',#816,.T.);
#656=FACE_OUTER_BOUND('',#817,.T.);
#657=FACE_OUTER_BOUND('',#818,.T.);
#658=FACE_OUTER_BOUND('',#819,.T.);
#659=FACE_OUTER_BOUND('',#820,.T.);
#660=FACE_OUTER_BOUND('',#821,.T.);
#661=FACE_OUTER_BOUND('',#822,.T.);
#662=FACE_OUTER_BOUND('',#823,.T.);
#663=FACE_OUTER_BOUND('',#824,.T.);
#664=FACE_OUTER_BOUND('',#825,.T.);
#665=FACE_OUTER_BOUND('',#826,.T.);
#666=FACE_OUTER_BOUND('',#827,.T.);
#667=FACE_OUTER_BOUND('',#828,.T.);
#668=FACE_OUTER_BOUND('',#829,.T.);
#669=FACE_OUTER_BOUND('',#830,.T.);
#670=FACE_OUTER_BOUND('',#831,.T.);
#671=FACE_OUTER_BOUND('',#832,.T.);
#672=FACE_OUTER_BOUND('',#833,.T.);
#673=FACE_OUTER_BOUND('',#834,.T.);
#674=FACE_OUTER_BOUND('',#835,.T.);
#675=FACE_OUTER_BOUND('',#836,.T.);
#676=FACE_OUTER_BOUND('',#837,.T.);
#677=FACE_OUTER_BOUND('',#838,.T.);
#678=FACE_OUTER_BOUND('',#839,.T.);
#679=FACE_OUTER_BOUND('',#840,.T.);
#680=FACE_OUTER_BOUND('',#841,.T.);
#681=FACE_OUTER_BOUND('',#842,.T.);
#682=FACE_OUTER_BOUND('',#843,.T.);
#683=FACE_OUTER_BOUND('',#844,.T.);
#684=FACE_OUTER_BOUND('',#845,.T.);
#685=FACE_OUTER_BOUND('',#846,.T.);
#686=FACE_OUTER_BOUND('',#847,.T.);
#687=FACE_OUTER_BOUND('',#848,.T.);
#688=FACE_OUTER_BOUND('',#849,.T.);
#689=FACE_OUTER_BOUND('',#850,.T.);
#690=FACE_OUTER_BOUND('',#851,.T.);
#691=FACE_OUTER_BOUND('',#852,.T.);
#692=FACE_OUTER_BOUND('',#853,.T.);
#693=FACE_OUTER_BOUND('',#854,.T.);
#694=FACE_OUTER_BOUND('',#855,.T.);
#695=FACE_OUTER_BOUND('',#856,.T.);
#696=FACE_OUTER_BOUND('',#857,.T.);
#697=FACE_OUTER_BOUND('',#858,.T.);
#698=FACE_OUTER_BOUND('',#859,.T.);
#699=FACE_OUTER_BOUND('',#860,.T.);
#700=FACE_OUTER_BOUND('',#861,.T.);
#701=FACE_OUTER_BOUND('',#862,.T.);
#702=FACE_OUTER_BOUND('',#870,.T.);
#703=FACE_OUTER_BOUND('',#871,.T.);
#704=FACE_OUTER_BOUND('',#872,.T.);
#705=FACE_OUTER_BOUND('',#873,.T.);
#706=FACE_OUTER_BOUND('',#874,.T.);
#707=FACE_OUTER_BOUND('',#875,.T.);
#708=FACE_OUTER_BOUND('',#876,.T.);
#709=FACE_OUTER_BOUND('',#877,.T.);
#710=FACE_OUTER_BOUND('',#878,.T.);
#711=FACE_OUTER_BOUND('',#879,.T.);
#712=FACE_OUTER_BOUND('',#880,.T.);
#713=FACE_OUTER_BOUND('',#881,.T.);
#714=FACE_OUTER_BOUND('',#882,.T.);
#715=FACE_OUTER_BOUND('',#883,.T.);
#716=FACE_OUTER_BOUND('',#884,.T.);
#717=FACE_OUTER_BOUND('',#885,.T.);
#718=FACE_OUTER_BOUND('',#886,.T.);
#719=FACE_OUTER_BOUND('',#887,.T.);
#720=FACE_OUTER_BOUND('',#888,.T.);
#721=FACE_OUTER_BOUND('',#889,.T.);
#722=FACE_OUTER_BOUND('',#890,.T.);
#723=FACE_OUTER_BOUND('',#891,.T.);
#724=FACE_OUTER_BOUND('',#892,.T.);
#725=FACE_OUTER_BOUND('',#893,.T.);
#726=FACE_OUTER_BOUND('',#894,.T.);
#727=FACE_OUTER_BOUND('',#895,.T.);
#728=FACE_OUTER_BOUND('',#896,.T.);
#729=FACE_OUTER_BOUND('',#897,.T.);
#730=FACE_OUTER_BOUND('',#898,.T.);
#731=FACE_OUTER_BOUND('',#899,.T.);
#732=FACE_OUTER_BOUND('',#900,.T.);
#733=FACE_OUTER_BOUND('',#901,.T.);
#734=FACE_OUTER_BOUND('',#902,.T.);
#735=FACE_OUTER_BOUND('',#903,.T.);
#736=FACE_OUTER_BOUND('',#904,.T.);
#737=FACE_OUTER_BOUND('',#905,.T.);
#738=FACE_OUTER_BOUND('',#906,.T.);
#739=FACE_OUTER_BOUND('',#907,.T.);
#740=FACE_OUTER_BOUND('',#908,.T.);
#741=FACE_OUTER_BOUND('',#909,.T.);
#742=FACE_OUTER_BOUND('',#910,.T.);
#743=FACE_OUTER_BOUND('',#911,.T.);
#744=FACE_OUTER_BOUND('',#912,.T.);
#745=FACE_OUTER_BOUND('',#913,.T.);
#746=FACE_OUTER_BOUND('',#914,.T.);
#747=FACE_OUTER_BOUND('',#915,.T.);
#748=FACE_OUTER_BOUND('',#916,.T.);
#749=FACE_OUTER_BOUND('',#917,.T.);
#750=FACE_OUTER_BOUND('',#918,.T.);
#751=FACE_OUTER_BOUND('',#919,.T.);
#752=FACE_OUTER_BOUND('',#920,.T.);
#753=FACE_OUTER_BOUND('',#921,.T.);
#754=FACE_OUTER_BOUND('',#922,.T.);
#755=FACE_OUTER_BOUND('',#923,.T.);
#756=FACE_OUTER_BOUND('',#924,.T.);
#757=FACE_OUTER_BOUND('',#925,.T.);
#758=FACE_OUTER_BOUND('',#926,.T.);
#759=FACE_OUTER_BOUND('',#932,.T.);
#760=FACE_OUTER_BOUND('',#933,.T.);
#761=FACE_OUTER_BOUND('',#934,.T.);
#762=FACE_OUTER_BOUND('',#935,.T.);
#763=FACE_OUTER_BOUND('',#936,.T.);
#764=FACE_OUTER_BOUND('',#937,.T.);
#765=FACE_OUTER_BOUND('',#938,.T.);
#766=FACE_OUTER_BOUND('',#939,.T.);
#767=FACE_OUTER_BOUND('',#940,.T.);
#768=FACE_OUTER_BOUND('',#941,.T.);
#769=FACE_OUTER_BOUND('',#942,.T.);
#770=FACE_OUTER_BOUND('',#943,.T.);
#771=FACE_OUTER_BOUND('',#944,.T.);
#772=FACE_OUTER_BOUND('',#945,.T.);
#773=FACE_OUTER_BOUND('',#946,.T.);
#774=FACE_OUTER_BOUND('',#947,.T.);
#775=FACE_OUTER_BOUND('',#948,.T.);
#776=FACE_OUTER_BOUND('',#949,.T.);
#777=FACE_OUTER_BOUND('',#950,.T.);
#778=FACE_OUTER_BOUND('',#951,.T.);
#779=FACE_OUTER_BOUND('',#952,.T.);
#780=FACE_OUTER_BOUND('',#953,.T.);
#781=FACE_OUTER_BOUND('',#954,.T.);
#782=FACE_OUTER_BOUND('',#955,.T.);
#783=FACE_OUTER_BOUND('',#956,.T.);
#784=FACE_OUTER_BOUND('',#957,.T.);
#785=FACE_OUTER_BOUND('',#958,.T.);
#786=FACE_OUTER_BOUND('',#959,.T.);
#787=FACE_OUTER_BOUND('',#960,.T.);
#788=FACE_OUTER_BOUND('',#961,.T.);
#789=FACE_OUTER_BOUND('',#962,.T.);
#790=FACE_OUTER_BOUND('',#963,.T.);
#791=FACE_OUTER_BOUND('',#964,.T.);
#792=FACE_OUTER_BOUND('',#965,.T.);
#793=FACE_OUTER_BOUND('',#966,.T.);
#794=FACE_OUTER_BOUND('',#967,.T.);
#795=FACE_OUTER_BOUND('',#968,.T.);
#796=FACE_OUTER_BOUND('',#969,.T.);
#797=FACE_OUTER_BOUND('',#970,.T.);
#798=FACE_OUTER_BOUND('',#971,.T.);
#799=FACE_OUTER_BOUND('',#972,.T.);
#800=FACE_OUTER_BOUND('',#973,.T.);
#801=FACE_OUTER_BOUND('',#974,.T.);
#802=FACE_OUTER_BOUND('',#975,.T.);
#803=EDGE_LOOP('',(#1757,#1758,#1759,#1760));
#804=EDGE_LOOP('',(#1761,#1762,#1763,#1764,#1765,#1766,#1767));
#805=EDGE_LOOP('',(#1768,#1769,#1770,#1771,#1772,#1773,#1774,#1775,#1776,
#1777,#1778,#1779,#1780,#1781,#1782,#1783,#1784,#1785,#1786,#1787,#1788,
#1789,#1790,#1791,#1792));
#806=EDGE_LOOP('',(#1793));
#807=EDGE_LOOP('',(#1794,#1795,#1796,#1797));
#808=EDGE_LOOP('',(#1798,#1799,#1800,#1801,#1802,#1803,#1804));
#809=EDGE_LOOP('',(#1805,#1806,#1807,#1808));
#810=EDGE_LOOP('',(#1809,#1810,#1811,#1812,#1813,#1814,#1815));
#811=EDGE_LOOP('',(#1816,#1817,#1818,#1819));
#812=EDGE_LOOP('',(#1820,#1821,#1822,#1823,#1824,#1825,#1826));
#813=EDGE_LOOP('',(#1827,#1828,#1829,#1830));
#814=EDGE_LOOP('',(#1831,#1832,#1833,#1834,#1835,#1836,#1837,#1838));
#815=EDGE_LOOP('',(#1839,#1840,#1841,#1842,#1843,#1844,#1845,#1846));
#816=EDGE_LOOP('',(#1847,#1848,#1849,#1850,#1851,#1852,#1853,#1854));
#817=EDGE_LOOP('',(#1855,#1856,#1857,#1858,#1859,#1860,#1861,#1862));
#818=EDGE_LOOP('',(#1863,#1864,#1865,#1866,#1867,#1868,#1869,#1870));
#819=EDGE_LOOP('',(#1871,#1872,#1873,#1874));
#820=EDGE_LOOP('',(#1875,#1876,#1877,#1878));
#821=EDGE_LOOP('',(#1879,#1880,#1881,#1882));
#822=EDGE_LOOP('',(#1883,#1884,#1885,#1886));
#823=EDGE_LOOP('',(#1887,#1888,#1889,#1890));
#824=EDGE_LOOP('',(#1891,#1892,#1893,#1894,#1895,#1896,#1897));
#825=EDGE_LOOP('',(#1898,#1899,#1900,#1901,#1902,#1903,#1904,#1905,#1906,
#1907,#1908,#1909,#1910,#1911,#1912,#1913,#1914,#1915,#1916,#1917,#1918,
#1919,#1920,#1921));
#826=EDGE_LOOP('',(#1922,#1923,#1924,#1925,#1926,#1927));
#827=EDGE_LOOP('',(#1928,#1929,#1930,#1931,#1932));
#828=EDGE_LOOP('',(#1933,#1934,#1935,#1936,#1937));
#829=EDGE_LOOP('',(#1938,#1939,#1940,#1941,#1942));
#830=EDGE_LOOP('',(#1943));
#831=EDGE_LOOP('',(#1944,#1945,#1946,#1947));
#832=EDGE_LOOP('',(#1948,#1949,#1950,#1951));
#833=EDGE_LOOP('',(#1952,#1953,#1954));
#834=EDGE_LOOP('',(#1955,#1956,#1957,#1958));
#835=EDGE_LOOP('',(#1959,#1960,#1961,#1962));
#836=EDGE_LOOP('',(#1963,#1964,#1965));
#837=EDGE_LOOP('',(#1966,#1967,#1968,#1969));
#838=EDGE_LOOP('',(#1970,#1971,#1972,#1973));
#839=EDGE_LOOP('',(#1974,#1975,#1976));
#840=EDGE_LOOP('',(#1977,#1978,#1979,#1980));
#841=EDGE_LOOP('',(#1981,#1982,#1983,#1984));
#842=EDGE_LOOP('',(#1985,#1986,#1987));
#843=EDGE_LOOP('',(#1988,#1989,#1990,#1991,#1992));
#844=EDGE_LOOP('',(#1993,#1994,#1995,#1996));
#845=EDGE_LOOP('',(#1997,#1998,#1999,#2000));
#846=EDGE_LOOP('',(#2001,#2002,#2003,#2004,#2005));
#847=EDGE_LOOP('',(#2006,#2007,#2008,#2009,#2010));
#848=EDGE_LOOP('',(#2011));
#849=EDGE_LOOP('',(#2012,#2013,#2014));
#850=EDGE_LOOP('',(#2015,#2016,#2017,#2018));
#851=EDGE_LOOP('',(#2019,#2020,#2021,#2022));
#852=EDGE_LOOP('',(#2023,#2024,#2025,#2026));
#853=EDGE_LOOP('',(#2027,#2028,#2029,#2030));
#854=EDGE_LOOP('',(#2031,#2032,#2033,#2034,#2035));
#855=EDGE_LOOP('',(#2036,#2037,#2038,#2039));
#856=EDGE_LOOP('',(#2040,#2041,#2042,#2043));
#857=EDGE_LOOP('',(#2044,#2045,#2046,#2047));
#858=EDGE_LOOP('',(#2048,#2049,#2050,#2051));
#859=EDGE_LOOP('',(#2052,#2053,#2054,#2055));
#860=EDGE_LOOP('',(#2056,#2057,#2058,#2059));
#861=EDGE_LOOP('',(#2060,#2061,#2062,#2063));
#862=EDGE_LOOP('',(#2064,#2065,#2066,#2067,#2068,#2069,#2070,#2071));
#863=EDGE_LOOP('',(#2072,#2073,#2074,#2075,#2076,#2077,#2078,#2079));
#864=EDGE_LOOP('',(#2080));
#865=EDGE_LOOP('',(#2081));
#866=EDGE_LOOP('',(#2082));
#867=EDGE_LOOP('',(#2083));
#868=EDGE_LOOP('',(#2084,#2085,#2086,#2087,#2088,#2089,#2090,#2091));
#869=EDGE_LOOP('',(#2092,#2093,#2094,#2095,#2096,#2097,#2098,#2099));
#870=EDGE_LOOP('',(#2100,#2101,#2102,#2103));
#871=EDGE_LOOP('',(#2104,#2105,#2106,#2107));
#872=EDGE_LOOP('',(#2108,#2109,#2110,#2111));
#873=EDGE_LOOP('',(#2112,#2113,#2114,#2115));
#874=EDGE_LOOP('',(#2116,#2117,#2118,#2119));
#875=EDGE_LOOP('',(#2120,#2121,#2122,#2123));
#876=EDGE_LOOP('',(#2124,#2125,#2126,#2127));
#877=EDGE_LOOP('',(#2128,#2129,#2130,#2131));
#878=EDGE_LOOP('',(#2132,#2133,#2134,#2135));
#879=EDGE_LOOP('',(#2136,#2137,#2138,#2139,#2140,#2141,#2142,#2143,#2144,
#2145,#2146,#2147,#2148,#2149,#2150,#2151,#2152,#2153,#2154,#2155,#2156,
#2157));
#880=EDGE_LOOP('',(#2158,#2159,#2160,#2161));
#881=EDGE_LOOP('',(#2162,#2163,#2164,#2165));
#882=EDGE_LOOP('',(#2166,#2167,#2168,#2169));
#883=EDGE_LOOP('',(#2170,#2171,#2172,#2173));
#884=EDGE_LOOP('',(#2174,#2175,#2176,#2177));
#885=EDGE_LOOP('',(#2178,#2179,#2180,#2181));
#886=EDGE_LOOP('',(#2182,#2183,#2184,#2185));
#887=EDGE_LOOP('',(#2186,#2187,#2188,#2189));
#888=EDGE_LOOP('',(#2190,#2191,#2192,#2193));
#889=EDGE_LOOP('',(#2194,#2195,#2196,#2197));
#890=EDGE_LOOP('',(#2198,#2199,#2200,#2201));
#891=EDGE_LOOP('',(#2202,#2203,#2204,#2205));
#892=EDGE_LOOP('',(#2206,#2207,#2208,#2209));
#893=EDGE_LOOP('',(#2210,#2211,#2212,#2213));
#894=EDGE_LOOP('',(#2214,#2215,#2216,#2217,#2218,#2219,#2220,#2221,#2222,
#2223,#2224,#2225,#2226,#2227,#2228,#2229,#2230,#2231,#2232,#2233,#2234,
#2235,#2236,#2237));
#895=EDGE_LOOP('',(#2238,#2239,#2240,#2241));
#896=EDGE_LOOP('',(#2242,#2243,#2244,#2245));
#897=EDGE_LOOP('',(#2246,#2247,#2248,#2249));
#898=EDGE_LOOP('',(#2250,#2251,#2252,#2253));
#899=EDGE_LOOP('',(#2254,#2255,#2256,#2257));
#900=EDGE_LOOP('',(#2258,#2259,#2260,#2261));
#901=EDGE_LOOP('',(#2262,#2263,#2264,#2265));
#902=EDGE_LOOP('',(#2266,#2267,#2268,#2269));
#903=EDGE_LOOP('',(#2270,#2271,#2272,#2273));
#904=EDGE_LOOP('',(#2274,#2275,#2276,#2277));
#905=EDGE_LOOP('',(#2278,#2279,#2280,#2281));
#906=EDGE_LOOP('',(#2282,#2283,#2284,#2285));
#907=EDGE_LOOP('',(#2286,#2287,#2288,#2289));
#908=EDGE_LOOP('',(#2290,#2291,#2292,#2293));
#909=EDGE_LOOP('',(#2294,#2295,#2296,#2297));
#910=EDGE_LOOP('',(#2298,#2299,#2300,#2301));
#911=EDGE_LOOP('',(#2302,#2303,#2304,#2305));
#912=EDGE_LOOP('',(#2306,#2307,#2308,#2309));
#913=EDGE_LOOP('',(#2310,#2311,#2312,#2313));
#914=EDGE_LOOP('',(#2314,#2315,#2316,#2317));
#915=EDGE_LOOP('',(#2318,#2319,#2320,#2321));
#916=EDGE_LOOP('',(#2322,#2323,#2324,#2325));
#917=EDGE_LOOP('',(#2326,#2327,#2328,#2329));
#918=EDGE_LOOP('',(#2330,#2331,#2332,#2333));
#919=EDGE_LOOP('',(#2334,#2335,#2336,#2337));
#920=EDGE_LOOP('',(#2338,#2339,#2340,#2341));
#921=EDGE_LOOP('',(#2342,#2343,#2344,#2345));
#922=EDGE_LOOP('',(#2346,#2347,#2348,#2349));
#923=EDGE_LOOP('',(#2350,#2351,#2352,#2353));
#924=EDGE_LOOP('',(#2354,#2355,#2356,#2357));
#925=EDGE_LOOP('',(#2358,#2359,#2360,#2361));
#926=EDGE_LOOP('',(#2362,#2363,#2364,#2365,#2366,#2367,#2368,#2369));
#927=EDGE_LOOP('',(#2370));
#928=EDGE_LOOP('',(#2371));
#929=EDGE_LOOP('',(#2372));
#930=EDGE_LOOP('',(#2373));
#931=EDGE_LOOP('',(#2374));
#932=EDGE_LOOP('',(#2375,#2376,#2377,#2378));
#933=EDGE_LOOP('',(#2379,#2380,#2381,#2382,#2383,#2384,#2385,#2386));
#934=EDGE_LOOP('',(#2387,#2388,#2389,#2390));
#935=EDGE_LOOP('',(#2391,#2392,#2393,#2394));
#936=EDGE_LOOP('',(#2395,#2396,#2397,#2398,#2399,#2400,#2401,#2402));
#937=EDGE_LOOP('',(#2403,#2404,#2405,#2406));
#938=EDGE_LOOP('',(#2407,#2408,#2409,#2410,#2411,#2412,#2413,#2414));
#939=EDGE_LOOP('',(#2415,#2416,#2417,#2418));
#940=EDGE_LOOP('',(#2419,#2420,#2421,#2422));
#941=EDGE_LOOP('',(#2423,#2424,#2425,#2426,#2427,#2428,#2429,#2430));
#942=EDGE_LOOP('',(#2431,#2432,#2433,#2434));
#943=EDGE_LOOP('',(#2435,#2436,#2437,#2438,#2439,#2440,#2441,#2442));
#944=EDGE_LOOP('',(#2443,#2444,#2445,#2446));
#945=EDGE_LOOP('',(#2447,#2448,#2449,#2450));
#946=EDGE_LOOP('',(#2451,#2452,#2453,#2454,#2455,#2456));
#947=EDGE_LOOP('',(#2457,#2458,#2459,#2460));
#948=EDGE_LOOP('',(#2461,#2462,#2463,#2464,#2465,#2466,#2467,#2468));
#949=EDGE_LOOP('',(#2469,#2470,#2471,#2472));
#950=EDGE_LOOP('',(#2473,#2474,#2475,#2476));
#951=EDGE_LOOP('',(#2477,#2478,#2479,#2480,#2481,#2482));
#952=EDGE_LOOP('',(#2483,#2484,#2485,#2486));
#953=EDGE_LOOP('',(#2487,#2488,#2489,#2490,#2491));
#954=EDGE_LOOP('',(#2492,#2493,#2494,#2495));
#955=EDGE_LOOP('',(#2496,#2497,#2498,#2499,#2500));
#956=EDGE_LOOP('',(#2501,#2502,#2503,#2504));
#957=EDGE_LOOP('',(#2505,#2506,#2507,#2508));
#958=EDGE_LOOP('',(#2509,#2510,#2511,#2512,#2513));
#959=EDGE_LOOP('',(#2514,#2515,#2516,#2517));
#960=EDGE_LOOP('',(#2518,#2519,#2520,#2521,#2522));
#961=EDGE_LOOP('',(#2523,#2524,#2525,#2526));
#962=EDGE_LOOP('',(#2527,#2528,#2529,#2530,#2531,#2532,#2533,#2534));
#963=EDGE_LOOP('',(#2535,#2536,#2537,#2538,#2539));
#964=EDGE_LOOP('',(#2540,#2541,#2542,#2543));
#965=EDGE_LOOP('',(#2544,#2545,#2546,#2547));
#966=EDGE_LOOP('',(#2548,#2549,#2550,#2551,#2552,#2553,#2554,#2555));
#967=EDGE_LOOP('',(#2556,#2557,#2558,#2559,#2560));
#968=EDGE_LOOP('',(#2561,#2562,#2563,#2564,#2565,#2566));
#969=EDGE_LOOP('',(#2567,#2568,#2569,#2570,#2571,#2572));
#970=EDGE_LOOP('',(#2573,#2574,#2575,#2576));
#971=EDGE_LOOP('',(#2577,#2578,#2579,#2580));
#972=EDGE_LOOP('',(#2581,#2582,#2583,#2584));
#973=EDGE_LOOP('',(#2585,#2586,#2587,#2588));
#974=EDGE_LOOP('',(#2589,#2590,#2591,#2592,#2593));
#975=EDGE_LOOP('',(#2594,#2595,#2596,#2597,#2598));
#976=B_SPLINE_CURVE_WITH_KNOTS('',3,(#3901,#3902,#3903,#3904,#3905,#3906,
#3907,#3908,#3909,#3910,#3911,#3912,#3913,#3914,#3915,#3916),
 .UNSPECIFIED.,.F.,.F.,(4,2,2,2,2,2,2,4),(6.5039455262185E-5,0.0680422187228062,
0.142623743452316,0.211268606651615,0.304564214464481,0.34144049921795,
0.356583935829819,0.370654653987682),.UNSPECIFIED.);
#977=B_SPLINE_CURVE_WITH_KNOTS('',3,(#3918,#3919,#3920,#3921),
 .UNSPECIFIED.,.F.,.F.,(4,4),(-0.273885314126672,-0.251279075131977),
 .UNSPECIFIED.);
#978=B_SPLINE_CURVE_WITH_KNOTS('',3,(#3923,#3924,#3925,#3926,#3927,#3928,
#3929,#3930,#3931,#3932,#3933,#3934,#3935,#3936),.UNSPECIFIED.,.F.,.F.,
(4,2,2,2,2,2,4),(0.,0.0119740487234188,0.026142327691028,0.0493091845198422,
0.0934828211830052,0.170665688085025,0.252702984279959),.UNSPECIFIED.);
#979=B_SPLINE_CURVE_WITH_KNOTS('',3,(#3937,#3938,#3939,#3940),
 .UNSPECIFIED.,.F.,.F.,(4,4),(-0.0316360501303017,-0.0101330529768768),
 .UNSPECIFIED.);
#980=B_SPLINE_CURVE_WITH_KNOTS('',3,(#4052,#4053,#4054,#4055),
 .UNSPECIFIED.,.F.,.F.,(4,4),(-0.602496021159904,-0.244927160139352),
 .UNSPECIFIED.);
#981=B_SPLINE_CURVE_WITH_KNOTS('',3,(#4057,#4058,#4059,#4060,#4061,#4062,
#4063,#4064),.UNSPECIFIED.,.F.,.F.,(4,2,2,4),(-0.414854820712522,-0.359631260997018,
-0.257032613300916,-0.0693327062371722),.UNSPECIFIED.);
#982=B_SPLINE_CURVE_WITH_KNOTS('',3,(#4066,#4067,#4068,#4069,#4070,#4071),
 .UNSPECIFIED.,.F.,.F.,(4,2,4),(-0.628828492285211,-0.592496549958423,-0.545562248059944),
 .UNSPECIFIED.);
#983=B_SPLINE_CURVE_WITH_KNOTS('',3,(#4073,#4074,#4075,#4076,#4077,#4078,
#4079,#4080,#4081),.UNSPECIFIED.,.F.,.F.,(4,2,3,4),(2.52777814949756E-5,
0.284448310611412,0.569001357718138,0.582319630228381),.UNSPECIFIED.);
#984=B_SPLINE_CURVE_WITH_KNOTS('',3,(#4083,#4084,#4085,#4086,#4087,#4088,
#4089,#4090,#4091,#4092,#4093,#4094,#4095,#4096,#4097,#4098,#4099,#4100,
#4101,#4102,#4103,#4104,#4105,#4106,#4107,#4108,#4109,#4110),
 .UNSPECIFIED.,.F.,.F.,(4,3,3,3,3,3,3,3,3,4),(0.,0.0139793398773563,0.0272397148477948,
0.0374515161658641,0.0517124722168515,0.0657963857000395,0.0682867401661382,
0.0796437202485263,0.0838901185000525,0.098506062198814),.UNSPECIFIED.);
#985=B_SPLINE_CURVE_WITH_KNOTS('',3,(#4114,#4115,#4116,#4117,#4118,#4119),
 .UNSPECIFIED.,.F.,.F.,(4,2,4),(-2.15336069704105,-2.00743846350403,-1.5508750825815),
 .UNSPECIFIED.);
#986=B_SPLINE_CURVE_WITH_KNOTS('',3,(#4121,#4122,#4123,#4124,#4125,#4126),
 .UNSPECIFIED.,.F.,.F.,(4,2,4),(-0.0152057362124931,-0.0126519505939888,
-0.0110377867804451),.UNSPECIFIED.);
#987=B_SPLINE_CURVE_WITH_KNOTS('',3,(#4130,#4131,#4132,#4133,#4134,#4135,
#4136),.UNSPECIFIED.,.F.,.F.,(4,3,4),(-0.603676172541962,-0.420859699432948,
-0.245742301566168),.UNSPECIFIED.);
#988=B_SPLINE_CURVE_WITH_KNOTS('',3,(#4138,#4139,#4140,#4141),
 .UNSPECIFIED.,.F.,.F.,(4,4),(-0.273885997115946,-0.251279695583236),
 .UNSPECIFIED.);
#989=B_SPLINE_CURVE_WITH_KNOTS('',3,(#4143,#4144,#4145,#4146,#4147,#4148),
 .UNSPECIFIED.,.F.,.F.,(4,2,4),(-2.46281589947677,-2.1923615002849,-1.65976361002262),
 .UNSPECIFIED.);
#990=B_SPLINE_CURVE_WITH_KNOTS('',3,(#4150,#4151,#4152,#4153,#4154,#4155),
 .UNSPECIFIED.,.F.,.F.,(4,2,4),(-0.0152057362124984,-0.0126519505939917,
-0.0110377867804491),.UNSPECIFIED.);
#991=B_SPLINE_CURVE_WITH_KNOTS('',3,(#4159,#4160,#4161,#4162,#4163,#4164,
#4165),.UNSPECIFIED.,.F.,.F.,(4,3,4),(-0.6038866213246,-0.420897881764058,
-0.24581344544885),.UNSPECIFIED.);
#992=B_SPLINE_CURVE_WITH_KNOTS('',3,(#4167,#4168,#4169,#4170),
 .UNSPECIFIED.,.F.,.F.,(4,4),(-0.273887380193667,-0.251280984841343),
 .UNSPECIFIED.);
#993=B_SPLINE_CURVE_WITH_KNOTS('',3,(#4172,#4173,#4174,#4175,#4176,#4177),
 .UNSPECIFIED.,.F.,.F.,(4,2,4),(-2.7531508958258,-2.38838408198056,-1.81760283542201),
 .UNSPECIFIED.);
#994=B_SPLINE_CURVE_WITH_KNOTS('',3,(#4179,#4180,#4181,#4182,#4183,#4184),
 .UNSPECIFIED.,.F.,.F.,(4,2,4),(-0.0152057362124929,-0.0126519505939875,
-0.011037786780445),.UNSPECIFIED.);
#995=B_SPLINE_CURVE_WITH_KNOTS('',3,(#4188,#4189,#4190,#4191,#4192,#4193,
#4194),.UNSPECIFIED.,.F.,.F.,(4,3,4),(-0.603874820885245,-0.420893900006931,
-0.245808741108556),.UNSPECIFIED.);
#996=B_SPLINE_CURVE_WITH_KNOTS('',3,(#4196,#4197,#4198,#4199),
 .UNSPECIFIED.,.F.,.F.,(4,4),(-0.273886916498324,-0.251280539635888),
 .UNSPECIFIED.);
#997=B_SPLINE_CURVE_WITH_KNOTS('',3,(#4201,#4202,#4203,#4204,#4205,#4206),
 .UNSPECIFIED.,.F.,.F.,(4,2,4),(-2.9731604323086,-2.53249427149242,-1.94178705818739),
 .UNSPECIFIED.);
#998=B_SPLINE_CURVE_WITH_KNOTS('',3,(#4208,#4209,#4210,#4211,#4212,#4213),
 .UNSPECIFIED.,.F.,.F.,(4,2,4),(-0.0152057362124942,-0.0126519505939858,
-0.0110377867804466),.UNSPECIFIED.);
#999=B_SPLINE_CURVE_WITH_KNOTS('',3,(#4217,#4218,#4219,#4220),
 .UNSPECIFIED.,.F.,.F.,(4,4),(-0.602557019474893,-0.244946268254913),
 .UNSPECIFIED.);
#1000=B_SPLINE_CURVE_WITH_KNOTS('',3,(#4222,#4223,#4224,#4225),
 .UNSPECIFIED.,.F.,.F.,(4,4),(-0.273885094834632,-0.251278878772929),
 .UNSPECIFIED.);
#1001=B_SPLINE_CURVE_WITH_KNOTS('',3,(#4227,#4228,#4229,#4230,#4231,#4232),
 .UNSPECIFIED.,.F.,.F.,(4,2,4),(-2.98767087800427,-2.54188967148424,-1.95007900721995),
 .UNSPECIFIED.);
#1002=B_SPLINE_CURVE_WITH_KNOTS('',3,(#4234,#4235,#4236,#4237,#4238,#4239),
 .UNSPECIFIED.,.F.,.F.,(4,2,4),(-0.0152057362124951,-0.0126519505939858,
-0.0110377867804471),.UNSPECIFIED.);
#1003=B_SPLINE_CURVE_WITH_KNOTS('',3,(#4268,#4269,#4270,#4271,#4272,#4273,
#4274,#4275,#4276,#4277,#4278,#4279,#4280,#4281,#4282,#4283),
 .UNSPECIFIED.,.F.,.F.,(4,2,2,2,2,2,2,4),(6.4598134594429E-5,0.0680244580073034,
0.142580913827026,0.211212635961185,0.304550937230531,0.341443780061125,
0.356593007700794,0.370668538672421),.UNSPECIFIED.);
#1004=B_SPLINE_CURVE_WITH_KNOTS('',3,(#4285,#4286,#4287,#4288,#4289,#4290,
#4291,#4292,#4293,#4294,#4295,#4296,#4297,#4298),.UNSPECIFIED.,.F.,.F.,
(4,2,2,2,2,2,4),(0.,0.0119740509818938,0.0261422758956801,0.0493088157990463,
0.0934806767401513,0.170664474255881,0.252702199258914),.UNSPECIFIED.);
#1005=B_SPLINE_CURVE_WITH_KNOTS('',3,(#4299,#4300,#4301,#4302),
 .UNSPECIFIED.,.F.,.F.,(4,4),(-0.0316361860856348,-0.0101331898773316),
 .UNSPECIFIED.);
#1006=B_SPLINE_CURVE_WITH_KNOTS('',3,(#4414,#4415,#4416,#4417,#4418,#4419,
#4420,#4421),.UNSPECIFIED.,.F.,.F.,(4,2,2,4),(-0.414834593987659,-0.359614425206515,
-0.257021902837472,-0.0693313679049552),.UNSPECIFIED.);
#1007=B_SPLINE_CURVE_WITH_KNOTS('',3,(#4423,#4424,#4425,#4426,#4427,#4428),
 .UNSPECIFIED.,.F.,.F.,(4,2,4),(-0.56419307569919,-0.521463459919247,-0.492848749299511),
 .UNSPECIFIED.);
#1008=B_SPLINE_CURVE_WITH_KNOTS('',3,(#4430,#4431,#4432,#4433,#4434,#4435,
#4436,#4437,#4438),.UNSPECIFIED.,.F.,.F.,(4,2,3,4),(2.52778086998671E-5,
0.284448310638653,0.569001357860331,0.58231962802426),.UNSPECIFIED.);
#1009=B_SPLINE_CURVE_WITH_KNOTS('',3,(#4440,#4441,#4442,#4443,#4444,#4445,
#4446,#4447,#4448,#4449,#4450,#4451,#4452,#4453,#4454,#4455,#4456,#4457,
#4458,#4459,#4460,#4461,#4462,#4463,#4464,#4465,#4466,#4467),
 .UNSPECIFIED.,.F.,.F.,(4,3,3,3,3,3,3,3,3,4),(0.,0.0139793398774162,0.0272397148479215,
0.0374515161658641,0.0517124722165788,0.0657963856995515,0.0682867401661382,
0.0796437202489458,0.0838901185000525,0.0985060621988255),.UNSPECIFIED.);
#1010=B_SPLINE_CURVE_WITH_KNOTS('',3,(#4494,#4495,#4496,#4497,#4498,#4499,
#4500,#4501,#4502,#4503,#4504,#4505,#4506,#4507,#4508,#4509),
 .UNSPECIFIED.,.F.,.F.,(4,2,2,2,2,2,2,4),(6.46248934994051E-5,0.0685681562001766,
0.143892152165841,0.212916503553881,0.30494127245001,0.341327515332005,
0.356299550065267,0.370227673322134),.UNSPECIFIED.);
#1011=B_SPLINE_CURVE_WITH_KNOTS('',3,(#4511,#4512,#4513,#4514,#4515,#4516,
#4517,#4518,#4519,#4520,#4521,#4522,#4523,#4524),.UNSPECIFIED.,.F.,.F.,
(4,2,2,2,2,2,4),(0.,0.0119741859006126,0.0261441763485141,0.0493202928743406,
0.093545463676547,0.170696164858884,0.252727799263095),.UNSPECIFIED.);
#1012=B_SPLINE_CURVE_WITH_KNOTS('',3,(#4525,#4526,#4527,#4528),
 .UNSPECIFIED.,.F.,.F.,(4,4),(-0.0316361766527146,-0.0101331820955087),
 .UNSPECIFIED.);
#1013=B_SPLINE_CURVE_WITH_KNOTS('',3,(#4640,#4641,#4642,#4643,#4644,#4645,
#4646,#4647),.UNSPECIFIED.,.F.,.F.,(4,2,2,4),(-0.414835390698971,-0.359615088353694,
-0.257022324716323,-0.0693314206229859),.UNSPECIFIED.);
#1014=B_SPLINE_CURVE_WITH_KNOTS('',3,(#4649,#4650,#4651,#4652,#4653,#4654,
#4655,#4656),.UNSPECIFIED.,.F.,.F.,(4,2,2,4),(-0.665452638024892,-0.647992433229455,
-0.575854133515209,-0.573757031840757),.UNSPECIFIED.);
#1015=B_SPLINE_CURVE_WITH_KNOTS('',3,(#4658,#4659,#4660,#4661,#4662,#4663,
#4664,#4665,#4666,#4667),.UNSPECIFIED.,.F.,.F.,(4,3,3,4),(-3.46451615555102,
-3.06076344922493,-2.4338087986105,-2.1537367612422),.UNSPECIFIED.);
#1016=B_SPLINE_CURVE_WITH_KNOTS('',3,(#4669,#4670,#4671,#4672,#4673,#4674,
#4675,#4676,#4677,#4678,#4679,#4680,#4681,#4682,#4683,#4684,#4685,#4686,
#4687,#4688,#4689,#4690,#4691,#4692,#4693,#4694,#4695,#4696),
 .UNSPECIFIED.,.F.,.F.,(4,3,3,3,3,3,3,3,3,4),(0.,0.0139793398773626,0.027239714847802,
0.0374515161658641,0.0517124722165449,0.065796385699438,0.0682867401661382,
0.0796437202498317,0.0838901185000525,0.0985060621988255),.UNSPECIFIED.);
#1017=B_SPLINE_CURVE_WITH_KNOTS('',3,(#4723,#4724,#4725,#4726,#4727,#4728,
#4729,#4730,#4731,#4732,#4733,#4734,#4735,#4736,#4737,#4738),
 .UNSPECIFIED.,.F.,.F.,(4,2,2,2,2,2,2,4),(6.50656864271442E-5,0.0686850529268835,
0.144174286503166,0.213280985076167,0.305023430594068,0.341301357366765,
0.35623546325016,0.370131969310111),.UNSPECIFIED.);
#1018=B_SPLINE_CURVE_WITH_KNOTS('',3,(#4740,#4741,#4742,#4743,#4744,#4745,
#4746,#4747,#4748,#4749,#4750,#4751,#4752,#4753),.UNSPECIFIED.,.F.,.F.,
(4,2,2,2,2,2,4),(0.,0.0119742135778368,0.0261445811193785,0.0493227471705037,
0.0935593491013265,0.170703094002043,0.25273326054589),.UNSPECIFIED.);
#1019=B_SPLINE_CURVE_WITH_KNOTS('',3,(#4754,#4755,#4756,#4757),
 .UNSPECIFIED.,.F.,.F.,(4,4),(-0.0316360411319181,-0.0101330456038826),
 .UNSPECIFIED.);
#1020=B_SPLINE_CURVE_WITH_KNOTS('',3,(#4869,#4870,#4871,#4872,#4873,#4874,
#4875,#4876),.UNSPECIFIED.,.F.,.F.,(4,2,2,4),(-0.414850528349585,-0.359627688239291,
-0.257030340424637,-0.0693324222370476),.UNSPECIFIED.);
#1021=B_SPLINE_CURVE_WITH_KNOTS('',3,(#4878,#4879,#4880,#4881,#4882,#4883),
 .UNSPECIFIED.,.F.,.F.,(4,2,4),(-0.570361654592859,-0.533495425873632,-0.486920580434039),
 .UNSPECIFIED.);
#1022=B_SPLINE_CURVE_WITH_KNOTS('',3,(#4885,#4886,#4887,#4888,#4889,#4890,
#4891,#4892),.UNSPECIFIED.,.F.,.F.,(4,2,2,4),(-3.34791067623662,-2.84717324725194,
-2.34309444206267,-2.07613254776554),.UNSPECIFIED.);
#1023=B_SPLINE_CURVE_WITH_KNOTS('',3,(#4894,#4895,#4896,#4897,#4898,#4899,
#4900,#4901,#4902,#4903,#4904,#4905,#4906,#4907,#4908,#4909,#4910,#4911,
#4912,#4913,#4914,#4915,#4916,#4917,#4918,#4919,#4920,#4921),
 .UNSPECIFIED.,.F.,.F.,(4,3,3,3,3,3,3,3,3,4),(0.,0.0139793398775733,0.0272397148482756,
0.0374515161658641,0.0517124722162222,0.065796385698896,0.0682867401661382,
0.0796437202484183,0.0838901185000525,0.0985060621988084),.UNSPECIFIED.);
#1024=B_SPLINE_CURVE_WITH_KNOTS('',3,(#4948,#4949,#4950,#4951,#4952,#4953,
#4954,#4955,#4956,#4957,#4958,#4959,#4960,#4961),.UNSPECIFIED.,.F.,.F.,
(4,2,2,2,2,2,4),(0.,0.0119740903560279,0.0261430692241354,0.0493137677750041,
0.0935088060563116,0.170678590632246,0.252713135709714),.UNSPECIFIED.);
#1025=B_SPLINE_CURVE_WITH_KNOTS('',3,(#4963,#4964,#4965,#4966),
 .UNSPECIFIED.,.F.,.F.,(4,4),(-0.0316358510645476,-0.0101328537201469),
 .UNSPECIFIED.);
#1026=B_SPLINE_CURVE_WITH_KNOTS('',3,(#4967,#4968,#4969,#4970,#4971,#4972,
#4973,#4974,#4975,#4976,#4977,#4978,#4979,#4980,#4981,#4982),
 .UNSPECIFIED.,.F.,.F.,(4,2,2,2,2,2,2,4),(6.56808688234049E-5,0.0682597243912615,
0.143148180823733,0.211951937940131,0.304722397994545,0.341395627753078,
0.356468067367787,0.370479769124758),.UNSPECIFIED.);
#1027=B_SPLINE_CURVE_WITH_KNOTS('',3,(#5096,#5097,#5098,#5099,#5100,#5101,
#5102,#5103,#5104,#5105,#5106,#5107,#5108,#5109,#5110,#5111,#5112,#5113,
#5114,#5115,#5116,#5117,#5118,#5119,#5120,#5121,#5122,#5123,#5124,#5125,
#5126),.UNSPECIFIED.,.F.,.F.,(4,3,3,3,3,3,3,3,3,3,4),(0.,0.0109442620321065,
0.0131917728438414,0.0220669876033902,0.0286568890178522,0.0386427250521455,
0.0493447577081401,0.0531486694793611,0.0665013435630837,0.080541937629511,
0.0894990497337705),.UNSPECIFIED.);
#1028=B_SPLINE_CURVE_WITH_KNOTS('',3,(#5128,#5129,#5130,#5131,#5132,#5133,
#5134,#5135,#5136),.UNSPECIFIED.,.F.,.F.,(4,3,2,4),(-0.158447459453215,
0.,0.379907795876921,0.416775117617193),.UNSPECIFIED.);
#1029=B_SPLINE_CURVE_WITH_KNOTS('',3,(#5138,#5139,#5140,#5141,#5142,#5143),
 .UNSPECIFIED.,.F.,.F.,(4,2,4),(-0.254337625881302,-0.201359538606096,-0.164759420412871),
 .UNSPECIFIED.);
#1030=B_SPLINE_CURVE_WITH_KNOTS('',3,(#5145,#5146,#5147,#5148,#5149,#5150,
#5151,#5152),.UNSPECIFIED.,.F.,.F.,(4,2,2,4),(-0.631254388237381,-0.478462416278785,
-0.314955279349233,-0.0909655307581617),.UNSPECIFIED.);
#1031=B_SPLINE_CURVE_WITH_KNOTS('',3,(#5267,#5268,#5269,#5270,#5271,#5272,
#5273,#5274,#5275,#5276,#5277,#5278,#5279,#5280,#5281,#5282,#5283,#5284,
#5285,#5286,#5287,#5288,#5289,#5290,#5291,#5292,#5293,#5294,#5295,#5296,
#5297),.UNSPECIFIED.,.F.,.F.,(4,3,3,3,3,3,3,3,3,3,4),(0.,0.0109442620335586,
0.0131917728438414,0.0220669876033245,0.0286568890178522,0.0386427250520896,
0.0493447577080382,0.0531486694793611,0.0665013435630974,0.0805419376295089,
0.0894990497264776),.UNSPECIFIED.);
#1032=B_SPLINE_CURVE_WITH_KNOTS('',3,(#5299,#5300,#5301,#5302,#5303,#5304,
#5305,#5306,#5307),.UNSPECIFIED.,.F.,.F.,(4,3,2,4),(-0.0133151460846899,
0.,0.279741760674959,0.559294717289743),.UNSPECIFIED.);
#1033=B_SPLINE_CURVE_WITH_KNOTS('',3,(#5309,#5310,#5311,#5312,#5313,#5314),
 .UNSPECIFIED.,.F.,.F.,(4,2,4),(-0.114205918460423,-0.0965070882705554,
-0.0192548293235074),.UNSPECIFIED.);
#1034=B_SPLINE_CURVE_WITH_KNOTS('',3,(#5316,#5317,#5318,#5319,#5320,#5321,
#5322,#5323),.UNSPECIFIED.,.F.,.F.,(4,2,2,4),(-0.63125432904329,-0.478462414503299,
-0.314955151680204,-0.090965468712857),.UNSPECIFIED.);
#1035=B_SPLINE_CURVE_WITH_KNOTS('',3,(#5438,#5439,#5440,#5441,#5442,#5443,
#5444,#5445,#5446,#5447,#5448,#5449,#5450,#5451,#5452,#5453,#5454,#5455,
#5456,#5457,#5458,#5459,#5460,#5461,#5462,#5463,#5464,#5465,#5466,#5467,
#5468),.UNSPECIFIED.,.F.,.F.,(4,3,3,3,3,3,3,3,3,3,4),(0.,0.0109442620338203,
0.0131917728438414,0.0220669876032686,0.0286568890178522,0.0386427250520926,
0.0493447577080715,0.0531486694793611,0.0665013435630752,0.0805419376294985,
0.0894990497214598),.UNSPECIFIED.);
#1036=B_SPLINE_CURVE_WITH_KNOTS('',3,(#5470,#5471,#5472,#5473,#5474,#5475,
#5476,#5477,#5478),.UNSPECIFIED.,.F.,.F.,(4,3,2,4),(-0.0133151427576201,
0.,0.279741760674959,0.559294717289736),.UNSPECIFIED.);
#1037=B_SPLINE_CURVE_WITH_KNOTS('',3,(#5480,#5481,#5482,#5483,#5484,#5485),
 .UNSPECIFIED.,.F.,.F.,(4,2,4),(-0.247787028633093,-0.178107925099807,-0.163712656330476),
 .UNSPECIFIED.);
#1038=B_SPLINE_CURVE_WITH_KNOTS('',3,(#5487,#5488,#5489,#5490,#5491,#5492,
#5493,#5494),.UNSPECIFIED.,.F.,.F.,(4,2,2,4),(-0.631254312881027,-0.478462413357208,
-0.31495506384734,-0.0909654260276635),.UNSPECIFIED.);
#1039=B_SPLINE_CURVE_WITH_KNOTS('',3,(#5609,#5610,#5611,#5612,#5613,#5614,
#5615,#5616,#5617,#5618,#5619,#5620,#5621,#5622,#5623,#5624,#5625,#5626,
#5627,#5628,#5629,#5630,#5631,#5632,#5633,#5634,#5635,#5636,#5637,#5638,
#5639),.UNSPECIFIED.,.F.,.F.,(4,3,3,3,3,3,3,3,3,3,4),(0.,0.0109442620377879,
0.0131917728438414,0.0220669876033297,0.0286568890178522,0.0386427250521048,
0.0493447577080699,0.0531486694793611,0.0665013435629936,0.0805419376294369,
0.0894990497217642),.UNSPECIFIED.);
#1040=B_SPLINE_CURVE_WITH_KNOTS('',3,(#5641,#5642,#5643,#5644,#5645,#5646,
#5647,#5648,#5649,#5650),.UNSPECIFIED.,.F.,.F.,(4,3,3,4),(0.15835954874025,
0.477179915378863,0.654086312938733,0.700772961090327),.UNSPECIFIED.);
#1041=B_SPLINE_CURVE_WITH_KNOTS('',3,(#5652,#5653,#5654,#5655,#5656,#5657),
 .UNSPECIFIED.,.F.,.F.,(4,2,4),(-0.696407671655021,-0.64603670975801,-0.624260358633996),
 .UNSPECIFIED.);
#1042=B_SPLINE_CURVE_WITH_KNOTS('',3,(#5659,#5660,#5661,#5662,#5663,#5664,
#5665,#5666),.UNSPECIFIED.,.F.,.F.,(4,2,2,4),(-0.631254290803391,-0.478462413355895,
-0.314955069185666,-0.0909654286219878),.UNSPECIFIED.);
#1043=B_SPLINE_CURVE_WITH_KNOTS('',3,(#5781,#5782,#5783,#5784,#5785,#5786,
#5787,#5788,#5789,#5790,#5791,#5792,#5793,#5794,#5795,#5796,#5797,#5798,
#5799,#5800,#5801,#5802,#5803,#5804,#5805,#5806,#5807,#5808,#5809,#5810,
#5811),.UNSPECIFIED.,.F.,.F.,(4,3,3,3,3,3,3,3,3,3,4),(0.,0.0109442620350585,
0.0131917728438414,0.0220669876037633,0.0286568890178522,0.0386427250520971,
0.0493447577081539,0.0531486694793611,0.0665013435632809,0.08054193762976,
0.0894990497267756),.UNSPECIFIED.);
#1044=B_SPLINE_CURVE_WITH_KNOTS('',3,(#5813,#5814,#5815,#5816,#5817,#5818,
#5819,#5820,#5821),.UNSPECIFIED.,.F.,.F.,(4,3,2,4),(-0.0133151443346887,
0.,0.279741760405993,0.55929471702079),.UNSPECIFIED.);
#1045=B_SPLINE_CURVE_WITH_KNOTS('',3,(#5823,#5824,#5825,#5826,#5827,#5828),
 .UNSPECIFIED.,.F.,.F.,(4,2,4),(-0.659466276866837,-0.606912323275771,-0.55594632270501),
 .UNSPECIFIED.);
#1046=B_SPLINE_CURVE_WITH_KNOTS('',3,(#5830,#5831,#5832,#5833,#5834,#5835,
#5836,#5837),.UNSPECIFIED.,.F.,.F.,(4,2,2,4),(-0.631254355790698,-0.478462414650902,
-0.314955156910537,-0.0909654712547107),.UNSPECIFIED.);
#1047=B_SPLINE_CURVE_WITH_KNOTS('',3,(#5909,#5910,#5911,#5912),
 .UNSPECIFIED.,.F.,.F.,(4,4),(4.67787315102918E-9,0.02178793193261),
 .UNSPECIFIED.);
#1048=B_SPLINE_CURVE_WITH_KNOTS('',3,(#5983,#5984,#5985,#5986),
 .UNSPECIFIED.,.F.,.F.,(4,4),(4.68290795529105E-9,0.0217879319326103),
 .UNSPECIFIED.);
#1049=B_SPLINE_CURVE_WITH_KNOTS('',3,(#6057,#6058,#6059,#6060),
 .UNSPECIFIED.,.F.,.F.,(4,4),(4.68260194775581E-9,0.0217879319326048),
 .UNSPECIFIED.);
#1050=B_SPLINE_CURVE_WITH_KNOTS('',3,(#6131,#6132,#6133,#6134),
 .UNSPECIFIED.,.F.,.F.,(4,4),(4.67757293215392E-9,0.0217879319326133),
 .UNSPECIFIED.);
#1051=B_SPLINE_CURVE_WITH_KNOTS('',3,(#6207,#6208,#6209,#6210),
 .UNSPECIFIED.,.F.,.F.,(4,4),(4.67055377889021E-9,0.0217879319326002),
 .UNSPECIFIED.);
#1052=B_SPLINE_CURVE_WITH_KNOTS('',3,(#6322,#6323,#6324,#6325,#6326,#6327,
#6328,#6329),.UNSPECIFIED.,.F.,.F.,(4,2,2,4),(-0.414881241979705,-0.359653252717203,
-0.257046603586168,-0.0693344542491481),.UNSPECIFIED.);
#1053=B_SPLINE_CURVE_WITH_KNOTS('',3,(#6331,#6332,#6333,#6334,#6335,#6336),
 .UNSPECIFIED.,.F.,.F.,(4,2,4),(-0.445067488909939,-0.414734222289849,-0.402686556260921),
 .UNSPECIFIED.);
#1054=B_SPLINE_CURVE_WITH_KNOTS('',3,(#6338,#6339,#6340,#6341,#6342,#6343,
#6344,#6345,#6346),.UNSPECIFIED.,.F.,.F.,(4,2,3,4),(2.52778087272306E-5,
0.284448310638681,0.569001357885583,0.582319631814218),.UNSPECIFIED.);
#1055=B_SPLINE_CURVE_WITH_KNOTS('',3,(#6347,#6348,#6349,#6350,#6351,#6352,
#6353,#6354,#6355,#6356,#6357,#6358,#6359,#6360,#6361,#6362,#6363,#6364,
#6365,#6366,#6367,#6368,#6369,#6370,#6371,#6372,#6373,#6374),
 .UNSPECIFIED.,.F.,.F.,(4,3,3,3,3,3,3,3,3,4),(0.,0.0139793398772324,0.0272397148476426,
0.0374515161658641,0.0517124722160156,0.0657963856984869,0.0682867401661382,
0.0796437202483618,0.0838901185000525,0.0985060621988039),.UNSPECIFIED.);
#1056=B_SPLINE_CURVE_WITH_KNOTS('',3,(#6392,#6393,#6394,#6395),
 .UNSPECIFIED.,.F.,.F.,(4,4),(-0.0911387226610078,-0.0639584709527019),
 .UNSPECIFIED.);
#1057=B_SPLINE_CURVE_WITH_KNOTS('',3,(#6397,#6398,#6399,#6400),
 .UNSPECIFIED.,.F.,.F.,(4,4),(-0.0911387226610553,-0.0639584945564852),
 .UNSPECIFIED.);
#1058=B_SPLINE_CURVE_WITH_KNOTS('',3,(#6402,#6403,#6404,#6405),
 .UNSPECIFIED.,.F.,.F.,(4,4),(-0.0911387226610519,-0.0639584942455088),
 .UNSPECIFIED.);
#1059=B_SPLINE_CURVE_WITH_KNOTS('',3,(#6407,#6408,#6409,#6410),
 .UNSPECIFIED.,.F.,.F.,(4,4),(-0.0911387226610245,-0.0639584708723816),
 .UNSPECIFIED.);
#1060=B_SPLINE_CURVE_WITH_KNOTS('',3,(#6428,#6429,#6430,#6431),
 .UNSPECIFIED.,.F.,.F.,(4,4),(-0.0735295701703356,-0.0534887791342793),
 .UNSPECIFIED.);
#1061=B_SPLINE_CURVE_WITH_KNOTS('',3,(#6498,#6499,#6500,#6501),
 .UNSPECIFIED.,.F.,.F.,(4,4),(-0.0735295701703664,-0.0534887791342893),
 .UNSPECIFIED.);
#1062=B_SPLINE_CURVE_WITH_KNOTS('',3,(#6568,#6569,#6570,#6571),
 .UNSPECIFIED.,.F.,.F.,(4,4),(-0.0735295701703825,-0.0534887791342921),
 .UNSPECIFIED.);
#1063=B_SPLINE_CURVE_WITH_KNOTS('',3,(#6638,#6639,#6640,#6641),
 .UNSPECIFIED.,.F.,.F.,(4,4),(-0.0735295701703643,-0.053488779134286),
 .UNSPECIFIED.);
#1064=B_SPLINE_CURVE_WITH_KNOTS('',3,(#6693,#6694,#6695,#6696),
 .UNSPECIFIED.,.F.,.F.,(4,4),(-0.0911387226610589,-0.063958475744946),
 .UNSPECIFIED.);
#1065=B_SPLINE_CURVE_WITH_KNOTS('',3,(#6713,#6714,#6715,#6716),
 .UNSPECIFIED.,.F.,.F.,(4,4),(-0.0735295701703469,-0.0534887791342684),
 .UNSPECIFIED.);
#1066=B_SPLINE_CURVE_WITH_KNOTS('',3,(#6943,#6944,#6945,#6946,#6947,#6948),
 .UNSPECIFIED.,.F.,.F.,(4,2,4),(1.61363441227503,1.66669244381565,1.7208651331997),
 .UNSPECIFIED.);
#1067=B_SPLINE_CURVE_WITH_KNOTS('',3,(#6951,#6952,#6953,#6954,#6955,#6956),
 .UNSPECIFIED.,.F.,.F.,(4,2,4),(1.47004764405603,1.52422033344007,1.5772783649807),
 .UNSPECIFIED.);
#1068=B_SPLINE_CURVE_WITH_KNOTS('',3,(#6960,#6961,#6962,#6963,#6964,#6965),
 .UNSPECIFIED.,.F.,.F.,(4,2,4),(1.61363441227503,1.66669244381565,1.7208651331997),
 .UNSPECIFIED.);
#1069=B_SPLINE_CURVE_WITH_KNOTS('',3,(#6969,#6970,#6971,#6972,#6973,#6974),
 .UNSPECIFIED.,.F.,.F.,(4,2,4),(1.47004764405602,1.52422033344007,1.57727836498069),
 .UNSPECIFIED.);
#1070=B_SPLINE_CURVE_WITH_KNOTS('',3,(#6982,#6983,#6984,#6985,#6986,#6987),
 .UNSPECIFIED.,.F.,.F.,(4,2,4),(1.61363441227502,1.66669244381565,1.72086513319969),
 .UNSPECIFIED.);
#1071=B_SPLINE_CURVE_WITH_KNOTS('',3,(#6991,#6992,#6993,#6994,#6995,#6996),
 .UNSPECIFIED.,.F.,.F.,(4,2,4),(1.47004764405603,1.52422033344008,1.5772783649807),
 .UNSPECIFIED.);
#1072=VERTEX_POINT('',#3899);
#1073=VERTEX_POINT('',#3900);
#1074=VERTEX_POINT('',#3917);
#1075=VERTEX_POINT('',#3922);
#1076=VERTEX_POINT('',#4051);
#1077=VERTEX_POINT('',#4056);
#1078=VERTEX_POINT('',#4065);
#1079=VERTEX_POINT('',#4072);
#1080=VERTEX_POINT('',#4082);
#1081=VERTEX_POINT('',#4113);
#1082=VERTEX_POINT('',#4120);
#1083=VERTEX_POINT('',#4127);
#1084=VERTEX_POINT('',#4129);
#1085=VERTEX_POINT('',#4137);
#1086=VERTEX_POINT('',#4142);
#1087=VERTEX_POINT('',#4149);
#1088=VERTEX_POINT('',#4156);
#1089=VERTEX_POINT('',#4158);
#1090=VERTEX_POINT('',#4166);
#1091=VERTEX_POINT('',#4171);
#1092=VERTEX_POINT('',#4178);
#1093=VERTEX_POINT('',#4185);
#1094=VERTEX_POINT('',#4187);
#1095=VERTEX_POINT('',#4195);
#1096=VERTEX_POINT('',#4200);
#1097=VERTEX_POINT('',#4207);
#1098=VERTEX_POINT('',#4214);
#1099=VERTEX_POINT('',#4216);
#1100=VERTEX_POINT('',#4221);
#1101=VERTEX_POINT('',#4226);
#1102=VERTEX_POINT('',#4233);
#1103=VERTEX_POINT('',#4241);
#1104=VERTEX_POINT('',#4267);
#1105=VERTEX_POINT('',#4284);
#1106=VERTEX_POINT('',#4413);
#1107=VERTEX_POINT('',#4422);
#1108=VERTEX_POINT('',#4429);
#1109=VERTEX_POINT('',#4439);
#1110=VERTEX_POINT('',#4493);
#1111=VERTEX_POINT('',#4510);
#1112=VERTEX_POINT('',#4639);
#1113=VERTEX_POINT('',#4648);
#1114=VERTEX_POINT('',#4657);
#1115=VERTEX_POINT('',#4668);
#1116=VERTEX_POINT('',#4722);
#1117=VERTEX_POINT('',#4739);
#1118=VERTEX_POINT('',#4868);
#1119=VERTEX_POINT('',#4877);
#1120=VERTEX_POINT('',#4884);
#1121=VERTEX_POINT('',#4893);
#1122=VERTEX_POINT('',#4947);
#1123=VERTEX_POINT('',#4962);
#1124=VERTEX_POINT('',#5093);
#1125=VERTEX_POINT('',#5095);
#1126=VERTEX_POINT('',#5127);
#1127=VERTEX_POINT('',#5137);
#1128=VERTEX_POINT('',#5144);
#1129=VERTEX_POINT('',#5264);
#1130=VERTEX_POINT('',#5266);
#1131=VERTEX_POINT('',#5298);
#1132=VERTEX_POINT('',#5308);
#1133=VERTEX_POINT('',#5315);
#1134=VERTEX_POINT('',#5435);
#1135=VERTEX_POINT('',#5437);
#1136=VERTEX_POINT('',#5469);
#1137=VERTEX_POINT('',#5479);
#1138=VERTEX_POINT('',#5486);
#1139=VERTEX_POINT('',#5606);
#1140=VERTEX_POINT('',#5608);
#1141=VERTEX_POINT('',#5640);
#1142=VERTEX_POINT('',#5651);
#1143=VERTEX_POINT('',#5658);
#1144=VERTEX_POINT('',#5778);
#1145=VERTEX_POINT('',#5780);
#1146=VERTEX_POINT('',#5812);
#1147=VERTEX_POINT('',#5822);
#1148=VERTEX_POINT('',#5829);
#1149=VERTEX_POINT('',#6205);
#1150=VERTEX_POINT('',#6321);
#1151=VERTEX_POINT('',#6330);
#1152=VERTEX_POINT('',#6337);
#1153=VERTEX_POINT('',#6379);
#1154=VERTEX_POINT('',#6381);
#1155=VERTEX_POINT('',#6719);
#1156=VERTEX_POINT('',#6720);
#1157=VERTEX_POINT('',#6723);
#1158=VERTEX_POINT('',#6779);
#1159=VERTEX_POINT('',#6780);
#1160=VERTEX_POINT('',#6782);
#1161=VERTEX_POINT('',#6784);
#1162=VERTEX_POINT('',#6788);
#1163=VERTEX_POINT('',#6789);
#1164=VERTEX_POINT('',#6794);
#1165=VERTEX_POINT('',#6796);
#1166=VERTEX_POINT('',#6800);
#1167=VERTEX_POINT('',#6802);
#1168=VERTEX_POINT('',#6806);
#1169=VERTEX_POINT('',#6807);
#1170=VERTEX_POINT('',#6809);
#1171=VERTEX_POINT('',#6814);
#1172=VERTEX_POINT('',#6816);
#1173=VERTEX_POINT('',#6820);
#1174=VERTEX_POINT('',#6821);
#1175=VERTEX_POINT('',#6829);
#1176=VERTEX_POINT('',#6831);
#1177=VERTEX_POINT('',#6835);
#1178=VERTEX_POINT('',#6839);
#1179=VERTEX_POINT('',#6843);
#1180=VERTEX_POINT('',#6847);
#1181=VERTEX_POINT('',#6848);
#1182=VERTEX_POINT('',#6850);
#1183=VERTEX_POINT('',#6852);
#1184=VERTEX_POINT('',#6854);
#1185=VERTEX_POINT('',#6856);
#1186=VERTEX_POINT('',#6858);
#1187=VERTEX_POINT('',#6860);
#1188=VERTEX_POINT('',#6863);
#1189=VERTEX_POINT('',#6864);
#1190=VERTEX_POINT('',#6866);
#1191=VERTEX_POINT('',#6868);
#1192=VERTEX_POINT('',#6870);
#1193=VERTEX_POINT('',#6872);
#1194=VERTEX_POINT('',#6874);
#1195=VERTEX_POINT('',#6876);
#1196=VERTEX_POINT('',#6879);
#1197=VERTEX_POINT('',#6881);
#1198=VERTEX_POINT('',#6883);
#1199=VERTEX_POINT('',#6885);
#1200=VERTEX_POINT('',#6887);
#1201=VERTEX_POINT('',#6888);
#1202=VERTEX_POINT('',#6890);
#1203=VERTEX_POINT('',#6892);
#1204=VERTEX_POINT('',#6894);
#1205=VERTEX_POINT('',#6896);
#1206=VERTEX_POINT('',#6898);
#1207=VERTEX_POINT('',#6900);
#1208=VERTEX_POINT('',#6904);
#1209=VERTEX_POINT('',#6906);
#1210=VERTEX_POINT('',#6910);
#1211=VERTEX_POINT('',#6914);
#1212=VERTEX_POINT('',#6918);
#1213=VERTEX_POINT('',#6922);
#1214=VERTEX_POINT('',#6926);
#1215=VERTEX_POINT('',#6930);
#1216=VERTEX_POINT('',#6936);
#1217=VERTEX_POINT('',#6938);
#1218=VERTEX_POINT('',#6942);
#1219=VERTEX_POINT('',#6949);
#1220=VERTEX_POINT('',#6957);
#1221=VERTEX_POINT('',#6959);
#1222=VERTEX_POINT('',#6966);
#1223=VERTEX_POINT('',#6968);
#1224=VERTEX_POINT('',#6975);
#1225=VERTEX_POINT('',#6977);
#1226=VERTEX_POINT('',#6979);
#1227=VERTEX_POINT('',#6981);
#1228=VERTEX_POINT('',#6988);
#1229=VERTEX_POINT('',#6990);
#1230=VERTEX_POINT('',#6998);
#1231=VERTEX_POINT('',#7002);
#1232=VERTEX_POINT('',#7006);
#1233=VERTEX_POINT('',#7010);
#1234=VERTEX_POINT('',#7012);
#1235=VERTEX_POINT('',#7016);
#1236=VERTEX_POINT('',#7020);
#1237=VERTEX_POINT('',#7024);
#1238=VERTEX_POINT('',#7028);
#1239=VERTEX_POINT('',#7039);
#1240=VERTEX_POINT('',#7041);
#1241=VERTEX_POINT('',#7045);
#1242=VERTEX_POINT('',#7049);
#1243=VERTEX_POINT('',#7053);
#1244=VERTEX_POINT('',#7057);
#1245=VERTEX_POINT('',#7059);
#1246=VERTEX_POINT('',#7061);
#1247=VERTEX_POINT('',#7063);
#1248=VERTEX_POINT('',#7065);
#1249=VERTEX_POINT('',#7067);
#1250=VERTEX_POINT('',#7070);
#1251=VERTEX_POINT('',#7072);
#1252=VERTEX_POINT('',#7074);
#1253=VERTEX_POINT('',#7076);
#1254=VERTEX_POINT('',#7078);
#1255=VERTEX_POINT('',#7080);
#1256=VERTEX_POINT('',#7083);
#1257=VERTEX_POINT('',#7085);
#1258=VERTEX_POINT('',#7087);
#1259=VERTEX_POINT('',#7089);
#1260=VERTEX_POINT('',#7091);
#1261=VERTEX_POINT('',#7093);
#1262=VERTEX_POINT('',#7106);
#1263=VERTEX_POINT('',#7110);
#1264=VERTEX_POINT('',#7116);
#1265=VERTEX_POINT('',#7120);
#1266=VERTEX_POINT('',#7124);
#1267=VERTEX_POINT('',#7157);
#1268=VERTEX_POINT('',#7168);
#1269=VERTEX_POINT('',#7169);
#1270=VERTEX_POINT('',#7171);
#1271=VERTEX_POINT('',#7173);
#1272=VERTEX_POINT('',#7175);
#1273=VERTEX_POINT('',#7177);
#1274=VERTEX_POINT('',#7179);
#1275=VERTEX_POINT('',#7181);
#1276=VERTEX_POINT('',#7184);
#1277=VERTEX_POINT('',#7186);
#1278=VERTEX_POINT('',#7188);
#1279=VERTEX_POINT('',#7190);
#1280=VERTEX_POINT('',#7193);
#1281=VERTEX_POINT('',#7194);
#1282=VERTEX_POINT('',#7196);
#1283=VERTEX_POINT('',#7198);
#1284=VERTEX_POINT('',#7202);
#1285=VERTEX_POINT('',#7204);
#1286=VERTEX_POINT('',#7206);
#1287=VERTEX_POINT('',#7208);
#1288=VERTEX_POINT('',#7210);
#1289=VERTEX_POINT('',#7212);
#1290=VERTEX_POINT('',#7216);
#1291=VERTEX_POINT('',#7220);
#1292=VERTEX_POINT('',#7224);
#1293=VERTEX_POINT('',#7226);
#1294=VERTEX_POINT('',#7228);
#1295=VERTEX_POINT('',#7230);
#1296=VERTEX_POINT('',#7234);
#1297=VERTEX_POINT('',#7235);
#1298=VERTEX_POINT('',#7237);
#1299=VERTEX_POINT('',#7239);
#1300=VERTEX_POINT('',#7243);
#1301=VERTEX_POINT('',#7245);
#1302=VERTEX_POINT('',#7247);
#1303=VERTEX_POINT('',#7249);
#1304=VERTEX_POINT('',#7251);
#1305=VERTEX_POINT('',#7256);
#1306=VERTEX_POINT('',#7260);
#1307=VERTEX_POINT('',#7265);
#1308=VERTEX_POINT('',#7267);
#1309=VERTEX_POINT('',#7269);
#1310=VERTEX_POINT('',#7273);
#1311=VERTEX_POINT('',#7274);
#1312=VERTEX_POINT('',#7276);
#1313=VERTEX_POINT('',#7278);
#1314=VERTEX_POINT('',#7282);
#1315=VERTEX_POINT('',#7284);
#1316=VERTEX_POINT('',#7286);
#1317=VERTEX_POINT('',#7288);
#1318=VERTEX_POINT('',#7290);
#1319=VERTEX_POINT('',#7295);
#1320=VERTEX_POINT('',#7299);
#1321=VERTEX_POINT('',#7303);
#1322=VERTEX_POINT('',#7305);
#1323=VERTEX_POINT('',#7307);
#1324=VERTEX_POINT('',#7311);
#1325=VERTEX_POINT('',#7313);
#1326=VERTEX_POINT('',#7317);
#1327=VERTEX_POINT('',#7319);
#1328=VERTEX_POINT('',#7322);
#1329=VERTEX_POINT('',#7324);
#1330=VERTEX_POINT('',#7328);
#1331=VERTEX_POINT('',#7332);
#1332=VERTEX_POINT('',#7359);
#1333=VERTEX_POINT('',#7360);
#1334=VERTEX_POINT('',#7369);
#1335=VERTEX_POINT('',#7374);
#1336=EDGE_CURVE('',#1072,#1073,#976,.T.);
#1337=EDGE_CURVE('',#1073,#1074,#977,.T.);
#1338=EDGE_CURVE('',#1074,#1075,#978,.T.);
#1339=EDGE_CURVE('',#1075,#1072,#979,.T.);
#1340=EDGE_CURVE('',#1074,#1076,#980,.F.);
#1341=EDGE_CURVE('',#1077,#1076,#981,.T.);
#1342=EDGE_CURVE('',#1077,#1078,#982,.T.);
#1343=EDGE_CURVE('',#1079,#1078,#983,.T.);
#1344=EDGE_CURVE('',#1080,#1079,#984,.T.);
#1345=EDGE_CURVE('',#1080,#1075,#628,.T.);
#1346=EDGE_CURVE('',#1081,#1073,#985,.F.);
#1347=EDGE_CURVE('',#1082,#1081,#986,.F.);
#1348=EDGE_CURVE('',#1083,#1082,#425,.F.);
#1349=EDGE_CURVE('',#1084,#1083,#987,.F.);
#1350=EDGE_CURVE('',#1085,#1084,#988,.T.);
#1351=EDGE_CURVE('',#1086,#1085,#989,.F.);
#1352=EDGE_CURVE('',#1087,#1086,#990,.F.);
#1353=EDGE_CURVE('',#1088,#1087,#426,.F.);
#1354=EDGE_CURVE('',#1089,#1088,#991,.F.);
#1355=EDGE_CURVE('',#1090,#1089,#992,.T.);
#1356=EDGE_CURVE('',#1091,#1090,#993,.F.);
#1357=EDGE_CURVE('',#1092,#1091,#994,.F.);
#1358=EDGE_CURVE('',#1093,#1092,#427,.F.);
#1359=EDGE_CURVE('',#1094,#1093,#995,.F.);
#1360=EDGE_CURVE('',#1095,#1094,#996,.T.);
#1361=EDGE_CURVE('',#1096,#1095,#997,.F.);
#1362=EDGE_CURVE('',#1097,#1096,#998,.F.);
#1363=EDGE_CURVE('',#1098,#1097,#428,.F.);
#1364=EDGE_CURVE('',#1099,#1098,#999,.F.);
#1365=EDGE_CURVE('',#1100,#1099,#1000,.T.);
#1366=EDGE_CURVE('',#1101,#1100,#1001,.F.);
#1367=EDGE_CURVE('',#1102,#1101,#1002,.F.);
#1368=EDGE_CURVE('',#1076,#1102,#429,.F.);
#1369=EDGE_CURVE('',#1103,#1103,#430,.T.);
#1370=EDGE_CURVE('',#1104,#1100,#1003,.T.);
#1371=EDGE_CURVE('',#1099,#1105,#1004,.T.);
#1372=EDGE_CURVE('',#1105,#1104,#1005,.T.);
#1373=EDGE_CURVE('',#1106,#1098,#1006,.T.);
#1374=EDGE_CURVE('',#1106,#1107,#1007,.T.);
#1375=EDGE_CURVE('',#1108,#1107,#1008,.T.);
#1376=EDGE_CURVE('',#1109,#1108,#1009,.T.);
#1377=EDGE_CURVE('',#1109,#1105,#629,.T.);
#1378=EDGE_CURVE('',#1110,#1095,#1010,.T.);
#1379=EDGE_CURVE('',#1094,#1111,#1011,.T.);
#1380=EDGE_CURVE('',#1111,#1110,#1012,.T.);
#1381=EDGE_CURVE('',#1112,#1093,#1013,.T.);
#1382=EDGE_CURVE('',#1112,#1113,#1014,.T.);
#1383=EDGE_CURVE('',#1114,#1113,#1015,.T.);
#1384=EDGE_CURVE('',#1115,#1114,#1016,.T.);
#1385=EDGE_CURVE('',#1115,#1111,#630,.T.);
#1386=EDGE_CURVE('',#1116,#1090,#1017,.T.);
#1387=EDGE_CURVE('',#1089,#1117,#1018,.T.);
#1388=EDGE_CURVE('',#1117,#1116,#1019,.T.);
#1389=EDGE_CURVE('',#1118,#1088,#1020,.T.);
#1390=EDGE_CURVE('',#1118,#1119,#1021,.T.);
#1391=EDGE_CURVE('',#1120,#1119,#1022,.T.);
#1392=EDGE_CURVE('',#1121,#1120,#1023,.T.);
#1393=EDGE_CURVE('',#1121,#1117,#631,.T.);
#1394=EDGE_CURVE('',#1084,#1122,#1024,.T.);
#1395=EDGE_CURVE('',#1122,#1123,#1025,.T.);
#1396=EDGE_CURVE('',#1123,#1085,#1026,.T.);
#1397=EDGE_CURVE('',#1124,#1123,#632,.T.);
#1398=EDGE_CURVE('',#1125,#1124,#1027,.T.);
#1399=EDGE_CURVE('',#1125,#1126,#1028,.T.);
#1400=EDGE_CURVE('',#1126,#1127,#1029,.T.);
#1401=EDGE_CURVE('',#1128,#1127,#1030,.T.);
#1402=EDGE_CURVE('',#1128,#1086,#633,.T.);
#1403=EDGE_CURVE('',#1129,#1072,#634,.T.);
#1404=EDGE_CURVE('',#1130,#1129,#1031,.T.);
#1405=EDGE_CURVE('',#1131,#1130,#1032,.T.);
#1406=EDGE_CURVE('',#1131,#1132,#1033,.T.);
#1407=EDGE_CURVE('',#1133,#1132,#1034,.T.);
#1408=EDGE_CURVE('',#1133,#1081,#635,.T.);
#1409=EDGE_CURVE('',#1134,#1104,#636,.T.);
#1410=EDGE_CURVE('',#1135,#1134,#1035,.T.);
#1411=EDGE_CURVE('',#1136,#1135,#1036,.T.);
#1412=EDGE_CURVE('',#1136,#1137,#1037,.T.);
#1413=EDGE_CURVE('',#1138,#1137,#1038,.T.);
#1414=EDGE_CURVE('',#1138,#1101,#637,.T.);
#1415=EDGE_CURVE('',#1139,#1110,#638,.T.);
#1416=EDGE_CURVE('',#1140,#1139,#1039,.T.);
#1417=EDGE_CURVE('',#1141,#1140,#1040,.F.);
#1418=EDGE_CURVE('',#1141,#1142,#1041,.T.);
#1419=EDGE_CURVE('',#1143,#1142,#1042,.T.);
#1420=EDGE_CURVE('',#1143,#1096,#639,.T.);
#1421=EDGE_CURVE('',#1144,#1116,#640,.T.);
#1422=EDGE_CURVE('',#1145,#1144,#1043,.T.);
#1423=EDGE_CURVE('',#1146,#1145,#1044,.T.);
#1424=EDGE_CURVE('',#1146,#1147,#1045,.T.);
#1425=EDGE_CURVE('',#1148,#1147,#1046,.T.);
#1426=EDGE_CURVE('',#1148,#1091,#641,.T.);
#1427=EDGE_CURVE('',#1129,#1080,#1047,.T.);
#1428=EDGE_CURVE('',#1134,#1109,#1048,.T.);
#1429=EDGE_CURVE('',#1139,#1115,#1049,.T.);
#1430=EDGE_CURVE('',#1144,#1121,#1050,.T.);
#1431=EDGE_CURVE('',#1149,#1122,#642,.T.);
#1432=EDGE_CURVE('',#1124,#1149,#1051,.T.);
#1433=EDGE_CURVE('',#1150,#1083,#1052,.T.);
#1434=EDGE_CURVE('',#1150,#1151,#1053,.T.);
#1435=EDGE_CURVE('',#1152,#1151,#1054,.T.);
#1436=EDGE_CURVE('',#1149,#1152,#1055,.T.);
#1437=EDGE_CURVE('',#1078,#1131,#431,.T.);
#1438=EDGE_CURVE('',#1077,#1137,#432,.T.);
#1439=EDGE_CURVE('',#1136,#1107,#433,.F.);
#1440=EDGE_CURVE('',#1106,#1153,#434,.T.);
#1441=EDGE_CURVE('',#1153,#1154,#435,.T.);
#1442=EDGE_CURVE('',#1154,#1154,#436,.T.);
#1443=EDGE_CURVE('',#1153,#1142,#437,.T.);
#1444=EDGE_CURVE('',#1113,#1141,#438,.T.);
#1445=EDGE_CURVE('',#1112,#1147,#439,.T.);
#1446=EDGE_CURVE('',#1119,#1146,#440,.T.);
#1447=EDGE_CURVE('',#1118,#1127,#441,.T.);
#1448=EDGE_CURVE('',#1126,#1151,#442,.F.);
#1449=EDGE_CURVE('',#1150,#1132,#443,.T.);
#1450=EDGE_CURVE('',#1097,#1143,#1056,.T.);
#1451=EDGE_CURVE('',#1102,#1138,#1057,.T.);
#1452=EDGE_CURVE('',#1092,#1148,#1058,.T.);
#1453=EDGE_CURVE('',#1082,#1133,#1059,.T.);
#1454=EDGE_CURVE('',#1120,#1145,#1060,.T.);
#1455=EDGE_CURVE('',#1114,#1140,#1061,.T.);
#1456=EDGE_CURVE('',#1108,#1135,#1062,.T.);
#1457=EDGE_CURVE('',#1079,#1130,#1063,.T.);
#1458=EDGE_CURVE('',#1087,#1128,#1064,.T.);
#1459=EDGE_CURVE('',#1152,#1125,#1065,.T.);
#1460=EDGE_CURVE('',#1155,#1156,#444,.T.);
#1461=EDGE_CURVE('',#1156,#1155,#445,.T.);
#1462=EDGE_CURVE('',#1155,#1157,#446,.T.);
#1463=EDGE_CURVE('',#1157,#1157,#447,.T.);
#1464=EDGE_CURVE('',#1103,#1156,#56,.T.);
#1465=EDGE_CURVE('',#1158,#1159,#57,.T.);
#1466=EDGE_CURVE('',#1159,#1160,#448,.T.);
#1467=EDGE_CURVE('',#1160,#1161,#58,.T.);
#1468=EDGE_CURVE('',#1161,#1158,#449,.T.);
#1469=EDGE_CURVE('',#1162,#1163,#59,.T.);
#1470=EDGE_CURVE('',#1163,#1159,#450,.T.);
#1471=EDGE_CURVE('',#1158,#1162,#451,.T.);
#1472=EDGE_CURVE('',#1162,#1164,#60,.T.);
#1473=EDGE_CURVE('',#1164,#1165,#61,.T.);
#1474=EDGE_CURVE('',#1165,#1163,#62,.T.);
#1475=EDGE_CURVE('',#1164,#1166,#452,.T.);
#1476=EDGE_CURVE('',#1166,#1167,#63,.T.);
#1477=EDGE_CURVE('',#1167,#1165,#453,.T.);
#1478=EDGE_CURVE('',#1168,#1169,#64,.T.);
#1479=EDGE_CURVE('',#1169,#1170,#454,.T.);
#1480=EDGE_CURVE('',#1170,#1167,#455,.T.);
#1481=EDGE_CURVE('',#1166,#1168,#456,.T.);
#1482=EDGE_CURVE('',#1168,#1171,#457,.T.);
#1483=EDGE_CURVE('',#1171,#1172,#65,.T.);
#1484=EDGE_CURVE('',#1172,#1169,#458,.T.);
#1485=EDGE_CURVE('',#1173,#1174,#66,.T.);
#1486=EDGE_CURVE('',#1174,#1172,#67,.T.);
#1487=EDGE_CURVE('',#1171,#1173,#68,.T.);
#1488=EDGE_CURVE('',#1173,#1161,#459,.T.);
#1489=EDGE_CURVE('',#1160,#1174,#460,.T.);
#1490=EDGE_CURVE('',#1172,#1175,#69,.T.);
#1491=EDGE_CURVE('',#1176,#1175,#461,.T.);
#1492=EDGE_CURVE('',#1176,#1169,#70,.T.);
#1493=EDGE_CURVE('',#1174,#1177,#71,.T.);
#1494=EDGE_CURVE('',#1175,#1177,#72,.T.);
#1495=EDGE_CURVE('',#1160,#1178,#73,.T.);
#1496=EDGE_CURVE('',#1177,#1178,#462,.T.);
#1497=EDGE_CURVE('',#1159,#1179,#74,.T.);
#1498=EDGE_CURVE('',#1178,#1179,#463,.T.);
#1499=EDGE_CURVE('',#1180,#1181,#75,.T.);
#1500=EDGE_CURVE('',#1182,#1180,#464,.T.);
#1501=EDGE_CURVE('',#1183,#1182,#76,.T.);
#1502=EDGE_CURVE('',#1184,#1183,#465,.T.);
#1503=EDGE_CURVE('',#1185,#1184,#77,.T.);
#1504=EDGE_CURVE('',#1186,#1185,#466,.T.);
#1505=EDGE_CURVE('',#1187,#1186,#78,.T.);
#1506=EDGE_CURVE('',#1181,#1187,#467,.T.);
#1507=EDGE_CURVE('',#1188,#1189,#79,.T.);
#1508=EDGE_CURVE('',#1190,#1188,#468,.T.);
#1509=EDGE_CURVE('',#1191,#1190,#469,.T.);
#1510=EDGE_CURVE('',#1192,#1191,#470,.T.);
#1511=EDGE_CURVE('',#1193,#1192,#80,.T.);
#1512=EDGE_CURVE('',#1194,#1193,#471,.T.);
#1513=EDGE_CURVE('',#1195,#1194,#472,.T.);
#1514=EDGE_CURVE('',#1189,#1195,#473,.T.);
#1515=EDGE_CURVE('',#1196,#1196,#474,.F.);
#1516=EDGE_CURVE('',#1197,#1197,#475,.F.);
#1517=EDGE_CURVE('',#1198,#1198,#476,.F.);
#1518=EDGE_CURVE('',#1199,#1199,#477,.F.);
#1519=EDGE_CURVE('',#1200,#1201,#81,.T.);
#1520=EDGE_CURVE('',#1202,#1200,#478,.T.);
#1521=EDGE_CURVE('',#1203,#1202,#479,.T.);
#1522=EDGE_CURVE('',#1204,#1203,#480,.T.);
#1523=EDGE_CURVE('',#1205,#1204,#82,.T.);
#1524=EDGE_CURVE('',#1206,#1205,#481,.T.);
#1525=EDGE_CURVE('',#1207,#1206,#482,.T.);
#1526=EDGE_CURVE('',#1201,#1207,#483,.T.);
#1527=EDGE_CURVE('',#1189,#1208,#83,.T.);
#1528=EDGE_CURVE('',#1208,#1209,#84,.T.);
#1529=EDGE_CURVE('',#1209,#1188,#85,.T.);
#1530=EDGE_CURVE('',#1195,#1210,#86,.T.);
#1531=EDGE_CURVE('',#1210,#1208,#484,.T.);
#1532=EDGE_CURVE('',#1194,#1211,#87,.T.);
#1533=EDGE_CURVE('',#1211,#1210,#485,.T.);
#1534=EDGE_CURVE('',#1193,#1212,#88,.T.);
#1535=EDGE_CURVE('',#1212,#1211,#486,.T.);
#1536=EDGE_CURVE('',#1192,#1213,#89,.T.);
#1537=EDGE_CURVE('',#1213,#1212,#90,.T.);
#1538=EDGE_CURVE('',#1191,#1214,#91,.T.);
#1539=EDGE_CURVE('',#1214,#1213,#487,.T.);
#1540=EDGE_CURVE('',#1190,#1215,#92,.T.);
#1541=EDGE_CURVE('',#1215,#1214,#488,.T.);
#1542=EDGE_CURVE('',#1209,#1215,#489,.T.);
#1543=EDGE_CURVE('',#1216,#1214,#93,.T.);
#1544=EDGE_CURVE('',#1217,#1216,#490,.T.);
#1545=EDGE_CURVE('',#1217,#1213,#94,.T.);
#1546=EDGE_CURVE('',#1218,#1176,#1066,.F.);
#1547=EDGE_CURVE('',#1218,#1219,#491,.T.);
#1548=EDGE_CURVE('',#1216,#1219,#1067,.F.);
#1549=EDGE_CURVE('',#1220,#1215,#95,.T.);
#1550=EDGE_CURVE('',#1221,#1220,#1068,.F.);
#1551=EDGE_CURVE('',#1221,#1222,#492,.T.);
#1552=EDGE_CURVE('',#1223,#1222,#1069,.F.);
#1553=EDGE_CURVE('',#1223,#1224,#96,.T.);
#1554=EDGE_CURVE('',#1225,#1224,#493,.T.);
#1555=EDGE_CURVE('',#1226,#1225,#97,.T.);
#1556=EDGE_CURVE('',#1227,#1226,#1070,.F.);
#1557=EDGE_CURVE('',#1227,#1228,#494,.T.);
#1558=EDGE_CURVE('',#1229,#1228,#1071,.F.);
#1559=EDGE_CURVE('',#1229,#1167,#98,.T.);
#1560=EDGE_CURVE('',#1170,#1230,#99,.T.);
#1561=EDGE_CURVE('',#1230,#1230,#495,.F.);
#1562=EDGE_CURVE('',#1209,#1231,#100,.T.);
#1563=EDGE_CURVE('',#1220,#1231,#496,.T.);
#1564=EDGE_CURVE('',#1208,#1232,#101,.T.);
#1565=EDGE_CURVE('',#1231,#1232,#102,.T.);
#1566=EDGE_CURVE('',#1233,#1200,#103,.T.);
#1567=EDGE_CURVE('',#1201,#1234,#104,.T.);
#1568=EDGE_CURVE('',#1234,#1233,#105,.T.);
#1569=EDGE_CURVE('',#1233,#1235,#497,.T.);
#1570=EDGE_CURVE('',#1235,#1202,#106,.T.);
#1571=EDGE_CURVE('',#1235,#1236,#498,.T.);
#1572=EDGE_CURVE('',#1236,#1203,#107,.T.);
#1573=EDGE_CURVE('',#1237,#1204,#108,.T.);
#1574=EDGE_CURVE('',#1236,#1237,#499,.T.);
#1575=EDGE_CURVE('',#1237,#1238,#109,.T.);
#1576=EDGE_CURVE('',#1238,#1205,#110,.T.);
#1577=EDGE_CURVE('',#1225,#1206,#111,.T.);
#1578=EDGE_CURVE('',#1238,#1225,#500,.T.);
#1579=EDGE_CURVE('',#1224,#1207,#112,.T.);
#1580=EDGE_CURVE('',#1224,#1234,#501,.T.);
#1581=EDGE_CURVE('',#1236,#1239,#113,.T.);
#1582=EDGE_CURVE('',#1240,#1239,#502,.T.);
#1583=EDGE_CURVE('',#1237,#1240,#114,.T.);
#1584=EDGE_CURVE('',#1235,#1241,#115,.T.);
#1585=EDGE_CURVE('',#1239,#1241,#503,.T.);
#1586=EDGE_CURVE('',#1233,#1242,#116,.T.);
#1587=EDGE_CURVE('',#1241,#1242,#504,.T.);
#1588=EDGE_CURVE('',#1243,#1234,#117,.T.);
#1589=EDGE_CURVE('',#1242,#1243,#118,.T.);
#1590=EDGE_CURVE('',#1244,#1221,#505,.T.);
#1591=EDGE_CURVE('',#1245,#1244,#119,.T.);
#1592=EDGE_CURVE('',#1246,#1245,#506,.T.);
#1593=EDGE_CURVE('',#1247,#1246,#507,.T.);
#1594=EDGE_CURVE('',#1248,#1247,#508,.T.);
#1595=EDGE_CURVE('',#1249,#1248,#120,.T.);
#1596=EDGE_CURVE('',#1219,#1249,#509,.T.);
#1597=EDGE_CURVE('',#1250,#1218,#510,.T.);
#1598=EDGE_CURVE('',#1251,#1250,#121,.T.);
#1599=EDGE_CURVE('',#1252,#1251,#511,.T.);
#1600=EDGE_CURVE('',#1253,#1252,#512,.T.);
#1601=EDGE_CURVE('',#1254,#1253,#513,.T.);
#1602=EDGE_CURVE('',#1255,#1254,#122,.T.);
#1603=EDGE_CURVE('',#1228,#1255,#514,.T.);
#1604=EDGE_CURVE('',#1256,#1227,#515,.T.);
#1605=EDGE_CURVE('',#1257,#1256,#123,.T.);
#1606=EDGE_CURVE('',#1258,#1257,#516,.T.);
#1607=EDGE_CURVE('',#1259,#1258,#517,.T.);
#1608=EDGE_CURVE('',#1260,#1259,#518,.T.);
#1609=EDGE_CURVE('',#1261,#1260,#124,.T.);
#1610=EDGE_CURVE('',#1222,#1261,#519,.T.);
#1611=EDGE_CURVE('',#1243,#1261,#125,.T.);
#1612=EDGE_CURVE('',#1243,#1223,#520,.T.);
#1613=EDGE_CURVE('',#1231,#1244,#126,.T.);
#1614=EDGE_CURVE('',#1217,#1249,#127,.T.);
#1615=EDGE_CURVE('',#1175,#1250,#128,.T.);
#1616=EDGE_CURVE('',#1262,#1255,#129,.T.);
#1617=EDGE_CURVE('',#1262,#1229,#521,.T.);
#1618=EDGE_CURVE('',#1226,#1263,#522,.T.);
#1619=EDGE_CURVE('',#1263,#1256,#130,.T.);
#1620=EDGE_CURVE('',#1232,#1245,#131,.T.);
#1621=EDGE_CURVE('',#1232,#1264,#523,.T.);
#1622=EDGE_CURVE('',#1264,#1246,#132,.T.);
#1623=EDGE_CURVE('',#1265,#1247,#133,.T.);
#1624=EDGE_CURVE('',#1264,#1265,#524,.T.);
#1625=EDGE_CURVE('',#1266,#1248,#134,.T.);
#1626=EDGE_CURVE('',#1265,#1266,#525,.T.);
#1627=EDGE_CURVE('',#1266,#1217,#135,.T.);
#1628=EDGE_CURVE('',#1212,#1266,#136,.T.);
#1629=EDGE_CURVE('',#1211,#1265,#137,.T.);
#1630=EDGE_CURVE('',#1210,#1264,#138,.T.);
#1631=EDGE_CURVE('',#1240,#1257,#139,.T.);
#1632=EDGE_CURVE('',#1263,#1240,#140,.T.);
#1633=EDGE_CURVE('',#1239,#1258,#141,.T.);
#1634=EDGE_CURVE('',#1241,#1259,#142,.T.);
#1635=EDGE_CURVE('',#1242,#1260,#143,.T.);
#1636=EDGE_CURVE('',#1238,#1263,#144,.T.);
#1637=EDGE_CURVE('',#1177,#1251,#145,.T.);
#1638=EDGE_CURVE('',#1178,#1252,#146,.T.);
#1639=EDGE_CURVE('',#1179,#1253,#147,.T.);
#1640=EDGE_CURVE('',#1267,#1254,#148,.T.);
#1641=EDGE_CURVE('',#1179,#1267,#526,.T.);
#1642=EDGE_CURVE('',#1267,#1262,#149,.T.);
#1643=EDGE_CURVE('',#1262,#1165,#150,.T.);
#1644=EDGE_CURVE('',#1163,#1267,#151,.T.);
#1645=EDGE_CURVE('',#1268,#1269,#527,.F.);
#1646=EDGE_CURVE('',#1268,#1270,#152,.T.);
#1647=EDGE_CURVE('',#1271,#1270,#528,.F.);
#1648=EDGE_CURVE('',#1271,#1272,#153,.T.);
#1649=EDGE_CURVE('',#1273,#1272,#529,.F.);
#1650=EDGE_CURVE('',#1273,#1274,#154,.T.);
#1651=EDGE_CURVE('',#1275,#1274,#530,.F.);
#1652=EDGE_CURVE('',#1275,#1269,#155,.T.);
#1653=EDGE_CURVE('',#1276,#1276,#531,.F.);
#1654=EDGE_CURVE('',#1277,#1277,#532,.F.);
#1655=EDGE_CURVE('',#1278,#1278,#533,.F.);
#1656=EDGE_CURVE('',#1279,#1279,#534,.F.);
#1657=EDGE_CURVE('',#1280,#1281,#535,.F.);
#1658=EDGE_CURVE('',#1280,#1282,#156,.T.);
#1659=EDGE_CURVE('',#1283,#1282,#536,.T.);
#1660=EDGE_CURVE('',#1283,#1281,#157,.T.);
#1661=EDGE_CURVE('',#1281,#1284,#537,.T.);
#1662=EDGE_CURVE('',#1284,#1285,#538,.F.);
#1663=EDGE_CURVE('',#1285,#1286,#539,.T.);
#1664=EDGE_CURVE('',#1286,#1287,#158,.F.);
#1665=EDGE_CURVE('',#1288,#1287,#540,.T.);
#1666=EDGE_CURVE('',#1288,#1289,#159,.F.);
#1667=EDGE_CURVE('',#1289,#1280,#541,.T.);
#1668=EDGE_CURVE('',#1290,#1283,#542,.F.);
#1669=EDGE_CURVE('',#1284,#1290,#160,.T.);
#1670=EDGE_CURVE('',#1291,#1290,#543,.T.);
#1671=EDGE_CURVE('',#1291,#1285,#161,.T.);
#1672=EDGE_CURVE('',#1282,#1292,#544,.F.);
#1673=EDGE_CURVE('',#1292,#1293,#162,.T.);
#1674=EDGE_CURVE('',#1294,#1293,#545,.F.);
#1675=EDGE_CURVE('',#1294,#1295,#163,.T.);
#1676=EDGE_CURVE('',#1295,#1291,#546,.F.);
#1677=EDGE_CURVE('',#1296,#1297,#547,.F.);
#1678=EDGE_CURVE('',#1296,#1298,#164,.T.);
#1679=EDGE_CURVE('',#1299,#1298,#548,.T.);
#1680=EDGE_CURVE('',#1299,#1297,#165,.T.);
#1681=EDGE_CURVE('',#1297,#1300,#549,.T.);
#1682=EDGE_CURVE('',#1300,#1301,#550,.F.);
#1683=EDGE_CURVE('',#1301,#1302,#551,.T.);
#1684=EDGE_CURVE('',#1302,#1303,#166,.F.);
#1685=EDGE_CURVE('',#1304,#1303,#552,.T.);
#1686=EDGE_CURVE('',#1304,#1286,#167,.F.);
#1687=EDGE_CURVE('',#1286,#1296,#553,.T.);
#1688=EDGE_CURVE('',#1305,#1299,#554,.F.);
#1689=EDGE_CURVE('',#1300,#1305,#168,.T.);
#1690=EDGE_CURVE('',#1306,#1305,#555,.T.);
#1691=EDGE_CURVE('',#1306,#1301,#169,.T.);
#1692=EDGE_CURVE('',#1298,#1295,#556,.F.);
#1693=EDGE_CURVE('',#1295,#1307,#170,.T.);
#1694=EDGE_CURVE('',#1308,#1307,#557,.F.);
#1695=EDGE_CURVE('',#1308,#1309,#171,.T.);
#1696=EDGE_CURVE('',#1309,#1306,#558,.F.);
#1697=EDGE_CURVE('',#1310,#1311,#559,.F.);
#1698=EDGE_CURVE('',#1310,#1312,#172,.T.);
#1699=EDGE_CURVE('',#1313,#1312,#560,.T.);
#1700=EDGE_CURVE('',#1313,#1311,#173,.T.);
#1701=EDGE_CURVE('',#1311,#1314,#561,.T.);
#1702=EDGE_CURVE('',#1314,#1315,#562,.F.);
#1703=EDGE_CURVE('',#1315,#1316,#563,.T.);
#1704=EDGE_CURVE('',#1316,#1317,#174,.F.);
#1705=EDGE_CURVE('',#1318,#1317,#564,.T.);
#1706=EDGE_CURVE('',#1318,#1302,#175,.F.);
#1707=EDGE_CURVE('',#1302,#1310,#565,.T.);
#1708=EDGE_CURVE('',#1319,#1313,#566,.F.);
#1709=EDGE_CURVE('',#1314,#1319,#176,.T.);
#1710=EDGE_CURVE('',#1320,#1319,#567,.T.);
#1711=EDGE_CURVE('',#1320,#1315,#177,.T.);
#1712=EDGE_CURVE('',#1321,#1320,#568,.F.);
#1713=EDGE_CURVE('',#1322,#1321,#569,.F.);
#1714=EDGE_CURVE('',#1323,#1322,#178,.T.);
#1715=EDGE_CURVE('',#1316,#1323,#570,.T.);
#1716=EDGE_CURVE('',#1323,#1324,#571,.F.);
#1717=EDGE_CURVE('',#1325,#1322,#572,.T.);
#1718=EDGE_CURVE('',#1325,#1324,#179,.T.);
#1719=EDGE_CURVE('',#1324,#1326,#573,.T.);
#1720=EDGE_CURVE('',#1326,#1327,#574,.F.);
#1721=EDGE_CURVE('',#1327,#1289,#575,.T.);
#1722=EDGE_CURVE('',#1289,#1328,#180,.F.);
#1723=EDGE_CURVE('',#1329,#1328,#576,.T.);
#1724=EDGE_CURVE('',#1329,#1316,#181,.F.);
#1725=EDGE_CURVE('',#1330,#1325,#577,.F.);
#1726=EDGE_CURVE('',#1326,#1330,#182,.T.);
#1727=EDGE_CURVE('',#1331,#1330,#578,.T.);
#1728=EDGE_CURVE('',#1331,#1327,#183,.T.);
#1729=EDGE_CURVE('',#1292,#1331,#579,.F.);
#1730=EDGE_CURVE('',#1293,#1181,#184,.T.);
#1731=EDGE_CURVE('',#1187,#1294,#185,.T.);
#1732=EDGE_CURVE('',#1307,#1186,#186,.T.);
#1733=EDGE_CURVE('',#1269,#1288,#187,.T.);
#1734=EDGE_CURVE('',#1287,#1268,#188,.T.);
#1735=EDGE_CURVE('',#1328,#1275,#189,.T.);
#1736=EDGE_CURVE('',#1185,#1308,#190,.T.);
#1737=EDGE_CURVE('',#1270,#1304,#191,.T.);
#1738=EDGE_CURVE('',#1303,#1271,#192,.T.);
#1739=EDGE_CURVE('',#1272,#1318,#193,.T.);
#1740=EDGE_CURVE('',#1317,#1273,#194,.T.);
#1741=EDGE_CURVE('',#1274,#1329,#195,.T.);
#1742=EDGE_CURVE('',#1332,#1333,#580,.F.);
#1743=EDGE_CURVE('',#1333,#1184,#196,.T.);
#1744=EDGE_CURVE('',#1183,#1332,#197,.T.);
#1745=EDGE_CURVE('',#1312,#1309,#581,.F.);
#1746=EDGE_CURVE('',#1309,#1333,#198,.T.);
#1747=EDGE_CURVE('',#1332,#1321,#199,.T.);
#1748=EDGE_CURVE('',#1334,#1182,#200,.T.);
#1749=EDGE_CURVE('',#1321,#1334,#201,.T.);
#1750=EDGE_CURVE('',#1335,#1334,#582,.F.);
#1751=EDGE_CURVE('',#1180,#1335,#202,.T.);
#1752=EDGE_CURVE('',#1335,#1292,#203,.T.);
#1753=EDGE_CURVE('',#1196,#1278,#204,.T.);
#1754=EDGE_CURVE('',#1197,#1277,#205,.T.);
#1755=EDGE_CURVE('',#1198,#1276,#206,.T.);
#1756=EDGE_CURVE('',#1199,#1279,#207,.T.);
#1757=ORIENTED_EDGE('',*,*,#1336,.T.);
#1758=ORIENTED_EDGE('',*,*,#1337,.T.);
#1759=ORIENTED_EDGE('',*,*,#1338,.T.);
#1760=ORIENTED_EDGE('',*,*,#1339,.T.);
#1761=ORIENTED_EDGE('',*,*,#1338,.F.);
#1762=ORIENTED_EDGE('',*,*,#1340,.T.);
#1763=ORIENTED_EDGE('',*,*,#1341,.F.);
#1764=ORIENTED_EDGE('',*,*,#1342,.T.);
#1765=ORIENTED_EDGE('',*,*,#1343,.F.);
#1766=ORIENTED_EDGE('',*,*,#1344,.F.);
#1767=ORIENTED_EDGE('',*,*,#1345,.T.);
#1768=ORIENTED_EDGE('',*,*,#1337,.F.);
#1769=ORIENTED_EDGE('',*,*,#1346,.F.);
#1770=ORIENTED_EDGE('',*,*,#1347,.F.);
#1771=ORIENTED_EDGE('',*,*,#1348,.F.);
#1772=ORIENTED_EDGE('',*,*,#1349,.F.);
#1773=ORIENTED_EDGE('',*,*,#1350,.F.);
#1774=ORIENTED_EDGE('',*,*,#1351,.F.);
#1775=ORIENTED_EDGE('',*,*,#1352,.F.);
#1776=ORIENTED_EDGE('',*,*,#1353,.F.);
#1777=ORIENTED_EDGE('',*,*,#1354,.F.);
#1778=ORIENTED_EDGE('',*,*,#1355,.F.);
#1779=ORIENTED_EDGE('',*,*,#1356,.F.);
#1780=ORIENTED_EDGE('',*,*,#1357,.F.);
#1781=ORIENTED_EDGE('',*,*,#1358,.F.);
#1782=ORIENTED_EDGE('',*,*,#1359,.F.);
#1783=ORIENTED_EDGE('',*,*,#1360,.F.);
#1784=ORIENTED_EDGE('',*,*,#1361,.F.);
#1785=ORIENTED_EDGE('',*,*,#1362,.F.);
#1786=ORIENTED_EDGE('',*,*,#1363,.F.);
#1787=ORIENTED_EDGE('',*,*,#1364,.F.);
#1788=ORIENTED_EDGE('',*,*,#1365,.F.);
#1789=ORIENTED_EDGE('',*,*,#1366,.F.);
#1790=ORIENTED_EDGE('',*,*,#1367,.F.);
#1791=ORIENTED_EDGE('',*,*,#1368,.F.);
#1792=ORIENTED_EDGE('',*,*,#1340,.F.);
#1793=ORIENTED_EDGE('',*,*,#1369,.T.);
#1794=ORIENTED_EDGE('',*,*,#1370,.T.);
#1795=ORIENTED_EDGE('',*,*,#1365,.T.);
#1796=ORIENTED_EDGE('',*,*,#1371,.T.);
#1797=ORIENTED_EDGE('',*,*,#1372,.T.);
#1798=ORIENTED_EDGE('',*,*,#1371,.F.);
#1799=ORIENTED_EDGE('',*,*,#1364,.T.);
#1800=ORIENTED_EDGE('',*,*,#1373,.F.);
#1801=ORIENTED_EDGE('',*,*,#1374,.T.);
#1802=ORIENTED_EDGE('',*,*,#1375,.F.);
#1803=ORIENTED_EDGE('',*,*,#1376,.F.);
#1804=ORIENTED_EDGE('',*,*,#1377,.T.);
#1805=ORIENTED_EDGE('',*,*,#1378,.T.);
#1806=ORIENTED_EDGE('',*,*,#1360,.T.);
#1807=ORIENTED_EDGE('',*,*,#1379,.T.);
#1808=ORIENTED_EDGE('',*,*,#1380,.T.);
#1809=ORIENTED_EDGE('',*,*,#1379,.F.);
#1810=ORIENTED_EDGE('',*,*,#1359,.T.);
#1811=ORIENTED_EDGE('',*,*,#1381,.F.);
#1812=ORIENTED_EDGE('',*,*,#1382,.T.);
#1813=ORIENTED_EDGE('',*,*,#1383,.F.);
#1814=ORIENTED_EDGE('',*,*,#1384,.F.);
#1815=ORIENTED_EDGE('',*,*,#1385,.T.);
#1816=ORIENTED_EDGE('',*,*,#1386,.T.);
#1817=ORIENTED_EDGE('',*,*,#1355,.T.);
#1818=ORIENTED_EDGE('',*,*,#1387,.T.);
#1819=ORIENTED_EDGE('',*,*,#1388,.T.);
#1820=ORIENTED_EDGE('',*,*,#1387,.F.);
#1821=ORIENTED_EDGE('',*,*,#1354,.T.);
#1822=ORIENTED_EDGE('',*,*,#1389,.F.);
#1823=ORIENTED_EDGE('',*,*,#1390,.T.);
#1824=ORIENTED_EDGE('',*,*,#1391,.F.);
#1825=ORIENTED_EDGE('',*,*,#1392,.F.);
#1826=ORIENTED_EDGE('',*,*,#1393,.T.);
#1827=ORIENTED_EDGE('',*,*,#1394,.T.);
#1828=ORIENTED_EDGE('',*,*,#1395,.T.);
#1829=ORIENTED_EDGE('',*,*,#1396,.T.);
#1830=ORIENTED_EDGE('',*,*,#1350,.T.);
#1831=ORIENTED_EDGE('',*,*,#1396,.F.);
#1832=ORIENTED_EDGE('',*,*,#1397,.F.);
#1833=ORIENTED_EDGE('',*,*,#1398,.F.);
#1834=ORIENTED_EDGE('',*,*,#1399,.T.);
#1835=ORIENTED_EDGE('',*,*,#1400,.T.);
#1836=ORIENTED_EDGE('',*,*,#1401,.F.);
#1837=ORIENTED_EDGE('',*,*,#1402,.T.);
#1838=ORIENTED_EDGE('',*,*,#1351,.T.);
#1839=ORIENTED_EDGE('',*,*,#1336,.F.);
#1840=ORIENTED_EDGE('',*,*,#1403,.F.);
#1841=ORIENTED_EDGE('',*,*,#1404,.F.);
#1842=ORIENTED_EDGE('',*,*,#1405,.F.);
#1843=ORIENTED_EDGE('',*,*,#1406,.T.);
#1844=ORIENTED_EDGE('',*,*,#1407,.F.);
#1845=ORIENTED_EDGE('',*,*,#1408,.T.);
#1846=ORIENTED_EDGE('',*,*,#1346,.T.);
#1847=ORIENTED_EDGE('',*,*,#1370,.F.);
#1848=ORIENTED_EDGE('',*,*,#1409,.F.);
#1849=ORIENTED_EDGE('',*,*,#1410,.F.);
#1850=ORIENTED_EDGE('',*,*,#1411,.F.);
#1851=ORIENTED_EDGE('',*,*,#1412,.T.);
#1852=ORIENTED_EDGE('',*,*,#1413,.F.);
#1853=ORIENTED_EDGE('',*,*,#1414,.T.);
#1854=ORIENTED_EDGE('',*,*,#1366,.T.);
#1855=ORIENTED_EDGE('',*,*,#1378,.F.);
#1856=ORIENTED_EDGE('',*,*,#1415,.F.);
#1857=ORIENTED_EDGE('',*,*,#1416,.F.);
#1858=ORIENTED_EDGE('',*,*,#1417,.F.);
#1859=ORIENTED_EDGE('',*,*,#1418,.T.);
#1860=ORIENTED_EDGE('',*,*,#1419,.F.);
#1861=ORIENTED_EDGE('',*,*,#1420,.T.);
#1862=ORIENTED_EDGE('',*,*,#1361,.T.);
#1863=ORIENTED_EDGE('',*,*,#1386,.F.);
#1864=ORIENTED_EDGE('',*,*,#1421,.F.);
#1865=ORIENTED_EDGE('',*,*,#1422,.F.);
#1866=ORIENTED_EDGE('',*,*,#1423,.F.);
#1867=ORIENTED_EDGE('',*,*,#1424,.T.);
#1868=ORIENTED_EDGE('',*,*,#1425,.F.);
#1869=ORIENTED_EDGE('',*,*,#1426,.T.);
#1870=ORIENTED_EDGE('',*,*,#1356,.T.);
#1871=ORIENTED_EDGE('',*,*,#1339,.F.);
#1872=ORIENTED_EDGE('',*,*,#1345,.F.);
#1873=ORIENTED_EDGE('',*,*,#1427,.F.);
#1874=ORIENTED_EDGE('',*,*,#1403,.T.);
#1875=ORIENTED_EDGE('',*,*,#1372,.F.);
#1876=ORIENTED_EDGE('',*,*,#1377,.F.);
#1877=ORIENTED_EDGE('',*,*,#1428,.F.);
#1878=ORIENTED_EDGE('',*,*,#1409,.T.);
#1879=ORIENTED_EDGE('',*,*,#1380,.F.);
#1880=ORIENTED_EDGE('',*,*,#1385,.F.);
#1881=ORIENTED_EDGE('',*,*,#1429,.F.);
#1882=ORIENTED_EDGE('',*,*,#1415,.T.);
#1883=ORIENTED_EDGE('',*,*,#1388,.F.);
#1884=ORIENTED_EDGE('',*,*,#1393,.F.);
#1885=ORIENTED_EDGE('',*,*,#1430,.F.);
#1886=ORIENTED_EDGE('',*,*,#1421,.T.);
#1887=ORIENTED_EDGE('',*,*,#1395,.F.);
#1888=ORIENTED_EDGE('',*,*,#1431,.F.);
#1889=ORIENTED_EDGE('',*,*,#1432,.F.);
#1890=ORIENTED_EDGE('',*,*,#1397,.T.);
#1891=ORIENTED_EDGE('',*,*,#1394,.F.);
#1892=ORIENTED_EDGE('',*,*,#1349,.T.);
#1893=ORIENTED_EDGE('',*,*,#1433,.F.);
#1894=ORIENTED_EDGE('',*,*,#1434,.T.);
#1895=ORIENTED_EDGE('',*,*,#1435,.F.);
#1896=ORIENTED_EDGE('',*,*,#1436,.F.);
#1897=ORIENTED_EDGE('',*,*,#1431,.T.);
#1898=ORIENTED_EDGE('',*,*,#1406,.F.);
#1899=ORIENTED_EDGE('',*,*,#1437,.F.);
#1900=ORIENTED_EDGE('',*,*,#1342,.F.);
#1901=ORIENTED_EDGE('',*,*,#1438,.T.);
#1902=ORIENTED_EDGE('',*,*,#1412,.F.);
#1903=ORIENTED_EDGE('',*,*,#1439,.T.);
#1904=ORIENTED_EDGE('',*,*,#1374,.F.);
#1905=ORIENTED_EDGE('',*,*,#1440,.T.);
#1906=ORIENTED_EDGE('',*,*,#1441,.T.);
#1907=ORIENTED_EDGE('',*,*,#1442,.T.);
#1908=ORIENTED_EDGE('',*,*,#1441,.F.);
#1909=ORIENTED_EDGE('',*,*,#1443,.T.);
#1910=ORIENTED_EDGE('',*,*,#1418,.F.);
#1911=ORIENTED_EDGE('',*,*,#1444,.F.);
#1912=ORIENTED_EDGE('',*,*,#1382,.F.);
#1913=ORIENTED_EDGE('',*,*,#1445,.T.);
#1914=ORIENTED_EDGE('',*,*,#1424,.F.);
#1915=ORIENTED_EDGE('',*,*,#1446,.F.);
#1916=ORIENTED_EDGE('',*,*,#1390,.F.);
#1917=ORIENTED_EDGE('',*,*,#1447,.T.);
#1918=ORIENTED_EDGE('',*,*,#1400,.F.);
#1919=ORIENTED_EDGE('',*,*,#1448,.T.);
#1920=ORIENTED_EDGE('',*,*,#1434,.F.);
#1921=ORIENTED_EDGE('',*,*,#1449,.T.);
#1922=ORIENTED_EDGE('',*,*,#1440,.F.);
#1923=ORIENTED_EDGE('',*,*,#1373,.T.);
#1924=ORIENTED_EDGE('',*,*,#1363,.T.);
#1925=ORIENTED_EDGE('',*,*,#1450,.T.);
#1926=ORIENTED_EDGE('',*,*,#1419,.T.);
#1927=ORIENTED_EDGE('',*,*,#1443,.F.);
#1928=ORIENTED_EDGE('',*,*,#1438,.F.);
#1929=ORIENTED_EDGE('',*,*,#1341,.T.);
#1930=ORIENTED_EDGE('',*,*,#1368,.T.);
#1931=ORIENTED_EDGE('',*,*,#1451,.T.);
#1932=ORIENTED_EDGE('',*,*,#1413,.T.);
#1933=ORIENTED_EDGE('',*,*,#1445,.F.);
#1934=ORIENTED_EDGE('',*,*,#1381,.T.);
#1935=ORIENTED_EDGE('',*,*,#1358,.T.);
#1936=ORIENTED_EDGE('',*,*,#1452,.T.);
#1937=ORIENTED_EDGE('',*,*,#1425,.T.);
#1938=ORIENTED_EDGE('',*,*,#1449,.F.);
#1939=ORIENTED_EDGE('',*,*,#1433,.T.);
#1940=ORIENTED_EDGE('',*,*,#1348,.T.);
#1941=ORIENTED_EDGE('',*,*,#1453,.T.);
#1942=ORIENTED_EDGE('',*,*,#1407,.T.);
#1943=ORIENTED_EDGE('',*,*,#1442,.F.);
#1944=ORIENTED_EDGE('',*,*,#1392,.T.);
#1945=ORIENTED_EDGE('',*,*,#1454,.T.);
#1946=ORIENTED_EDGE('',*,*,#1422,.T.);
#1947=ORIENTED_EDGE('',*,*,#1430,.T.);
#1948=ORIENTED_EDGE('',*,*,#1454,.F.);
#1949=ORIENTED_EDGE('',*,*,#1391,.T.);
#1950=ORIENTED_EDGE('',*,*,#1446,.T.);
#1951=ORIENTED_EDGE('',*,*,#1423,.T.);
#1952=ORIENTED_EDGE('',*,*,#1452,.F.);
#1953=ORIENTED_EDGE('',*,*,#1357,.T.);
#1954=ORIENTED_EDGE('',*,*,#1426,.F.);
#1955=ORIENTED_EDGE('',*,*,#1384,.T.);
#1956=ORIENTED_EDGE('',*,*,#1455,.T.);
#1957=ORIENTED_EDGE('',*,*,#1416,.T.);
#1958=ORIENTED_EDGE('',*,*,#1429,.T.);
#1959=ORIENTED_EDGE('',*,*,#1455,.F.);
#1960=ORIENTED_EDGE('',*,*,#1383,.T.);
#1961=ORIENTED_EDGE('',*,*,#1444,.T.);
#1962=ORIENTED_EDGE('',*,*,#1417,.T.);
#1963=ORIENTED_EDGE('',*,*,#1450,.F.);
#1964=ORIENTED_EDGE('',*,*,#1362,.T.);
#1965=ORIENTED_EDGE('',*,*,#1420,.F.);
#1966=ORIENTED_EDGE('',*,*,#1376,.T.);
#1967=ORIENTED_EDGE('',*,*,#1456,.T.);
#1968=ORIENTED_EDGE('',*,*,#1410,.T.);
#1969=ORIENTED_EDGE('',*,*,#1428,.T.);
#1970=ORIENTED_EDGE('',*,*,#1456,.F.);
#1971=ORIENTED_EDGE('',*,*,#1375,.T.);
#1972=ORIENTED_EDGE('',*,*,#1439,.F.);
#1973=ORIENTED_EDGE('',*,*,#1411,.T.);
#1974=ORIENTED_EDGE('',*,*,#1451,.F.);
#1975=ORIENTED_EDGE('',*,*,#1367,.T.);
#1976=ORIENTED_EDGE('',*,*,#1414,.F.);
#1977=ORIENTED_EDGE('',*,*,#1344,.T.);
#1978=ORIENTED_EDGE('',*,*,#1457,.T.);
#1979=ORIENTED_EDGE('',*,*,#1404,.T.);
#1980=ORIENTED_EDGE('',*,*,#1427,.T.);
#1981=ORIENTED_EDGE('',*,*,#1457,.F.);
#1982=ORIENTED_EDGE('',*,*,#1343,.T.);
#1983=ORIENTED_EDGE('',*,*,#1437,.T.);
#1984=ORIENTED_EDGE('',*,*,#1405,.T.);
#1985=ORIENTED_EDGE('',*,*,#1453,.F.);
#1986=ORIENTED_EDGE('',*,*,#1347,.T.);
#1987=ORIENTED_EDGE('',*,*,#1408,.F.);
#1988=ORIENTED_EDGE('',*,*,#1447,.F.);
#1989=ORIENTED_EDGE('',*,*,#1389,.T.);
#1990=ORIENTED_EDGE('',*,*,#1353,.T.);
#1991=ORIENTED_EDGE('',*,*,#1458,.T.);
#1992=ORIENTED_EDGE('',*,*,#1401,.T.);
#1993=ORIENTED_EDGE('',*,*,#1436,.T.);
#1994=ORIENTED_EDGE('',*,*,#1459,.T.);
#1995=ORIENTED_EDGE('',*,*,#1398,.T.);
#1996=ORIENTED_EDGE('',*,*,#1432,.T.);
#1997=ORIENTED_EDGE('',*,*,#1459,.F.);
#1998=ORIENTED_EDGE('',*,*,#1435,.T.);
#1999=ORIENTED_EDGE('',*,*,#1448,.F.);
#2000=ORIENTED_EDGE('',*,*,#1399,.F.);
#2001=ORIENTED_EDGE('',*,*,#1460,.T.);
#2002=ORIENTED_EDGE('',*,*,#1461,.T.);
#2003=ORIENTED_EDGE('',*,*,#1462,.T.);
#2004=ORIENTED_EDGE('',*,*,#1463,.T.);
#2005=ORIENTED_EDGE('',*,*,#1462,.F.);
#2006=ORIENTED_EDGE('',*,*,#1369,.F.);
#2007=ORIENTED_EDGE('',*,*,#1464,.T.);
#2008=ORIENTED_EDGE('',*,*,#1460,.F.);
#2009=ORIENTED_EDGE('',*,*,#1461,.F.);
#2010=ORIENTED_EDGE('',*,*,#1464,.F.);
#2011=ORIENTED_EDGE('',*,*,#1463,.F.);
#2012=ORIENTED_EDGE('',*,*,#1458,.F.);
#2013=ORIENTED_EDGE('',*,*,#1352,.T.);
#2014=ORIENTED_EDGE('',*,*,#1402,.F.);
#2015=ORIENTED_EDGE('',*,*,#1465,.T.);
#2016=ORIENTED_EDGE('',*,*,#1466,.T.);
#2017=ORIENTED_EDGE('',*,*,#1467,.T.);
#2018=ORIENTED_EDGE('',*,*,#1468,.T.);
#2019=ORIENTED_EDGE('',*,*,#1469,.T.);
#2020=ORIENTED_EDGE('',*,*,#1470,.T.);
#2021=ORIENTED_EDGE('',*,*,#1465,.F.);
#2022=ORIENTED_EDGE('',*,*,#1471,.T.);
#2023=ORIENTED_EDGE('',*,*,#1469,.F.);
#2024=ORIENTED_EDGE('',*,*,#1472,.T.);
#2025=ORIENTED_EDGE('',*,*,#1473,.T.);
#2026=ORIENTED_EDGE('',*,*,#1474,.T.);
#2027=ORIENTED_EDGE('',*,*,#1473,.F.);
#2028=ORIENTED_EDGE('',*,*,#1475,.T.);
#2029=ORIENTED_EDGE('',*,*,#1476,.T.);
#2030=ORIENTED_EDGE('',*,*,#1477,.T.);
#2031=ORIENTED_EDGE('',*,*,#1478,.T.);
#2032=ORIENTED_EDGE('',*,*,#1479,.T.);
#2033=ORIENTED_EDGE('',*,*,#1480,.T.);
#2034=ORIENTED_EDGE('',*,*,#1476,.F.);
#2035=ORIENTED_EDGE('',*,*,#1481,.T.);
#2036=ORIENTED_EDGE('',*,*,#1478,.F.);
#2037=ORIENTED_EDGE('',*,*,#1482,.T.);
#2038=ORIENTED_EDGE('',*,*,#1483,.T.);
#2039=ORIENTED_EDGE('',*,*,#1484,.T.);
#2040=ORIENTED_EDGE('',*,*,#1485,.T.);
#2041=ORIENTED_EDGE('',*,*,#1486,.T.);
#2042=ORIENTED_EDGE('',*,*,#1483,.F.);
#2043=ORIENTED_EDGE('',*,*,#1487,.T.);
#2044=ORIENTED_EDGE('',*,*,#1485,.F.);
#2045=ORIENTED_EDGE('',*,*,#1488,.T.);
#2046=ORIENTED_EDGE('',*,*,#1467,.F.);
#2047=ORIENTED_EDGE('',*,*,#1489,.T.);
#2048=ORIENTED_EDGE('',*,*,#1484,.F.);
#2049=ORIENTED_EDGE('',*,*,#1490,.T.);
#2050=ORIENTED_EDGE('',*,*,#1491,.F.);
#2051=ORIENTED_EDGE('',*,*,#1492,.T.);
#2052=ORIENTED_EDGE('',*,*,#1486,.F.);
#2053=ORIENTED_EDGE('',*,*,#1493,.T.);
#2054=ORIENTED_EDGE('',*,*,#1494,.F.);
#2055=ORIENTED_EDGE('',*,*,#1490,.F.);
#2056=ORIENTED_EDGE('',*,*,#1489,.F.);
#2057=ORIENTED_EDGE('',*,*,#1495,.T.);
#2058=ORIENTED_EDGE('',*,*,#1496,.F.);
#2059=ORIENTED_EDGE('',*,*,#1493,.F.);
#2060=ORIENTED_EDGE('',*,*,#1466,.F.);
#2061=ORIENTED_EDGE('',*,*,#1497,.T.);
#2062=ORIENTED_EDGE('',*,*,#1498,.F.);
#2063=ORIENTED_EDGE('',*,*,#1495,.F.);
#2064=ORIENTED_EDGE('',*,*,#1499,.F.);
#2065=ORIENTED_EDGE('',*,*,#1500,.F.);
#2066=ORIENTED_EDGE('',*,*,#1501,.F.);
#2067=ORIENTED_EDGE('',*,*,#1502,.F.);
#2068=ORIENTED_EDGE('',*,*,#1503,.F.);
#2069=ORIENTED_EDGE('',*,*,#1504,.F.);
#2070=ORIENTED_EDGE('',*,*,#1505,.F.);
#2071=ORIENTED_EDGE('',*,*,#1506,.F.);
#2072=ORIENTED_EDGE('',*,*,#1507,.F.);
#2073=ORIENTED_EDGE('',*,*,#1508,.F.);
#2074=ORIENTED_EDGE('',*,*,#1509,.F.);
#2075=ORIENTED_EDGE('',*,*,#1510,.F.);
#2076=ORIENTED_EDGE('',*,*,#1511,.F.);
#2077=ORIENTED_EDGE('',*,*,#1512,.F.);
#2078=ORIENTED_EDGE('',*,*,#1513,.F.);
#2079=ORIENTED_EDGE('',*,*,#1514,.F.);
#2080=ORIENTED_EDGE('',*,*,#1515,.F.);
#2081=ORIENTED_EDGE('',*,*,#1516,.F.);
#2082=ORIENTED_EDGE('',*,*,#1517,.F.);
#2083=ORIENTED_EDGE('',*,*,#1518,.F.);
#2084=ORIENTED_EDGE('',*,*,#1519,.F.);
#2085=ORIENTED_EDGE('',*,*,#1520,.F.);
#2086=ORIENTED_EDGE('',*,*,#1521,.F.);
#2087=ORIENTED_EDGE('',*,*,#1522,.F.);
#2088=ORIENTED_EDGE('',*,*,#1523,.F.);
#2089=ORIENTED_EDGE('',*,*,#1524,.F.);
#2090=ORIENTED_EDGE('',*,*,#1525,.F.);
#2091=ORIENTED_EDGE('',*,*,#1526,.F.);
#2092=ORIENTED_EDGE('',*,*,#1468,.F.);
#2093=ORIENTED_EDGE('',*,*,#1488,.F.);
#2094=ORIENTED_EDGE('',*,*,#1487,.F.);
#2095=ORIENTED_EDGE('',*,*,#1482,.F.);
#2096=ORIENTED_EDGE('',*,*,#1481,.F.);
#2097=ORIENTED_EDGE('',*,*,#1475,.F.);
#2098=ORIENTED_EDGE('',*,*,#1472,.F.);
#2099=ORIENTED_EDGE('',*,*,#1471,.F.);
#2100=ORIENTED_EDGE('',*,*,#1527,.T.);
#2101=ORIENTED_EDGE('',*,*,#1528,.T.);
#2102=ORIENTED_EDGE('',*,*,#1529,.T.);
#2103=ORIENTED_EDGE('',*,*,#1507,.T.);
#2104=ORIENTED_EDGE('',*,*,#1527,.F.);
#2105=ORIENTED_EDGE('',*,*,#1514,.T.);
#2106=ORIENTED_EDGE('',*,*,#1530,.T.);
#2107=ORIENTED_EDGE('',*,*,#1531,.T.);
#2108=ORIENTED_EDGE('',*,*,#1532,.T.);
#2109=ORIENTED_EDGE('',*,*,#1533,.T.);
#2110=ORIENTED_EDGE('',*,*,#1530,.F.);
#2111=ORIENTED_EDGE('',*,*,#1513,.T.);
#2112=ORIENTED_EDGE('',*,*,#1532,.F.);
#2113=ORIENTED_EDGE('',*,*,#1512,.T.);
#2114=ORIENTED_EDGE('',*,*,#1534,.T.);
#2115=ORIENTED_EDGE('',*,*,#1535,.T.);
#2116=ORIENTED_EDGE('',*,*,#1534,.F.);
#2117=ORIENTED_EDGE('',*,*,#1511,.T.);
#2118=ORIENTED_EDGE('',*,*,#1536,.T.);
#2119=ORIENTED_EDGE('',*,*,#1537,.T.);
#2120=ORIENTED_EDGE('',*,*,#1536,.F.);
#2121=ORIENTED_EDGE('',*,*,#1510,.T.);
#2122=ORIENTED_EDGE('',*,*,#1538,.T.);
#2123=ORIENTED_EDGE('',*,*,#1539,.T.);
#2124=ORIENTED_EDGE('',*,*,#1540,.T.);
#2125=ORIENTED_EDGE('',*,*,#1541,.T.);
#2126=ORIENTED_EDGE('',*,*,#1538,.F.);
#2127=ORIENTED_EDGE('',*,*,#1509,.T.);
#2128=ORIENTED_EDGE('',*,*,#1540,.F.);
#2129=ORIENTED_EDGE('',*,*,#1508,.T.);
#2130=ORIENTED_EDGE('',*,*,#1529,.F.);
#2131=ORIENTED_EDGE('',*,*,#1542,.T.);
#2132=ORIENTED_EDGE('',*,*,#1539,.F.);
#2133=ORIENTED_EDGE('',*,*,#1543,.F.);
#2134=ORIENTED_EDGE('',*,*,#1544,.F.);
#2135=ORIENTED_EDGE('',*,*,#1545,.T.);
#2136=ORIENTED_EDGE('',*,*,#1479,.F.);
#2137=ORIENTED_EDGE('',*,*,#1492,.F.);
#2138=ORIENTED_EDGE('',*,*,#1546,.F.);
#2139=ORIENTED_EDGE('',*,*,#1547,.T.);
#2140=ORIENTED_EDGE('',*,*,#1548,.F.);
#2141=ORIENTED_EDGE('',*,*,#1543,.T.);
#2142=ORIENTED_EDGE('',*,*,#1541,.F.);
#2143=ORIENTED_EDGE('',*,*,#1549,.F.);
#2144=ORIENTED_EDGE('',*,*,#1550,.F.);
#2145=ORIENTED_EDGE('',*,*,#1551,.T.);
#2146=ORIENTED_EDGE('',*,*,#1552,.F.);
#2147=ORIENTED_EDGE('',*,*,#1553,.T.);
#2148=ORIENTED_EDGE('',*,*,#1554,.F.);
#2149=ORIENTED_EDGE('',*,*,#1555,.F.);
#2150=ORIENTED_EDGE('',*,*,#1556,.F.);
#2151=ORIENTED_EDGE('',*,*,#1557,.T.);
#2152=ORIENTED_EDGE('',*,*,#1558,.F.);
#2153=ORIENTED_EDGE('',*,*,#1559,.T.);
#2154=ORIENTED_EDGE('',*,*,#1480,.F.);
#2155=ORIENTED_EDGE('',*,*,#1560,.T.);
#2156=ORIENTED_EDGE('',*,*,#1561,.F.);
#2157=ORIENTED_EDGE('',*,*,#1560,.F.);
#2158=ORIENTED_EDGE('',*,*,#1542,.F.);
#2159=ORIENTED_EDGE('',*,*,#1562,.T.);
#2160=ORIENTED_EDGE('',*,*,#1563,.F.);
#2161=ORIENTED_EDGE('',*,*,#1549,.T.);
#2162=ORIENTED_EDGE('',*,*,#1528,.F.);
#2163=ORIENTED_EDGE('',*,*,#1564,.T.);
#2164=ORIENTED_EDGE('',*,*,#1565,.F.);
#2165=ORIENTED_EDGE('',*,*,#1562,.F.);
#2166=ORIENTED_EDGE('',*,*,#1566,.T.);
#2167=ORIENTED_EDGE('',*,*,#1519,.T.);
#2168=ORIENTED_EDGE('',*,*,#1567,.T.);
#2169=ORIENTED_EDGE('',*,*,#1568,.T.);
#2170=ORIENTED_EDGE('',*,*,#1566,.F.);
#2171=ORIENTED_EDGE('',*,*,#1569,.T.);
#2172=ORIENTED_EDGE('',*,*,#1570,.T.);
#2173=ORIENTED_EDGE('',*,*,#1520,.T.);
#2174=ORIENTED_EDGE('',*,*,#1570,.F.);
#2175=ORIENTED_EDGE('',*,*,#1571,.T.);
#2176=ORIENTED_EDGE('',*,*,#1572,.T.);
#2177=ORIENTED_EDGE('',*,*,#1521,.T.);
#2178=ORIENTED_EDGE('',*,*,#1573,.T.);
#2179=ORIENTED_EDGE('',*,*,#1522,.T.);
#2180=ORIENTED_EDGE('',*,*,#1572,.F.);
#2181=ORIENTED_EDGE('',*,*,#1574,.T.);
#2182=ORIENTED_EDGE('',*,*,#1573,.F.);
#2183=ORIENTED_EDGE('',*,*,#1575,.T.);
#2184=ORIENTED_EDGE('',*,*,#1576,.T.);
#2185=ORIENTED_EDGE('',*,*,#1523,.T.);
#2186=ORIENTED_EDGE('',*,*,#1577,.T.);
#2187=ORIENTED_EDGE('',*,*,#1524,.T.);
#2188=ORIENTED_EDGE('',*,*,#1576,.F.);
#2189=ORIENTED_EDGE('',*,*,#1578,.T.);
#2190=ORIENTED_EDGE('',*,*,#1577,.F.);
#2191=ORIENTED_EDGE('',*,*,#1554,.T.);
#2192=ORIENTED_EDGE('',*,*,#1579,.T.);
#2193=ORIENTED_EDGE('',*,*,#1525,.T.);
#2194=ORIENTED_EDGE('',*,*,#1567,.F.);
#2195=ORIENTED_EDGE('',*,*,#1526,.T.);
#2196=ORIENTED_EDGE('',*,*,#1579,.F.);
#2197=ORIENTED_EDGE('',*,*,#1580,.T.);
#2198=ORIENTED_EDGE('',*,*,#1574,.F.);
#2199=ORIENTED_EDGE('',*,*,#1581,.T.);
#2200=ORIENTED_EDGE('',*,*,#1582,.F.);
#2201=ORIENTED_EDGE('',*,*,#1583,.F.);
#2202=ORIENTED_EDGE('',*,*,#1571,.F.);
#2203=ORIENTED_EDGE('',*,*,#1584,.T.);
#2204=ORIENTED_EDGE('',*,*,#1585,.F.);
#2205=ORIENTED_EDGE('',*,*,#1581,.F.);
#2206=ORIENTED_EDGE('',*,*,#1569,.F.);
#2207=ORIENTED_EDGE('',*,*,#1586,.T.);
#2208=ORIENTED_EDGE('',*,*,#1587,.F.);
#2209=ORIENTED_EDGE('',*,*,#1584,.F.);
#2210=ORIENTED_EDGE('',*,*,#1568,.F.);
#2211=ORIENTED_EDGE('',*,*,#1588,.F.);
#2212=ORIENTED_EDGE('',*,*,#1589,.F.);
#2213=ORIENTED_EDGE('',*,*,#1586,.F.);
#2214=ORIENTED_EDGE('',*,*,#1551,.F.);
#2215=ORIENTED_EDGE('',*,*,#1590,.F.);
#2216=ORIENTED_EDGE('',*,*,#1591,.F.);
#2217=ORIENTED_EDGE('',*,*,#1592,.F.);
#2218=ORIENTED_EDGE('',*,*,#1593,.F.);
#2219=ORIENTED_EDGE('',*,*,#1594,.F.);
#2220=ORIENTED_EDGE('',*,*,#1595,.F.);
#2221=ORIENTED_EDGE('',*,*,#1596,.F.);
#2222=ORIENTED_EDGE('',*,*,#1547,.F.);
#2223=ORIENTED_EDGE('',*,*,#1597,.F.);
#2224=ORIENTED_EDGE('',*,*,#1598,.F.);
#2225=ORIENTED_EDGE('',*,*,#1599,.F.);
#2226=ORIENTED_EDGE('',*,*,#1600,.F.);
#2227=ORIENTED_EDGE('',*,*,#1601,.F.);
#2228=ORIENTED_EDGE('',*,*,#1602,.F.);
#2229=ORIENTED_EDGE('',*,*,#1603,.F.);
#2230=ORIENTED_EDGE('',*,*,#1557,.F.);
#2231=ORIENTED_EDGE('',*,*,#1604,.F.);
#2232=ORIENTED_EDGE('',*,*,#1605,.F.);
#2233=ORIENTED_EDGE('',*,*,#1606,.F.);
#2234=ORIENTED_EDGE('',*,*,#1607,.F.);
#2235=ORIENTED_EDGE('',*,*,#1608,.F.);
#2236=ORIENTED_EDGE('',*,*,#1609,.F.);
#2237=ORIENTED_EDGE('',*,*,#1610,.F.);
#2238=ORIENTED_EDGE('',*,*,#1610,.T.);
#2239=ORIENTED_EDGE('',*,*,#1611,.F.);
#2240=ORIENTED_EDGE('',*,*,#1612,.T.);
#2241=ORIENTED_EDGE('',*,*,#1552,.T.);
#2242=ORIENTED_EDGE('',*,*,#1590,.T.);
#2243=ORIENTED_EDGE('',*,*,#1550,.T.);
#2244=ORIENTED_EDGE('',*,*,#1563,.T.);
#2245=ORIENTED_EDGE('',*,*,#1613,.T.);
#2246=ORIENTED_EDGE('',*,*,#1596,.T.);
#2247=ORIENTED_EDGE('',*,*,#1614,.F.);
#2248=ORIENTED_EDGE('',*,*,#1544,.T.);
#2249=ORIENTED_EDGE('',*,*,#1548,.T.);
#2250=ORIENTED_EDGE('',*,*,#1597,.T.);
#2251=ORIENTED_EDGE('',*,*,#1546,.T.);
#2252=ORIENTED_EDGE('',*,*,#1491,.T.);
#2253=ORIENTED_EDGE('',*,*,#1615,.T.);
#2254=ORIENTED_EDGE('',*,*,#1603,.T.);
#2255=ORIENTED_EDGE('',*,*,#1616,.F.);
#2256=ORIENTED_EDGE('',*,*,#1617,.T.);
#2257=ORIENTED_EDGE('',*,*,#1558,.T.);
#2258=ORIENTED_EDGE('',*,*,#1604,.T.);
#2259=ORIENTED_EDGE('',*,*,#1556,.T.);
#2260=ORIENTED_EDGE('',*,*,#1618,.T.);
#2261=ORIENTED_EDGE('',*,*,#1619,.T.);
#2262=ORIENTED_EDGE('',*,*,#1620,.T.);
#2263=ORIENTED_EDGE('',*,*,#1591,.T.);
#2264=ORIENTED_EDGE('',*,*,#1613,.F.);
#2265=ORIENTED_EDGE('',*,*,#1565,.T.);
#2266=ORIENTED_EDGE('',*,*,#1620,.F.);
#2267=ORIENTED_EDGE('',*,*,#1621,.T.);
#2268=ORIENTED_EDGE('',*,*,#1622,.T.);
#2269=ORIENTED_EDGE('',*,*,#1592,.T.);
#2270=ORIENTED_EDGE('',*,*,#1623,.T.);
#2271=ORIENTED_EDGE('',*,*,#1593,.T.);
#2272=ORIENTED_EDGE('',*,*,#1622,.F.);
#2273=ORIENTED_EDGE('',*,*,#1624,.T.);
#2274=ORIENTED_EDGE('',*,*,#1625,.T.);
#2275=ORIENTED_EDGE('',*,*,#1594,.T.);
#2276=ORIENTED_EDGE('',*,*,#1623,.F.);
#2277=ORIENTED_EDGE('',*,*,#1626,.T.);
#2278=ORIENTED_EDGE('',*,*,#1614,.T.);
#2279=ORIENTED_EDGE('',*,*,#1595,.T.);
#2280=ORIENTED_EDGE('',*,*,#1625,.F.);
#2281=ORIENTED_EDGE('',*,*,#1627,.T.);
#2282=ORIENTED_EDGE('',*,*,#1537,.F.);
#2283=ORIENTED_EDGE('',*,*,#1545,.F.);
#2284=ORIENTED_EDGE('',*,*,#1627,.F.);
#2285=ORIENTED_EDGE('',*,*,#1628,.F.);
#2286=ORIENTED_EDGE('',*,*,#1535,.F.);
#2287=ORIENTED_EDGE('',*,*,#1628,.T.);
#2288=ORIENTED_EDGE('',*,*,#1626,.F.);
#2289=ORIENTED_EDGE('',*,*,#1629,.F.);
#2290=ORIENTED_EDGE('',*,*,#1533,.F.);
#2291=ORIENTED_EDGE('',*,*,#1629,.T.);
#2292=ORIENTED_EDGE('',*,*,#1624,.F.);
#2293=ORIENTED_EDGE('',*,*,#1630,.F.);
#2294=ORIENTED_EDGE('',*,*,#1531,.F.);
#2295=ORIENTED_EDGE('',*,*,#1630,.T.);
#2296=ORIENTED_EDGE('',*,*,#1621,.F.);
#2297=ORIENTED_EDGE('',*,*,#1564,.F.);
#2298=ORIENTED_EDGE('',*,*,#1631,.T.);
#2299=ORIENTED_EDGE('',*,*,#1605,.T.);
#2300=ORIENTED_EDGE('',*,*,#1619,.F.);
#2301=ORIENTED_EDGE('',*,*,#1632,.T.);
#2302=ORIENTED_EDGE('',*,*,#1631,.F.);
#2303=ORIENTED_EDGE('',*,*,#1582,.T.);
#2304=ORIENTED_EDGE('',*,*,#1633,.T.);
#2305=ORIENTED_EDGE('',*,*,#1606,.T.);
#2306=ORIENTED_EDGE('',*,*,#1634,.T.);
#2307=ORIENTED_EDGE('',*,*,#1607,.T.);
#2308=ORIENTED_EDGE('',*,*,#1633,.F.);
#2309=ORIENTED_EDGE('',*,*,#1585,.T.);
#2310=ORIENTED_EDGE('',*,*,#1634,.F.);
#2311=ORIENTED_EDGE('',*,*,#1587,.T.);
#2312=ORIENTED_EDGE('',*,*,#1635,.T.);
#2313=ORIENTED_EDGE('',*,*,#1608,.T.);
#2314=ORIENTED_EDGE('',*,*,#1611,.T.);
#2315=ORIENTED_EDGE('',*,*,#1609,.T.);
#2316=ORIENTED_EDGE('',*,*,#1635,.F.);
#2317=ORIENTED_EDGE('',*,*,#1589,.T.);
#2318=ORIENTED_EDGE('',*,*,#1580,.F.);
#2319=ORIENTED_EDGE('',*,*,#1553,.F.);
#2320=ORIENTED_EDGE('',*,*,#1612,.F.);
#2321=ORIENTED_EDGE('',*,*,#1588,.T.);
#2322=ORIENTED_EDGE('',*,*,#1575,.F.);
#2323=ORIENTED_EDGE('',*,*,#1583,.T.);
#2324=ORIENTED_EDGE('',*,*,#1632,.F.);
#2325=ORIENTED_EDGE('',*,*,#1636,.F.);
#2326=ORIENTED_EDGE('',*,*,#1578,.F.);
#2327=ORIENTED_EDGE('',*,*,#1636,.T.);
#2328=ORIENTED_EDGE('',*,*,#1618,.F.);
#2329=ORIENTED_EDGE('',*,*,#1555,.T.);
#2330=ORIENTED_EDGE('',*,*,#1637,.T.);
#2331=ORIENTED_EDGE('',*,*,#1598,.T.);
#2332=ORIENTED_EDGE('',*,*,#1615,.F.);
#2333=ORIENTED_EDGE('',*,*,#1494,.T.);
#2334=ORIENTED_EDGE('',*,*,#1637,.F.);
#2335=ORIENTED_EDGE('',*,*,#1496,.T.);
#2336=ORIENTED_EDGE('',*,*,#1638,.T.);
#2337=ORIENTED_EDGE('',*,*,#1599,.T.);
#2338=ORIENTED_EDGE('',*,*,#1639,.T.);
#2339=ORIENTED_EDGE('',*,*,#1600,.T.);
#2340=ORIENTED_EDGE('',*,*,#1638,.F.);
#2341=ORIENTED_EDGE('',*,*,#1498,.T.);
#2342=ORIENTED_EDGE('',*,*,#1640,.T.);
#2343=ORIENTED_EDGE('',*,*,#1601,.T.);
#2344=ORIENTED_EDGE('',*,*,#1639,.F.);
#2345=ORIENTED_EDGE('',*,*,#1641,.T.);
#2346=ORIENTED_EDGE('',*,*,#1616,.T.);
#2347=ORIENTED_EDGE('',*,*,#1602,.T.);
#2348=ORIENTED_EDGE('',*,*,#1640,.F.);
#2349=ORIENTED_EDGE('',*,*,#1642,.T.);
#2350=ORIENTED_EDGE('',*,*,#1477,.F.);
#2351=ORIENTED_EDGE('',*,*,#1559,.F.);
#2352=ORIENTED_EDGE('',*,*,#1617,.F.);
#2353=ORIENTED_EDGE('',*,*,#1643,.T.);
#2354=ORIENTED_EDGE('',*,*,#1474,.F.);
#2355=ORIENTED_EDGE('',*,*,#1643,.F.);
#2356=ORIENTED_EDGE('',*,*,#1642,.F.);
#2357=ORIENTED_EDGE('',*,*,#1644,.F.);
#2358=ORIENTED_EDGE('',*,*,#1470,.F.);
#2359=ORIENTED_EDGE('',*,*,#1644,.T.);
#2360=ORIENTED_EDGE('',*,*,#1641,.F.);
#2361=ORIENTED_EDGE('',*,*,#1497,.F.);
#2362=ORIENTED_EDGE('',*,*,#1645,.F.);
#2363=ORIENTED_EDGE('',*,*,#1646,.T.);
#2364=ORIENTED_EDGE('',*,*,#1647,.F.);
#2365=ORIENTED_EDGE('',*,*,#1648,.T.);
#2366=ORIENTED_EDGE('',*,*,#1649,.F.);
#2367=ORIENTED_EDGE('',*,*,#1650,.T.);
#2368=ORIENTED_EDGE('',*,*,#1651,.F.);
#2369=ORIENTED_EDGE('',*,*,#1652,.T.);
#2370=ORIENTED_EDGE('',*,*,#1561,.T.);
#2371=ORIENTED_EDGE('',*,*,#1653,.T.);
#2372=ORIENTED_EDGE('',*,*,#1654,.T.);
#2373=ORIENTED_EDGE('',*,*,#1655,.T.);
#2374=ORIENTED_EDGE('',*,*,#1656,.T.);
#2375=ORIENTED_EDGE('',*,*,#1657,.F.);
#2376=ORIENTED_EDGE('',*,*,#1658,.T.);
#2377=ORIENTED_EDGE('',*,*,#1659,.F.);
#2378=ORIENTED_EDGE('',*,*,#1660,.T.);
#2379=ORIENTED_EDGE('',*,*,#1657,.T.);
#2380=ORIENTED_EDGE('',*,*,#1661,.T.);
#2381=ORIENTED_EDGE('',*,*,#1662,.T.);
#2382=ORIENTED_EDGE('',*,*,#1663,.T.);
#2383=ORIENTED_EDGE('',*,*,#1664,.T.);
#2384=ORIENTED_EDGE('',*,*,#1665,.F.);
#2385=ORIENTED_EDGE('',*,*,#1666,.T.);
#2386=ORIENTED_EDGE('',*,*,#1667,.T.);
#2387=ORIENTED_EDGE('',*,*,#1660,.F.);
#2388=ORIENTED_EDGE('',*,*,#1668,.F.);
#2389=ORIENTED_EDGE('',*,*,#1669,.F.);
#2390=ORIENTED_EDGE('',*,*,#1661,.F.);
#2391=ORIENTED_EDGE('',*,*,#1662,.F.);
#2392=ORIENTED_EDGE('',*,*,#1669,.T.);
#2393=ORIENTED_EDGE('',*,*,#1670,.F.);
#2394=ORIENTED_EDGE('',*,*,#1671,.T.);
#2395=ORIENTED_EDGE('',*,*,#1659,.T.);
#2396=ORIENTED_EDGE('',*,*,#1672,.T.);
#2397=ORIENTED_EDGE('',*,*,#1673,.T.);
#2398=ORIENTED_EDGE('',*,*,#1674,.F.);
#2399=ORIENTED_EDGE('',*,*,#1675,.T.);
#2400=ORIENTED_EDGE('',*,*,#1676,.T.);
#2401=ORIENTED_EDGE('',*,*,#1670,.T.);
#2402=ORIENTED_EDGE('',*,*,#1668,.T.);
#2403=ORIENTED_EDGE('',*,*,#1677,.F.);
#2404=ORIENTED_EDGE('',*,*,#1678,.T.);
#2405=ORIENTED_EDGE('',*,*,#1679,.F.);
#2406=ORIENTED_EDGE('',*,*,#1680,.T.);
#2407=ORIENTED_EDGE('',*,*,#1677,.T.);
#2408=ORIENTED_EDGE('',*,*,#1681,.T.);
#2409=ORIENTED_EDGE('',*,*,#1682,.T.);
#2410=ORIENTED_EDGE('',*,*,#1683,.T.);
#2411=ORIENTED_EDGE('',*,*,#1684,.T.);
#2412=ORIENTED_EDGE('',*,*,#1685,.F.);
#2413=ORIENTED_EDGE('',*,*,#1686,.T.);
#2414=ORIENTED_EDGE('',*,*,#1687,.T.);
#2415=ORIENTED_EDGE('',*,*,#1680,.F.);
#2416=ORIENTED_EDGE('',*,*,#1688,.F.);
#2417=ORIENTED_EDGE('',*,*,#1689,.F.);
#2418=ORIENTED_EDGE('',*,*,#1681,.F.);
#2419=ORIENTED_EDGE('',*,*,#1682,.F.);
#2420=ORIENTED_EDGE('',*,*,#1689,.T.);
#2421=ORIENTED_EDGE('',*,*,#1690,.F.);
#2422=ORIENTED_EDGE('',*,*,#1691,.T.);
#2423=ORIENTED_EDGE('',*,*,#1679,.T.);
#2424=ORIENTED_EDGE('',*,*,#1692,.T.);
#2425=ORIENTED_EDGE('',*,*,#1693,.T.);
#2426=ORIENTED_EDGE('',*,*,#1694,.F.);
#2427=ORIENTED_EDGE('',*,*,#1695,.T.);
#2428=ORIENTED_EDGE('',*,*,#1696,.T.);
#2429=ORIENTED_EDGE('',*,*,#1690,.T.);
#2430=ORIENTED_EDGE('',*,*,#1688,.T.);
#2431=ORIENTED_EDGE('',*,*,#1697,.F.);
#2432=ORIENTED_EDGE('',*,*,#1698,.T.);
#2433=ORIENTED_EDGE('',*,*,#1699,.F.);
#2434=ORIENTED_EDGE('',*,*,#1700,.T.);
#2435=ORIENTED_EDGE('',*,*,#1697,.T.);
#2436=ORIENTED_EDGE('',*,*,#1701,.T.);
#2437=ORIENTED_EDGE('',*,*,#1702,.T.);
#2438=ORIENTED_EDGE('',*,*,#1703,.T.);
#2439=ORIENTED_EDGE('',*,*,#1704,.T.);
#2440=ORIENTED_EDGE('',*,*,#1705,.F.);
#2441=ORIENTED_EDGE('',*,*,#1706,.T.);
#2442=ORIENTED_EDGE('',*,*,#1707,.T.);
#2443=ORIENTED_EDGE('',*,*,#1700,.F.);
#2444=ORIENTED_EDGE('',*,*,#1708,.F.);
#2445=ORIENTED_EDGE('',*,*,#1709,.F.);
#2446=ORIENTED_EDGE('',*,*,#1701,.F.);
#2447=ORIENTED_EDGE('',*,*,#1702,.F.);
#2448=ORIENTED_EDGE('',*,*,#1709,.T.);
#2449=ORIENTED_EDGE('',*,*,#1710,.F.);
#2450=ORIENTED_EDGE('',*,*,#1711,.T.);
#2451=ORIENTED_EDGE('',*,*,#1711,.F.);
#2452=ORIENTED_EDGE('',*,*,#1712,.F.);
#2453=ORIENTED_EDGE('',*,*,#1713,.F.);
#2454=ORIENTED_EDGE('',*,*,#1714,.F.);
#2455=ORIENTED_EDGE('',*,*,#1715,.F.);
#2456=ORIENTED_EDGE('',*,*,#1703,.F.);
#2457=ORIENTED_EDGE('',*,*,#1716,.F.);
#2458=ORIENTED_EDGE('',*,*,#1714,.T.);
#2459=ORIENTED_EDGE('',*,*,#1717,.F.);
#2460=ORIENTED_EDGE('',*,*,#1718,.T.);
#2461=ORIENTED_EDGE('',*,*,#1716,.T.);
#2462=ORIENTED_EDGE('',*,*,#1719,.T.);
#2463=ORIENTED_EDGE('',*,*,#1720,.T.);
#2464=ORIENTED_EDGE('',*,*,#1721,.T.);
#2465=ORIENTED_EDGE('',*,*,#1722,.T.);
#2466=ORIENTED_EDGE('',*,*,#1723,.F.);
#2467=ORIENTED_EDGE('',*,*,#1724,.T.);
#2468=ORIENTED_EDGE('',*,*,#1715,.T.);
#2469=ORIENTED_EDGE('',*,*,#1718,.F.);
#2470=ORIENTED_EDGE('',*,*,#1725,.F.);
#2471=ORIENTED_EDGE('',*,*,#1726,.F.);
#2472=ORIENTED_EDGE('',*,*,#1719,.F.);
#2473=ORIENTED_EDGE('',*,*,#1720,.F.);
#2474=ORIENTED_EDGE('',*,*,#1726,.T.);
#2475=ORIENTED_EDGE('',*,*,#1727,.F.);
#2476=ORIENTED_EDGE('',*,*,#1728,.T.);
#2477=ORIENTED_EDGE('',*,*,#1658,.F.);
#2478=ORIENTED_EDGE('',*,*,#1667,.F.);
#2479=ORIENTED_EDGE('',*,*,#1721,.F.);
#2480=ORIENTED_EDGE('',*,*,#1728,.F.);
#2481=ORIENTED_EDGE('',*,*,#1729,.F.);
#2482=ORIENTED_EDGE('',*,*,#1672,.F.);
#2483=ORIENTED_EDGE('',*,*,#1674,.T.);
#2484=ORIENTED_EDGE('',*,*,#1730,.T.);
#2485=ORIENTED_EDGE('',*,*,#1506,.T.);
#2486=ORIENTED_EDGE('',*,*,#1731,.T.);
#2487=ORIENTED_EDGE('',*,*,#1731,.F.);
#2488=ORIENTED_EDGE('',*,*,#1505,.T.);
#2489=ORIENTED_EDGE('',*,*,#1732,.F.);
#2490=ORIENTED_EDGE('',*,*,#1693,.F.);
#2491=ORIENTED_EDGE('',*,*,#1675,.F.);
#2492=ORIENTED_EDGE('',*,*,#1645,.T.);
#2493=ORIENTED_EDGE('',*,*,#1733,.T.);
#2494=ORIENTED_EDGE('',*,*,#1665,.T.);
#2495=ORIENTED_EDGE('',*,*,#1734,.T.);
#2496=ORIENTED_EDGE('',*,*,#1733,.F.);
#2497=ORIENTED_EDGE('',*,*,#1652,.F.);
#2498=ORIENTED_EDGE('',*,*,#1735,.F.);
#2499=ORIENTED_EDGE('',*,*,#1722,.F.);
#2500=ORIENTED_EDGE('',*,*,#1666,.F.);
#2501=ORIENTED_EDGE('',*,*,#1694,.T.);
#2502=ORIENTED_EDGE('',*,*,#1732,.T.);
#2503=ORIENTED_EDGE('',*,*,#1504,.T.);
#2504=ORIENTED_EDGE('',*,*,#1736,.T.);
#2505=ORIENTED_EDGE('',*,*,#1647,.T.);
#2506=ORIENTED_EDGE('',*,*,#1737,.T.);
#2507=ORIENTED_EDGE('',*,*,#1685,.T.);
#2508=ORIENTED_EDGE('',*,*,#1738,.T.);
#2509=ORIENTED_EDGE('',*,*,#1738,.F.);
#2510=ORIENTED_EDGE('',*,*,#1684,.F.);
#2511=ORIENTED_EDGE('',*,*,#1706,.F.);
#2512=ORIENTED_EDGE('',*,*,#1739,.F.);
#2513=ORIENTED_EDGE('',*,*,#1648,.F.);
#2514=ORIENTED_EDGE('',*,*,#1649,.T.);
#2515=ORIENTED_EDGE('',*,*,#1739,.T.);
#2516=ORIENTED_EDGE('',*,*,#1705,.T.);
#2517=ORIENTED_EDGE('',*,*,#1740,.T.);
#2518=ORIENTED_EDGE('',*,*,#1740,.F.);
#2519=ORIENTED_EDGE('',*,*,#1704,.F.);
#2520=ORIENTED_EDGE('',*,*,#1724,.F.);
#2521=ORIENTED_EDGE('',*,*,#1741,.F.);
#2522=ORIENTED_EDGE('',*,*,#1650,.F.);
#2523=ORIENTED_EDGE('',*,*,#1742,.T.);
#2524=ORIENTED_EDGE('',*,*,#1743,.T.);
#2525=ORIENTED_EDGE('',*,*,#1502,.T.);
#2526=ORIENTED_EDGE('',*,*,#1744,.T.);
#2527=ORIENTED_EDGE('',*,*,#1699,.T.);
#2528=ORIENTED_EDGE('',*,*,#1745,.T.);
#2529=ORIENTED_EDGE('',*,*,#1746,.T.);
#2530=ORIENTED_EDGE('',*,*,#1742,.F.);
#2531=ORIENTED_EDGE('',*,*,#1747,.T.);
#2532=ORIENTED_EDGE('',*,*,#1712,.T.);
#2533=ORIENTED_EDGE('',*,*,#1710,.T.);
#2534=ORIENTED_EDGE('',*,*,#1708,.T.);
#2535=ORIENTED_EDGE('',*,*,#1744,.F.);
#2536=ORIENTED_EDGE('',*,*,#1501,.T.);
#2537=ORIENTED_EDGE('',*,*,#1748,.F.);
#2538=ORIENTED_EDGE('',*,*,#1749,.F.);
#2539=ORIENTED_EDGE('',*,*,#1747,.F.);
#2540=ORIENTED_EDGE('',*,*,#1651,.T.);
#2541=ORIENTED_EDGE('',*,*,#1741,.T.);
#2542=ORIENTED_EDGE('',*,*,#1723,.T.);
#2543=ORIENTED_EDGE('',*,*,#1735,.T.);
#2544=ORIENTED_EDGE('',*,*,#1750,.T.);
#2545=ORIENTED_EDGE('',*,*,#1748,.T.);
#2546=ORIENTED_EDGE('',*,*,#1500,.T.);
#2547=ORIENTED_EDGE('',*,*,#1751,.T.);
#2548=ORIENTED_EDGE('',*,*,#1717,.T.);
#2549=ORIENTED_EDGE('',*,*,#1713,.T.);
#2550=ORIENTED_EDGE('',*,*,#1749,.T.);
#2551=ORIENTED_EDGE('',*,*,#1750,.F.);
#2552=ORIENTED_EDGE('',*,*,#1752,.T.);
#2553=ORIENTED_EDGE('',*,*,#1729,.T.);
#2554=ORIENTED_EDGE('',*,*,#1727,.T.);
#2555=ORIENTED_EDGE('',*,*,#1725,.T.);
#2556=ORIENTED_EDGE('',*,*,#1734,.F.);
#2557=ORIENTED_EDGE('',*,*,#1664,.F.);
#2558=ORIENTED_EDGE('',*,*,#1686,.F.);
#2559=ORIENTED_EDGE('',*,*,#1737,.F.);
#2560=ORIENTED_EDGE('',*,*,#1646,.F.);
#2561=ORIENTED_EDGE('',*,*,#1691,.F.);
#2562=ORIENTED_EDGE('',*,*,#1696,.F.);
#2563=ORIENTED_EDGE('',*,*,#1745,.F.);
#2564=ORIENTED_EDGE('',*,*,#1698,.F.);
#2565=ORIENTED_EDGE('',*,*,#1707,.F.);
#2566=ORIENTED_EDGE('',*,*,#1683,.F.);
#2567=ORIENTED_EDGE('',*,*,#1671,.F.);
#2568=ORIENTED_EDGE('',*,*,#1676,.F.);
#2569=ORIENTED_EDGE('',*,*,#1692,.F.);
#2570=ORIENTED_EDGE('',*,*,#1678,.F.);
#2571=ORIENTED_EDGE('',*,*,#1687,.F.);
#2572=ORIENTED_EDGE('',*,*,#1663,.F.);
#2573=ORIENTED_EDGE('',*,*,#1515,.T.);
#2574=ORIENTED_EDGE('',*,*,#1753,.T.);
#2575=ORIENTED_EDGE('',*,*,#1655,.F.);
#2576=ORIENTED_EDGE('',*,*,#1753,.F.);
#2577=ORIENTED_EDGE('',*,*,#1516,.T.);
#2578=ORIENTED_EDGE('',*,*,#1754,.T.);
#2579=ORIENTED_EDGE('',*,*,#1654,.F.);
#2580=ORIENTED_EDGE('',*,*,#1754,.F.);
#2581=ORIENTED_EDGE('',*,*,#1517,.T.);
#2582=ORIENTED_EDGE('',*,*,#1755,.T.);
#2583=ORIENTED_EDGE('',*,*,#1653,.F.);
#2584=ORIENTED_EDGE('',*,*,#1755,.F.);
#2585=ORIENTED_EDGE('',*,*,#1518,.T.);
#2586=ORIENTED_EDGE('',*,*,#1756,.T.);
#2587=ORIENTED_EDGE('',*,*,#1656,.F.);
#2588=ORIENTED_EDGE('',*,*,#1756,.F.);
#2589=ORIENTED_EDGE('',*,*,#1730,.F.);
#2590=ORIENTED_EDGE('',*,*,#1673,.F.);
#2591=ORIENTED_EDGE('',*,*,#1752,.F.);
#2592=ORIENTED_EDGE('',*,*,#1751,.F.);
#2593=ORIENTED_EDGE('',*,*,#1499,.T.);
#2594=ORIENTED_EDGE('',*,*,#1736,.F.);
#2595=ORIENTED_EDGE('',*,*,#1503,.T.);
#2596=ORIENTED_EDGE('',*,*,#1743,.F.);
#2597=ORIENTED_EDGE('',*,*,#1746,.F.);
#2598=ORIENTED_EDGE('',*,*,#1695,.F.);
#2599=B_SPLINE_SURFACE_WITH_KNOTS('',3,3,((#3875,#3876,#3877,#3878,#3879,
#3880),(#3881,#3882,#3883,#3884,#3885,#3886),(#3887,#3888,#3889,#3890,#3891,
#3892),(#3893,#3894,#3895,#3896,#3897,#3898)),.UNSPECIFIED.,.F.,.F.,.F.,
(4,4),(4,2,4),(0.,1.),(-0.0316557350869045,-0.00977858657027354,0.273915712147095),
 .UNSPECIFIED.);
#2600=B_SPLINE_SURFACE_WITH_KNOTS('',3,3,((#3941,#3942,#3943,#3944,#3945,
#3946,#3947,#3948,#3949,#3950,#3951),(#3952,#3953,#3954,#3955,#3956,#3957,
#3958,#3959,#3960,#3961,#3962),(#3963,#3964,#3965,#3966,#3967,#3968,#3969,
#3970,#3971,#3972,#3973),(#3974,#3975,#3976,#3977,#3978,#3979,#3980,#3981,
#3982,#3983,#3984),(#3985,#3986,#3987,#3988,#3989,#3990,#3991,#3992,#3993,
#3994,#3995),(#3996,#3997,#3998,#3999,#4000,#4001,#4002,#4003,#4004,#4005,
#4006),(#4007,#4008,#4009,#4010,#4011,#4012,#4013,#4014,#4015,#4016,#4017),
(#4018,#4019,#4020,#4021,#4022,#4023,#4024,#4025,#4026,#4027,#4028),(#4029,
#4030,#4031,#4032,#4033,#4034,#4035,#4036,#4037,#4038,#4039),(#4040,#4041,
#4042,#4043,#4044,#4045,#4046,#4047,#4048,#4049,#4050)),.UNSPECIFIED.,.F.,
 .F.,.F.,(4,3,3,4),(4,3,1,3,4),(-0.199279684686749,-7.64407910510797E-6,
1.,3.78067457487381),(-0.669967549258634,0.,0.571428571428571,1.00000006043474,
1.03975231464166),.UNSPECIFIED.);
#2601=B_SPLINE_SURFACE_WITH_KNOTS('',3,3,((#4243,#4244,#4245,#4246,#4247,
#4248),(#4249,#4250,#4251,#4252,#4253,#4254),(#4255,#4256,#4257,#4258,#4259,
#4260),(#4261,#4262,#4263,#4264,#4265,#4266)),.UNSPECIFIED.,.F.,.F.,.F.,
(4,4),(4,2,4),(0.,1.),(-0.0316557505145147,-0.00977872362878774,0.273915505046418),
 .UNSPECIFIED.);
#2602=B_SPLINE_SURFACE_WITH_KNOTS('',3,3,((#4303,#4304,#4305,#4306,#4307,
#4308,#4309,#4310,#4311,#4312,#4313),(#4314,#4315,#4316,#4317,#4318,#4319,
#4320,#4321,#4322,#4323,#4324),(#4325,#4326,#4327,#4328,#4329,#4330,#4331,
#4332,#4333,#4334,#4335),(#4336,#4337,#4338,#4339,#4340,#4341,#4342,#4343,
#4344,#4345,#4346),(#4347,#4348,#4349,#4350,#4351,#4352,#4353,#4354,#4355,
#4356,#4357),(#4358,#4359,#4360,#4361,#4362,#4363,#4364,#4365,#4366,#4367,
#4368),(#4369,#4370,#4371,#4372,#4373,#4374,#4375,#4376,#4377,#4378,#4379),
(#4380,#4381,#4382,#4383,#4384,#4385,#4386,#4387,#4388,#4389,#4390),(#4391,
#4392,#4393,#4394,#4395,#4396,#4397,#4398,#4399,#4400,#4401),(#4402,#4403,
#4404,#4405,#4406,#4407,#4408,#4409,#4410,#4411,#4412)),.UNSPECIFIED.,.F.,
 .F.,.F.,(4,3,3,4),(4,3,1,3,4),(-0.199278089032315,-7.20732854310936E-6,
1.,4.08541235546666),(-0.669967549258634,0.,0.571428571428571,1.00000006043138,
1.03975947969778),.UNSPECIFIED.);
#2603=B_SPLINE_SURFACE_WITH_KNOTS('',3,3,((#4469,#4470,#4471,#4472,#4473,
#4474),(#4475,#4476,#4477,#4478,#4479,#4480),(#4481,#4482,#4483,#4484,#4485,
#4486),(#4487,#4488,#4489,#4490,#4491,#4492)),.UNSPECIFIED.,.F.,.F.,.F.,
(4,4),(4,2,4),(0.,1.),(-0.0316557458043082,-0.00977871493242854,0.273916990326141),
 .UNSPECIFIED.);
#2604=B_SPLINE_SURFACE_WITH_KNOTS('',3,3,((#4529,#4530,#4531,#4532,#4533,
#4534,#4535,#4536,#4537,#4538,#4539),(#4540,#4541,#4542,#4543,#4544,#4545,
#4546,#4547,#4548,#4549,#4550),(#4551,#4552,#4553,#4554,#4555,#4556,#4557,
#4558,#4559,#4560,#4561),(#4562,#4563,#4564,#4565,#4566,#4567,#4568,#4569,
#4570,#4571,#4572),(#4573,#4574,#4575,#4576,#4577,#4578,#4579,#4580,#4581,
#4582,#4583),(#4584,#4585,#4586,#4587,#4588,#4589,#4590,#4591,#4592,#4593,
#4594),(#4595,#4596,#4597,#4598,#4599,#4600,#4601,#4602,#4603,#4604,#4605),
(#4606,#4607,#4608,#4609,#4610,#4611,#4612,#4613,#4614,#4615,#4616),(#4617,
#4618,#4619,#4620,#4621,#4622,#4623,#4624,#4625,#4626,#4627),(#4628,#4629,
#4630,#4631,#4632,#4633,#4634,#4635,#4636,#4637,#4638)),.UNSPECIFIED.,.F.,
 .F.,.F.,(4,3,3,4),(4,3,1,3,4),(-0.199275140028087,-7.2245319361422E-6,
1.,4.32594727388796),(-0.669967549402275,0.,0.571428571428571,1.00000006042793,
1.03976833410113),.UNSPECIFIED.);
#2605=B_SPLINE_SURFACE_WITH_KNOTS('',3,3,((#4698,#4699,#4700,#4701,#4702,
#4703),(#4704,#4705,#4706,#4707,#4708,#4709),(#4710,#4711,#4712,#4713,#4714,
#4715),(#4716,#4717,#4718,#4719,#4720,#4721)),.UNSPECIFIED.,.F.,.F.,.F.,
(4,4),(4,2,4),(0.,1.),(-0.031655700493236,-0.0097785781626829,0.273917381188582),
 .UNSPECIFIED.);
#2606=B_SPLINE_SURFACE_WITH_KNOTS('',3,3,((#4758,#4759,#4760,#4761,#4762,
#4763,#4764,#4765,#4766,#4767,#4768),(#4769,#4770,#4771,#4772,#4773,#4774,
#4775,#4776,#4777,#4778,#4779),(#4780,#4781,#4782,#4783,#4784,#4785,#4786,
#4787,#4788,#4789,#4790),(#4791,#4792,#4793,#4794,#4795,#4796,#4797,#4798,
#4799,#4800,#4801),(#4802,#4803,#4804,#4805,#4806,#4807,#4808,#4809,#4810,
#4811,#4812),(#4813,#4814,#4815,#4816,#4817,#4818,#4819,#4820,#4821,#4822,
#4823),(#4824,#4825,#4826,#4827,#4828,#4829,#4830,#4831,#4832,#4833,#4834),
(#4835,#4836,#4837,#4838,#4839,#4840,#4841,#4842,#4843,#4844,#4845),(#4846,
#4847,#4848,#4849,#4850,#4851,#4852,#4853,#4854,#4855,#4856),(#4857,#4858,
#4859,#4860,#4861,#4862,#4863,#4864,#4865,#4866,#4867)),.UNSPECIFIED.,.F.,
 .F.,.F.,(4,3,3,4),(4,3,1,3,4),(-0.199277013820682,-7.55139617031278E-6,
1.,4.21466192367538),(-0.669967549258634,0.,0.571428571428571,1.00000006043237,
1.03975798242565),.UNSPECIFIED.);
#2607=B_SPLINE_SURFACE_WITH_KNOTS('',3,3,((#4923,#4924,#4925,#4926,#4927,
#4928),(#4929,#4930,#4931,#4932,#4933,#4934),(#4935,#4936,#4937,#4938,#4939,
#4940),(#4941,#4942,#4943,#4944,#4945,#4946)),.UNSPECIFIED.,.F.,.F.,.F.,
(4,4),(4,2,4),(0.,1.),(-0.273916258378493,0.00977838691514684,0.0316556934359888),
 .UNSPECIFIED.);
#2608=B_SPLINE_SURFACE_WITH_KNOTS('',3,3,((#4983,#4984,#4985,#4986,#4987,
#4988,#4989,#4990,#4991,#4992,#4993),(#4994,#4995,#4996,#4997,#4998,#4999,
#5000,#5001,#5002,#5003,#5004),(#5005,#5006,#5007,#5008,#5009,#5010,#5011,
#5012,#5013,#5014,#5015),(#5016,#5017,#5018,#5019,#5020,#5021,#5022,#5023,
#5024,#5025,#5026),(#5027,#5028,#5029,#5030,#5031,#5032,#5033,#5034,#5035,
#5036,#5037),(#5038,#5039,#5040,#5041,#5042,#5043,#5044,#5045,#5046,#5047,
#5048),(#5049,#5050,#5051,#5052,#5053,#5054,#5055,#5056,#5057,#5058,#5059),
(#5060,#5061,#5062,#5063,#5064,#5065,#5066,#5067,#5068,#5069,#5070),(#5071,
#5072,#5073,#5074,#5075,#5076,#5077,#5078,#5079,#5080,#5081),(#5082,#5083,
#5084,#5085,#5086,#5087,#5088,#5089,#5090,#5091,#5092)),.UNSPECIFIED.,.F.,
 .F.,.F.,(4,3,3,4),(4,3,1,3,4),(-2.89892053412613,0.,1.0000078195613,1.23146664636486),
(-0.688131512696096,0.,0.571428571428571,1.00000000088067,1.32834617140807),
 .UNSPECIFIED.);
#2609=B_SPLINE_SURFACE_WITH_KNOTS('',3,3,((#5154,#5155,#5156,#5157,#5158,
#5159,#5160,#5161,#5162,#5163,#5164),(#5165,#5166,#5167,#5168,#5169,#5170,
#5171,#5172,#5173,#5174,#5175),(#5176,#5177,#5178,#5179,#5180,#5181,#5182,
#5183,#5184,#5185,#5186),(#5187,#5188,#5189,#5190,#5191,#5192,#5193,#5194,
#5195,#5196,#5197),(#5198,#5199,#5200,#5201,#5202,#5203,#5204,#5205,#5206,
#5207,#5208),(#5209,#5210,#5211,#5212,#5213,#5214,#5215,#5216,#5217,#5218,
#5219),(#5220,#5221,#5222,#5223,#5224,#5225,#5226,#5227,#5228,#5229,#5230),
(#5231,#5232,#5233,#5234,#5235,#5236,#5237,#5238,#5239,#5240,#5241),(#5242,
#5243,#5244,#5245,#5246,#5247,#5248,#5249,#5250,#5251,#5252),(#5253,#5254,
#5255,#5256,#5257,#5258,#5259,#5260,#5261,#5262,#5263)),.UNSPECIFIED.,.F.,
 .F.,.F.,(4,3,3,4),(4,3,1,3,4),(-2.71511244295363,0.,1.00000723483728,1.23147889310445),
(-0.671078085083949,0.,0.571428571428571,1.00000000088071,1.32834617358012),
 .UNSPECIFIED.);
#2610=B_SPLINE_SURFACE_WITH_KNOTS('',3,3,((#5325,#5326,#5327,#5328,#5329,
#5330,#5331,#5332,#5333,#5334,#5335),(#5336,#5337,#5338,#5339,#5340,#5341,
#5342,#5343,#5344,#5345,#5346),(#5347,#5348,#5349,#5350,#5351,#5352,#5353,
#5354,#5355,#5356,#5357),(#5358,#5359,#5360,#5361,#5362,#5363,#5364,#5365,
#5366,#5367,#5368),(#5369,#5370,#5371,#5372,#5373,#5374,#5375,#5376,#5377,
#5378,#5379),(#5380,#5381,#5382,#5383,#5384,#5385,#5386,#5387,#5388,#5389,
#5390),(#5391,#5392,#5393,#5394,#5395,#5396,#5397,#5398,#5399,#5400,#5401),
(#5402,#5403,#5404,#5405,#5406,#5407,#5408,#5409,#5410,#5411,#5412),(#5413,
#5414,#5415,#5416,#5417,#5418,#5419,#5420,#5421,#5422,#5423),(#5424,#5425,
#5426,#5427,#5428,#5429,#5430,#5431,#5432,#5433,#5434)),.UNSPECIFIED.,.F.,
 .F.,.F.,(4,3,3,4),(4,3,1,3,4),(-3.38137677129184,0.,1.00000683256493,1.23148692058182),
(-0.687327461993158,0.,0.571428571428571,1.00000000088062,1.32834612521689),
 .UNSPECIFIED.);
#2611=B_SPLINE_SURFACE_WITH_KNOTS('',3,3,((#5496,#5497,#5498,#5499,#5500,
#5501,#5502,#5503,#5504,#5505,#5506),(#5507,#5508,#5509,#5510,#5511,#5512,
#5513,#5514,#5515,#5516,#5517),(#5518,#5519,#5520,#5521,#5522,#5523,#5524,
#5525,#5526,#5527,#5528),(#5529,#5530,#5531,#5532,#5533,#5534,#5535,#5536,
#5537,#5538,#5539),(#5540,#5541,#5542,#5543,#5544,#5545,#5546,#5547,#5548,
#5549,#5550),(#5551,#5552,#5553,#5554,#5555,#5556,#5557,#5558,#5559,#5560,
#5561),(#5562,#5563,#5564,#5565,#5566,#5567,#5568,#5569,#5570,#5571,#5572),
(#5573,#5574,#5575,#5576,#5577,#5578,#5579,#5580,#5581,#5582,#5583),(#5584,
#5585,#5586,#5587,#5588,#5589,#5590,#5591,#5592,#5593,#5594),(#5595,#5596,
#5597,#5598,#5599,#5600,#5601,#5602,#5603,#5604,#5605)),.UNSPECIFIED.,.F.,
 .F.,.F.,(4,3,3,4),(4,3,1,3,4),(-3.3678652286837,0.,1.00000685701429,1.23148593360194),
(-0.689279941679037,0.,0.571428571428571,1.00000000088047,1.32834606566563),
 .UNSPECIFIED.);
#2612=B_SPLINE_SURFACE_WITH_KNOTS('',3,3,((#5668,#5669,#5670,#5671,#5672,
#5673,#5674,#5675,#5676,#5677,#5678),(#5679,#5680,#5681,#5682,#5683,#5684,
#5685,#5686,#5687,#5688,#5689),(#5690,#5691,#5692,#5693,#5694,#5695,#5696,
#5697,#5698,#5699,#5700),(#5701,#5702,#5703,#5704,#5705,#5706,#5707,#5708,
#5709,#5710,#5711),(#5712,#5713,#5714,#5715,#5716,#5717,#5718,#5719,#5720,
#5721,#5722),(#5723,#5724,#5725,#5726,#5727,#5728,#5729,#5730,#5731,#5732,
#5733),(#5734,#5735,#5736,#5737,#5738,#5739,#5740,#5741,#5742,#5743,#5744),
(#5745,#5746,#5747,#5748,#5749,#5750,#5751,#5752,#5753,#5754,#5755),(#5756,
#5757,#5758,#5759,#5760,#5761,#5762,#5763,#5764,#5765,#5766),(#5767,#5768,
#5769,#5770,#5771,#5772,#5773,#5774,#5775,#5776,#5777)),.UNSPECIFIED.,.F.,
 .F.,.F.,(4,3,3,4),(4,3,1,3,4),(-3.16362833785528,0.,1.00000725879211,1.23147691303596),
(-0.691655527741833,0.,0.571428571428571,1.00000000088062,1.32834613523047),
 .UNSPECIFIED.);
#2613=B_SPLINE_SURFACE_WITH_KNOTS('',3,3,((#5839,#5840,#5841,#5842,#5843,
#5844,#5845),(#5846,#5847,#5848,#5849,#5850,#5851,#5852),(#5853,#5854,#5855,
#5856,#5857,#5858,#5859),(#5860,#5861,#5862,#5863,#5864,#5865,#5866),(#5867,
#5868,#5869,#5870,#5871,#5872,#5873),(#5874,#5875,#5876,#5877,#5878,#5879,
#5880),(#5881,#5882,#5883,#5884,#5885,#5886,#5887),(#5888,#5889,#5890,#5891,
#5892,#5893,#5894),(#5895,#5896,#5897,#5898,#5899,#5900,#5901),(#5902,#5903,
#5904,#5905,#5906,#5907,#5908)),.UNSPECIFIED.,.F.,.F.,.F.,(4,3,3,4),(4,
3,4),(-108.891621915112,-0.0149945043777542,1.,17.5890583796325),(0.0425511861722184,
0.708602681599708,0.986799432831311),.UNSPECIFIED.);
#2614=B_SPLINE_SURFACE_WITH_KNOTS('',3,3,((#5913,#5914,#5915,#5916,#5917,
#5918,#5919),(#5920,#5921,#5922,#5923,#5924,#5925,#5926),(#5927,#5928,#5929,
#5930,#5931,#5932,#5933),(#5934,#5935,#5936,#5937,#5938,#5939,#5940),(#5941,
#5942,#5943,#5944,#5945,#5946,#5947),(#5948,#5949,#5950,#5951,#5952,#5953,
#5954),(#5955,#5956,#5957,#5958,#5959,#5960,#5961),(#5962,#5963,#5964,#5965,
#5966,#5967,#5968),(#5969,#5970,#5971,#5972,#5973,#5974,#5975),(#5976,#5977,
#5978,#5979,#5980,#5981,#5982)),.UNSPECIFIED.,.F.,.F.,.F.,(4,3,3,4),(4,
3,4),(-108.891621915366,-0.0149945043777206,1.,15.1261757477807),(0.0425511861722531,
0.708602681599676,0.986793317782885),.UNSPECIFIED.);
#2615=B_SPLINE_SURFACE_WITH_KNOTS('',3,3,((#5987,#5988,#5989,#5990,#5991,
#5992,#5993),(#5994,#5995,#5996,#5997,#5998,#5999,#6000),(#6001,#6002,#6003,
#6004,#6005,#6006,#6007),(#6008,#6009,#6010,#6011,#6012,#6013,#6014),(#6015,
#6016,#6017,#6018,#6019,#6020,#6021),(#6022,#6023,#6024,#6025,#6026,#6027,
#6028),(#6029,#6030,#6031,#6032,#6033,#6034,#6035),(#6036,#6037,#6038,#6039,
#6040,#6041,#6042),(#6043,#6044,#6045,#6046,#6047,#6048,#6049),(#6050,#6051,
#6052,#6053,#6054,#6055,#6056)),.UNSPECIFIED.,.F.,.F.,.F.,(4,3,3,4),(4,
3,4),(-108.891621915157,-0.0149945043776986,1.,17.0995236351675),(0.042551186172275,
0.708602681599652,0.986792901465298),.UNSPECIFIED.);
#2616=B_SPLINE_SURFACE_WITH_KNOTS('',3,3,((#6061,#6062,#6063,#6064,#6065,
#6066,#6067),(#6068,#6069,#6070,#6071,#6072,#6073,#6074),(#6075,#6076,#6077,
#6078,#6079,#6080,#6081),(#6082,#6083,#6084,#6085,#6086,#6087,#6088),(#6089,
#6090,#6091,#6092,#6093,#6094,#6095),(#6096,#6097,#6098,#6099,#6100,#6101,
#6102),(#6103,#6104,#6105,#6106,#6107,#6108,#6109),(#6110,#6111,#6112,#6113,
#6114,#6115,#6116),(#6117,#6118,#6119,#6120,#6121,#6122,#6123),(#6124,#6125,
#6126,#6127,#6128,#6129,#6130)),.UNSPECIFIED.,.F.,.F.,.F.,(4,3,3,4),(4,
3,4),(-108.891621914831,-0.0149945043776875,1.,19.0297618601617),(0.0425511861722858,
0.708602681599636,0.986797826283081),.UNSPECIFIED.);
#2617=B_SPLINE_SURFACE_WITH_KNOTS('',3,3,((#6135,#6136,#6137,#6138,#6139,
#6140,#6141),(#6142,#6143,#6144,#6145,#6146,#6147,#6148),(#6149,#6150,#6151,
#6152,#6153,#6154,#6155),(#6156,#6157,#6158,#6159,#6160,#6161,#6162),(#6163,
#6164,#6165,#6166,#6167,#6168,#6169),(#6170,#6171,#6172,#6173,#6174,#6175,
#6176),(#6177,#6178,#6179,#6180,#6181,#6182,#6183),(#6184,#6185,#6186,#6187,
#6188,#6189,#6190),(#6191,#6192,#6193,#6194,#6195,#6196,#6197),(#6198,#6199,
#6200,#6201,#6202,#6203,#6204)),.UNSPECIFIED.,.F.,.F.,.F.,(4,3,3,4),(4,
3,4),(-108.891621915079,-0.0149945043776559,1.,19.197704050704),(0.042551186172319,
0.708602681599609,0.986806703789723),.UNSPECIFIED.);
#2618=B_SPLINE_SURFACE_WITH_KNOTS('',3,3,((#6211,#6212,#6213,#6214,#6215,
#6216,#6217,#6218,#6219,#6220,#6221),(#6222,#6223,#6224,#6225,#6226,#6227,
#6228,#6229,#6230,#6231,#6232),(#6233,#6234,#6235,#6236,#6237,#6238,#6239,
#6240,#6241,#6242,#6243),(#6244,#6245,#6246,#6247,#6248,#6249,#6250,#6251,
#6252,#6253,#6254),(#6255,#6256,#6257,#6258,#6259,#6260,#6261,#6262,#6263,
#6264,#6265),(#6266,#6267,#6268,#6269,#6270,#6271,#6272,#6273,#6274,#6275,
#6276),(#6277,#6278,#6279,#6280,#6281,#6282,#6283,#6284,#6285,#6286,#6287),
(#6288,#6289,#6290,#6291,#6292,#6293,#6294,#6295,#6296,#6297,#6298),(#6299,
#6300,#6301,#6302,#6303,#6304,#6305,#6306,#6307,#6308,#6309),(#6310,#6311,
#6312,#6313,#6314,#6315,#6316,#6317,#6318,#6319,#6320)),.UNSPECIFIED.,.F.,
 .F.,.F.,(4,3,3,4),(4,3,1,3,4),(-0.19927811246287,-8.21456923882527E-6,
1.,3.8584494461784),(-0.669967549258634,0.,0.571428571428571,1.00000006043528,
1.03975263418217),.UNSPECIFIED.);
#2619=B_SPLINE_SURFACE_WITH_KNOTS('',3,3,((#6412,#6413,#6414,#6415),(#6416,
#6417,#6418,#6419),(#6420,#6421,#6422,#6423),(#6424,#6425,#6426,#6427)),
 .UNSPECIFIED.,.F.,.F.,.F.,(4,4),(4,4),(0.,1.),(8.32667268468867E-17,0.0738089578111588),
 .UNSPECIFIED.);
#2620=B_SPLINE_SURFACE_WITH_KNOTS('',3,3,((#6433,#6434,#6435,#6436,#6437,
#6438,#6439),(#6440,#6441,#6442,#6443,#6444,#6445,#6446),(#6447,#6448,#6449,
#6450,#6451,#6452,#6453),(#6454,#6455,#6456,#6457,#6458,#6459,#6460),(#6461,
#6462,#6463,#6464,#6465,#6466,#6467),(#6468,#6469,#6470,#6471,#6472,#6473,
#6474),(#6475,#6476,#6477,#6478,#6479,#6480,#6481)),.UNSPECIFIED.,.F.,.F.,
 .F.,(4,3,4),(4,3,4),(0.,1.,1.61617596412368),(0.703390280605757,0.841295154645662,
1.),.UNSPECIFIED.);
#2621=B_SPLINE_SURFACE_WITH_KNOTS('',3,3,((#6482,#6483,#6484,#6485),(#6486,
#6487,#6488,#6489),(#6490,#6491,#6492,#6493),(#6494,#6495,#6496,#6497)),
 .UNSPECIFIED.,.F.,.F.,.F.,(4,4),(4,4),(0.,1.),(8.32667268468867E-17,0.0738089578111588),
 .UNSPECIFIED.);
#2622=B_SPLINE_SURFACE_WITH_KNOTS('',3,3,((#6503,#6504,#6505,#6506,#6507,
#6508,#6509),(#6510,#6511,#6512,#6513,#6514,#6515,#6516),(#6517,#6518,#6519,
#6520,#6521,#6522,#6523),(#6524,#6525,#6526,#6527,#6528,#6529,#6530),(#6531,
#6532,#6533,#6534,#6535,#6536,#6537),(#6538,#6539,#6540,#6541,#6542,#6543,
#6544),(#6545,#6546,#6547,#6548,#6549,#6550,#6551)),.UNSPECIFIED.,.F.,.F.,
 .F.,(4,3,4),(4,3,4),(0.,1.,1.61617596412326),(0.703390280605757,0.841295154645662,
1.),.UNSPECIFIED.);
#2623=B_SPLINE_SURFACE_WITH_KNOTS('',3,3,((#6552,#6553,#6554,#6555),(#6556,
#6557,#6558,#6559),(#6560,#6561,#6562,#6563),(#6564,#6565,#6566,#6567)),
 .UNSPECIFIED.,.F.,.F.,.F.,(4,4),(4,4),(0.,1.),(8.32667268468867E-17,0.0738089578111588),
 .UNSPECIFIED.);
#2624=B_SPLINE_SURFACE_WITH_KNOTS('',3,3,((#6573,#6574,#6575,#6576,#6577,
#6578,#6579),(#6580,#6581,#6582,#6583,#6584,#6585,#6586),(#6587,#6588,#6589,
#6590,#6591,#6592,#6593),(#6594,#6595,#6596,#6597,#6598,#6599,#6600),(#6601,
#6602,#6603,#6604,#6605,#6606,#6607),(#6608,#6609,#6610,#6611,#6612,#6613,
#6614),(#6615,#6616,#6617,#6618,#6619,#6620,#6621)),.UNSPECIFIED.,.F.,.F.,
 .F.,(4,3,4),(4,3,4),(0.,1.,1.6161759641232),(0.703390280605757,0.841295154645662,
1.),.UNSPECIFIED.);
#2625=B_SPLINE_SURFACE_WITH_KNOTS('',3,3,((#6622,#6623,#6624,#6625),(#6626,
#6627,#6628,#6629),(#6630,#6631,#6632,#6633),(#6634,#6635,#6636,#6637)),
 .UNSPECIFIED.,.F.,.F.,.F.,(4,4),(4,4),(0.,1.),(8.32667268468867E-17,0.0738089578111588),
 .UNSPECIFIED.);
#2626=B_SPLINE_SURFACE_WITH_KNOTS('',3,3,((#6643,#6644,#6645,#6646,#6647,
#6648,#6649),(#6650,#6651,#6652,#6653,#6654,#6655,#6656),(#6657,#6658,#6659,
#6660,#6661,#6662,#6663),(#6664,#6665,#6666,#6667,#6668,#6669,#6670),(#6671,
#6672,#6673,#6674,#6675,#6676,#6677),(#6678,#6679,#6680,#6681,#6682,#6683,
#6684),(#6685,#6686,#6687,#6688,#6689,#6690,#6691)),.UNSPECIFIED.,.F.,.F.,
 .F.,(4,3,4),(4,3,4),(0.,1.,1.61617596412379),(0.703390280605757,0.841295154645662,
1.),.UNSPECIFIED.);
#2627=B_SPLINE_SURFACE_WITH_KNOTS('',3,3,((#6697,#6698,#6699,#6700),(#6701,
#6702,#6703,#6704),(#6705,#6706,#6707,#6708),(#6709,#6710,#6711,#6712)),
 .UNSPECIFIED.,.F.,.F.,.F.,(4,4),(4,4),(0.,1.),(8.32667268468867E-17,0.0738089578111588),
 .UNSPECIFIED.);
#2628=B_SPLINE_SURFACE_WITH_KNOTS('',3,3,((#6729,#6730,#6731,#6732,#6733,
#6734,#6735),(#6736,#6737,#6738,#6739,#6740,#6741,#6742),(#6743,#6744,#6745,
#6746,#6747,#6748,#6749),(#6750,#6751,#6752,#6753,#6754,#6755,#6756),(#6757,
#6758,#6759,#6760,#6761,#6762,#6763),(#6764,#6765,#6766,#6767,#6768,#6769,
#6770),(#6771,#6772,#6773,#6774,#6775,#6776,#6777)),.UNSPECIFIED.,.F.,.F.,
 .F.,(4,3,4),(4,3,4),(0.,1.,1.61617596412358),(0.703390280605756,0.841295154645662,
1.),.UNSPECIFIED.);
#2629=ADVANCED_FACE('',(#643),#2599,.F.);
#2630=ADVANCED_FACE('',(#644),#2600,.F.);
#2631=ADVANCED_FACE('',(#645,#412),#583,.F.);
#2632=ADVANCED_FACE('',(#646),#2601,.F.);
#2633=ADVANCED_FACE('',(#647),#2602,.F.);
#2634=ADVANCED_FACE('',(#648),#2603,.F.);
#2635=ADVANCED_FACE('',(#649),#2604,.F.);
#2636=ADVANCED_FACE('',(#650),#2605,.F.);
#2637=ADVANCED_FACE('',(#651),#2606,.F.);
#2638=ADVANCED_FACE('',(#652),#2607,.F.);
#2639=ADVANCED_FACE('',(#653),#2608,.F.);
#2640=ADVANCED_FACE('',(#654),#2609,.F.);
#2641=ADVANCED_FACE('',(#655),#2610,.F.);
#2642=ADVANCED_FACE('',(#656),#2611,.F.);
#2643=ADVANCED_FACE('',(#657),#2612,.F.);
#2644=ADVANCED_FACE('',(#658),#2613,.F.);
#2645=ADVANCED_FACE('',(#659),#2614,.F.);
#2646=ADVANCED_FACE('',(#660),#2615,.F.);
#2647=ADVANCED_FACE('',(#661),#2616,.F.);
#2648=ADVANCED_FACE('',(#662),#2617,.F.);
#2649=ADVANCED_FACE('',(#663),#2618,.F.);
#2650=ADVANCED_FACE('',(#664),#410,.T.);
#2651=ADVANCED_FACE('',(#665),#360,.T.);
#2652=ADVANCED_FACE('',(#666),#361,.T.);
#2653=ADVANCED_FACE('',(#667),#362,.T.);
#2654=ADVANCED_FACE('',(#668),#363,.T.);
#2655=ADVANCED_FACE('',(#669),#584,.T.);
#2656=ADVANCED_FACE('',(#670),#2619,.F.);
#2657=ADVANCED_FACE('',(#671),#585,.T.);
#2658=ADVANCED_FACE('',(#672),#2620,.F.);
#2659=ADVANCED_FACE('',(#673),#2621,.F.);
#2660=ADVANCED_FACE('',(#674),#586,.T.);
#2661=ADVANCED_FACE('',(#675),#2622,.F.);
#2662=ADVANCED_FACE('',(#676),#2623,.F.);
#2663=ADVANCED_FACE('',(#677),#587,.T.);
#2664=ADVANCED_FACE('',(#678),#2624,.F.);
#2665=ADVANCED_FACE('',(#679),#2625,.F.);
#2666=ADVANCED_FACE('',(#680),#588,.T.);
#2667=ADVANCED_FACE('',(#681),#2626,.F.);
#2668=ADVANCED_FACE('',(#682),#364,.T.);
#2669=ADVANCED_FACE('',(#683),#2627,.F.);
#2670=ADVANCED_FACE('',(#684),#589,.T.);
#2671=ADVANCED_FACE('',(#685),#411,.F.);
#2672=ADVANCED_FACE('',(#686),#365,.F.);
#2673=ADVANCED_FACE('',(#687),#590,.F.);
#2674=ADVANCED_FACE('',(#688),#2628,.F.);
#2675=ADVANCED_FACE('',(#689),#15,.T.);
#2676=ADVANCED_FACE('',(#690),#16,.F.);
#2677=ADVANCED_FACE('',(#691),#591,.T.);
#2678=ADVANCED_FACE('',(#692),#17,.F.);
#2679=ADVANCED_FACE('',(#693),#18,.F.);
#2680=ADVANCED_FACE('',(#694),#19,.F.);
#2681=ADVANCED_FACE('',(#695),#592,.T.);
#2682=ADVANCED_FACE('',(#696),#20,.F.);
#2683=ADVANCED_FACE('',(#697),#366,.F.);
#2684=ADVANCED_FACE('',(#698),#593,.T.);
#2685=ADVANCED_FACE('',(#699),#367,.F.);
#2686=ADVANCED_FACE('',(#700),#368,.T.);
#2687=ADVANCED_FACE('',(#701,#413,#414,#415,#416,#417,#418,#419),#594,.F.);
#2688=ADVANCED_FACE('',(#702),#595,.T.);
#2689=ADVANCED_FACE('',(#703),#21,.F.);
#2690=ADVANCED_FACE('',(#704),#22,.T.);
#2691=ADVANCED_FACE('',(#705),#23,.F.);
#2692=ADVANCED_FACE('',(#706),#596,.T.);
#2693=ADVANCED_FACE('',(#707),#24,.F.);
#2694=ADVANCED_FACE('',(#708),#25,.F.);
#2695=ADVANCED_FACE('',(#709),#26,.F.);
#2696=ADVANCED_FACE('',(#710),#369,.F.);
#2697=ADVANCED_FACE('',(#711),#370,.F.);
#2698=ADVANCED_FACE('',(#712),#371,.F.);
#2699=ADVANCED_FACE('',(#713),#597,.T.);
#2700=ADVANCED_FACE('',(#714),#598,.T.);
#2701=ADVANCED_FACE('',(#715),#27,.F.);
#2702=ADVANCED_FACE('',(#716),#28,.T.);
#2703=ADVANCED_FACE('',(#717),#29,.F.);
#2704=ADVANCED_FACE('',(#718),#599,.T.);
#2705=ADVANCED_FACE('',(#719),#30,.F.);
#2706=ADVANCED_FACE('',(#720),#31,.F.);
#2707=ADVANCED_FACE('',(#721),#32,.F.);
#2708=ADVANCED_FACE('',(#722),#372,.F.);
#2709=ADVANCED_FACE('',(#723),#373,.T.);
#2710=ADVANCED_FACE('',(#724),#374,.F.);
#2711=ADVANCED_FACE('',(#725),#600,.T.);
#2712=ADVANCED_FACE('',(#726),#601,.T.);
#2713=ADVANCED_FACE('',(#727),#33,.F.);
#2714=ADVANCED_FACE('',(#728),#34,.F.);
#2715=ADVANCED_FACE('',(#729),#35,.F.);
#2716=ADVANCED_FACE('',(#730),#36,.F.);
#2717=ADVANCED_FACE('',(#731),#37,.F.);
#2718=ADVANCED_FACE('',(#732),#38,.F.);
#2719=ADVANCED_FACE('',(#733),#602,.T.);
#2720=ADVANCED_FACE('',(#734),#39,.F.);
#2721=ADVANCED_FACE('',(#735),#40,.T.);
#2722=ADVANCED_FACE('',(#736),#41,.F.);
#2723=ADVANCED_FACE('',(#737),#603,.T.);
#2724=ADVANCED_FACE('',(#738),#604,.T.);
#2725=ADVANCED_FACE('',(#739),#375,.F.);
#2726=ADVANCED_FACE('',(#740),#376,.T.);
#2727=ADVANCED_FACE('',(#741),#377,.F.);
#2728=ADVANCED_FACE('',(#742),#605,.T.);
#2729=ADVANCED_FACE('',(#743),#42,.F.);
#2730=ADVANCED_FACE('',(#744),#43,.T.);
#2731=ADVANCED_FACE('',(#745),#44,.F.);
#2732=ADVANCED_FACE('',(#746),#606,.T.);
#2733=ADVANCED_FACE('',(#747),#378,.F.);
#2734=ADVANCED_FACE('',(#748),#607,.T.);
#2735=ADVANCED_FACE('',(#749),#379,.F.);
#2736=ADVANCED_FACE('',(#750),#608,.T.);
#2737=ADVANCED_FACE('',(#751),#45,.F.);
#2738=ADVANCED_FACE('',(#752),#46,.T.);
#2739=ADVANCED_FACE('',(#753),#47,.F.);
#2740=ADVANCED_FACE('',(#754),#609,.T.);
#2741=ADVANCED_FACE('',(#755),#380,.F.);
#2742=ADVANCED_FACE('',(#756),#610,.T.);
#2743=ADVANCED_FACE('',(#757),#381,.F.);
#2744=ADVANCED_FACE('',(#758,#420,#421,#422,#423,#424),#611,.T.);
#2745=ADVANCED_FACE('',(#759),#382,.F.);
#2746=ADVANCED_FACE('',(#760),#612,.F.);
#2747=ADVANCED_FACE('',(#761),#383,.T.);
#2748=ADVANCED_FACE('',(#762),#384,.F.);
#2749=ADVANCED_FACE('',(#763),#613,.T.);
#2750=ADVANCED_FACE('',(#764),#385,.F.);
#2751=ADVANCED_FACE('',(#765),#614,.F.);
#2752=ADVANCED_FACE('',(#766),#386,.T.);
#2753=ADVANCED_FACE('',(#767),#387,.F.);
#2754=ADVANCED_FACE('',(#768),#615,.T.);
#2755=ADVANCED_FACE('',(#769),#388,.F.);
#2756=ADVANCED_FACE('',(#770),#616,.F.);
#2757=ADVANCED_FACE('',(#771),#389,.T.);
#2758=ADVANCED_FACE('',(#772),#390,.F.);
#2759=ADVANCED_FACE('',(#773),#391,.T.);
#2760=ADVANCED_FACE('',(#774),#392,.F.);
#2761=ADVANCED_FACE('',(#775),#617,.F.);
#2762=ADVANCED_FACE('',(#776),#393,.T.);
#2763=ADVANCED_FACE('',(#777),#394,.F.);
#2764=ADVANCED_FACE('',(#778),#395,.T.);
#2765=ADVANCED_FACE('',(#779),#396,.T.);
#2766=ADVANCED_FACE('',(#780),#618,.T.);
#2767=ADVANCED_FACE('',(#781),#397,.T.);
#2768=ADVANCED_FACE('',(#782),#619,.T.);
#2769=ADVANCED_FACE('',(#783),#398,.T.);
#2770=ADVANCED_FACE('',(#784),#399,.T.);
#2771=ADVANCED_FACE('',(#785),#620,.T.);
#2772=ADVANCED_FACE('',(#786),#400,.T.);
#2773=ADVANCED_FACE('',(#787),#621,.T.);
#2774=ADVANCED_FACE('',(#788),#401,.T.);
#2775=ADVANCED_FACE('',(#789),#622,.T.);
#2776=ADVANCED_FACE('',(#790),#623,.T.);
#2777=ADVANCED_FACE('',(#791),#402,.T.);
#2778=ADVANCED_FACE('',(#792),#403,.T.);
#2779=ADVANCED_FACE('',(#793),#624,.T.);
#2780=ADVANCED_FACE('',(#794),#625,.T.);
#2781=ADVANCED_FACE('',(#795),#404,.T.);
#2782=ADVANCED_FACE('',(#796),#405,.T.);
#2783=ADVANCED_FACE('',(#797),#406,.F.);
#2784=ADVANCED_FACE('',(#798),#407,.F.);
#2785=ADVANCED_FACE('',(#799),#408,.F.);
#2786=ADVANCED_FACE('',(#800),#409,.F.);
#2787=ADVANCED_FACE('',(#801),#626,.T.);
#2788=ADVANCED_FACE('',(#802),#627,.T.);
#2789=CLOSED_SHELL('',(#2629,#2630,#2631,#2632,#2633,#2634,#2635,#2636,
#2637,#2638,#2639,#2640,#2641,#2642,#2643,#2644,#2645,#2646,#2647,#2648,
#2649,#2650,#2651,#2652,#2653,#2654,#2655,#2656,#2657,#2658,#2659,#2660,
#2661,#2662,#2663,#2664,#2665,#2666,#2667,#2668,#2669,#2670,#2671,#2672,
#2673,#2674));
#2790=CLOSED_SHELL('',(#2675,#2676,#2677,#2678,#2679,#2680,#2681,#2682,
#2683,#2684,#2685,#2686,#2687,#2688,#2689,#2690,#2691,#2692,#2693,#2694,
#2695,#2696,#2697,#2698,#2699,#2700,#2701,#2702,#2703,#2704,#2705,#2706,
#2707,#2708,#2709,#2710,#2711,#2712,#2713,#2714,#2715,#2716,#2717,#2718,
#2719,#2720,#2721,#2722,#2723,#2724,#2725,#2726,#2727,#2728,#2729,#2730,
#2731,#2732,#2733,#2734,#2735,#2736,#2737,#2738,#2739,#2740,#2741,#2742,
#2743,#2744,#2745,#2746,#2747,#2748,#2749,#2750,#2751,#2752,#2753,#2754,
#2755,#2756,#2757,#2758,#2759,#2760,#2761,#2762,#2763,#2764,#2765,#2766,
#2767,#2768,#2769,#2770,#2771,#2772,#2773,#2774,#2775,#2776,#2777,#2778,
#2779,#2780,#2781,#2782,#2783,#2784,#2785,#2786,#2787,#2788));
#2791=DERIVED_UNIT_ELEMENT(#2793,1.);
#2792=DERIVED_UNIT_ELEMENT(#7400,-3.);
#2793=(
MASS_UNIT()
NAMED_UNIT(*)
SI_UNIT(.KILO.,.GRAM.)
);
#2794=DERIVED_UNIT((#2791,#2792));
#2795=MEASURE_REPRESENTATION_ITEM('density measure',
POSITIVE_RATIO_MEASURE(7850.),#2794);
#2796=PROPERTY_DEFINITION_REPRESENTATION(#2801,#2798);
#2797=PROPERTY_DEFINITION_REPRESENTATION(#2802,#2799);
#2798=REPRESENTATION('material name',(#2800),#7397);
#2799=REPRESENTATION('density',(#2795),#7397);
#2800=DESCRIPTIVE_REPRESENTATION_ITEM('Steel','Steel');
#2801=PROPERTY_DEFINITION('material property','material name',#7412);
#2802=PROPERTY_DEFINITION('material property','density of part',#7412);
#2803=AXIS2_PLACEMENT_3D('',#3873,#3109,#3110);
#2804=AXIS2_PLACEMENT_3D('',#3874,#3111,#3112);
#2805=AXIS2_PLACEMENT_3D('',#4111,#3113,#3114);
#2806=AXIS2_PLACEMENT_3D('',#4112,#3115,#3116);
#2807=AXIS2_PLACEMENT_3D('',#4128,#3117,#3118);
#2808=AXIS2_PLACEMENT_3D('',#4157,#3119,#3120);
#2809=AXIS2_PLACEMENT_3D('',#4186,#3121,#3122);
#2810=AXIS2_PLACEMENT_3D('',#4215,#3123,#3124);
#2811=AXIS2_PLACEMENT_3D('',#4240,#3125,#3126);
#2812=AXIS2_PLACEMENT_3D('',#4242,#3127,#3128);
#2813=AXIS2_PLACEMENT_3D('',#4468,#3129,#3130);
#2814=AXIS2_PLACEMENT_3D('',#4697,#3131,#3132);
#2815=AXIS2_PLACEMENT_3D('',#4922,#3133,#3134);
#2816=AXIS2_PLACEMENT_3D('',#5094,#3135,#3136);
#2817=AXIS2_PLACEMENT_3D('',#5153,#3137,#3138);
#2818=AXIS2_PLACEMENT_3D('',#5265,#3139,#3140);
#2819=AXIS2_PLACEMENT_3D('',#5324,#3141,#3142);
#2820=AXIS2_PLACEMENT_3D('',#5436,#3143,#3144);
#2821=AXIS2_PLACEMENT_3D('',#5495,#3145,#3146);
#2822=AXIS2_PLACEMENT_3D('',#5607,#3147,#3148);
#2823=AXIS2_PLACEMENT_3D('',#5667,#3149,#3150);
#2824=AXIS2_PLACEMENT_3D('',#5779,#3151,#3152);
#2825=AXIS2_PLACEMENT_3D('',#5838,#3153,#3154);
#2826=AXIS2_PLACEMENT_3D('',#6206,#3155,#3156);
#2827=AXIS2_PLACEMENT_3D('',#6375,#3157,#3158);
#2828=AXIS2_PLACEMENT_3D('',#6376,#3159,#3160);
#2829=AXIS2_PLACEMENT_3D('',#6377,#3161,#3162);
#2830=AXIS2_PLACEMENT_3D('',#6378,#3163,#3164);
#2831=AXIS2_PLACEMENT_3D('',#6380,#3165,#3166);
#2832=AXIS2_PLACEMENT_3D('',#6382,#3167,#3168);
#2833=AXIS2_PLACEMENT_3D('',#6383,#3169,#3170);
#2834=AXIS2_PLACEMENT_3D('',#6384,#3171,#3172);
#2835=AXIS2_PLACEMENT_3D('',#6385,#3173,#3174);
#2836=AXIS2_PLACEMENT_3D('',#6386,#3175,#3176);
#2837=AXIS2_PLACEMENT_3D('',#6387,#3177,#3178);
#2838=AXIS2_PLACEMENT_3D('',#6388,#3179,#3180);
#2839=AXIS2_PLACEMENT_3D('',#6389,#3181,#3182);
#2840=AXIS2_PLACEMENT_3D('',#6390,#3183,#3184);
#2841=AXIS2_PLACEMENT_3D('',#6391,#3185,#3186);
#2842=AXIS2_PLACEMENT_3D('',#6396,#3187,#3188);
#2843=AXIS2_PLACEMENT_3D('',#6401,#3189,#3190);
#2844=AXIS2_PLACEMENT_3D('',#6406,#3191,#3192);
#2845=AXIS2_PLACEMENT_3D('',#6411,#3193,#3194);
#2846=AXIS2_PLACEMENT_3D('',#6432,#3195,#3196);
#2847=AXIS2_PLACEMENT_3D('',#6502,#3197,#3198);
#2848=AXIS2_PLACEMENT_3D('',#6572,#3199,#3200);
#2849=AXIS2_PLACEMENT_3D('',#6642,#3201,#3202);
#2850=AXIS2_PLACEMENT_3D('',#6692,#3203,#3204);
#2851=AXIS2_PLACEMENT_3D('',#6717,#3205,#3206);
#2852=AXIS2_PLACEMENT_3D('',#6718,#3207,#3208);
#2853=AXIS2_PLACEMENT_3D('',#6721,#3209,#3210);
#2854=AXIS2_PLACEMENT_3D('',#6722,#3211,#3212);
#2855=AXIS2_PLACEMENT_3D('',#6724,#3213,#3214);
#2856=AXIS2_PLACEMENT_3D('',#6725,#3215,#3216);
#2857=AXIS2_PLACEMENT_3D('',#6726,#3217,#3218);
#2858=AXIS2_PLACEMENT_3D('',#6728,#3220,#3221);
#2859=AXIS2_PLACEMENT_3D('',#6778,#3222,#3223);
#2860=AXIS2_PLACEMENT_3D('',#6783,#3225,#3226);
#2861=AXIS2_PLACEMENT_3D('',#6786,#3228,#3229);
#2862=AXIS2_PLACEMENT_3D('',#6787,#3230,#3231);
#2863=AXIS2_PLACEMENT_3D('',#6791,#3233,#3234);
#2864=AXIS2_PLACEMENT_3D('',#6792,#3235,#3236);
#2865=AXIS2_PLACEMENT_3D('',#6793,#3237,#3238);
#2866=AXIS2_PLACEMENT_3D('',#6799,#3242,#3243);
#2867=AXIS2_PLACEMENT_3D('',#6801,#3244,#3245);
#2868=AXIS2_PLACEMENT_3D('',#6804,#3247,#3248);
#2869=AXIS2_PLACEMENT_3D('',#6805,#3249,#3250);
#2870=AXIS2_PLACEMENT_3D('',#6810,#3252,#3253);
#2871=AXIS2_PLACEMENT_3D('',#6811,#3254,#3255);
#2872=AXIS2_PLACEMENT_3D('',#6812,#3256,#3257);
#2873=AXIS2_PLACEMENT_3D('',#6813,#3258,#3259);
#2874=AXIS2_PLACEMENT_3D('',#6815,#3260,#3261);
#2875=AXIS2_PLACEMENT_3D('',#6818,#3263,#3264);
#2876=AXIS2_PLACEMENT_3D('',#6819,#3265,#3266);
#2877=AXIS2_PLACEMENT_3D('',#6825,#3270,#3271);
#2878=AXIS2_PLACEMENT_3D('',#6826,#3272,#3273);
#2879=AXIS2_PLACEMENT_3D('',#6827,#3274,#3275);
#2880=AXIS2_PLACEMENT_3D('',#6828,#3276,#3277);
#2881=AXIS2_PLACEMENT_3D('',#6832,#3279,#3280);
#2882=AXIS2_PLACEMENT_3D('',#6834,#3282,#3283);
#2883=AXIS2_PLACEMENT_3D('',#6838,#3286,#3287);
#2884=AXIS2_PLACEMENT_3D('',#6841,#3289,#3290);
#2885=AXIS2_PLACEMENT_3D('',#6842,#3291,#3292);
#2886=AXIS2_PLACEMENT_3D('',#6845,#3294,#3295);
#2887=AXIS2_PLACEMENT_3D('',#6846,#3296,#3297);
#2888=AXIS2_PLACEMENT_3D('',#6851,#3299,#3300);
#2889=AXIS2_PLACEMENT_3D('',#6855,#3302,#3303);
#2890=AXIS2_PLACEMENT_3D('',#6859,#3305,#3306);
#2891=AXIS2_PLACEMENT_3D('',#6862,#3308,#3309);
#2892=AXIS2_PLACEMENT_3D('',#6867,#3311,#3312);
#2893=AXIS2_PLACEMENT_3D('',#6869,#3313,#3314);
#2894=AXIS2_PLACEMENT_3D('',#6871,#3315,#3316);
#2895=AXIS2_PLACEMENT_3D('',#6875,#3318,#3319);
#2896=AXIS2_PLACEMENT_3D('',#6877,#3320,#3321);
#2897=AXIS2_PLACEMENT_3D('',#6878,#3322,#3323);
#2898=AXIS2_PLACEMENT_3D('',#6880,#3324,#3325);
#2899=AXIS2_PLACEMENT_3D('',#6882,#3326,#3327);
#2900=AXIS2_PLACEMENT_3D('',#6884,#3328,#3329);
#2901=AXIS2_PLACEMENT_3D('',#6886,#3330,#3331);
#2902=AXIS2_PLACEMENT_3D('',#6891,#3333,#3334);
#2903=AXIS2_PLACEMENT_3D('',#6893,#3335,#3336);
#2904=AXIS2_PLACEMENT_3D('',#6895,#3337,#3338);
#2905=AXIS2_PLACEMENT_3D('',#6899,#3340,#3341);
#2906=AXIS2_PLACEMENT_3D('',#6901,#3342,#3343);
#2907=AXIS2_PLACEMENT_3D('',#6902,#3344,#3345);
#2908=AXIS2_PLACEMENT_3D('',#6903,#3346,#3347);
#2909=AXIS2_PLACEMENT_3D('',#6909,#3351,#3352);
#2910=AXIS2_PLACEMENT_3D('',#6912,#3354,#3355);
#2911=AXIS2_PLACEMENT_3D('',#6913,#3356,#3357);
#2912=AXIS2_PLACEMENT_3D('',#6916,#3359,#3360);
#2913=AXIS2_PLACEMENT_3D('',#6917,#3361,#3362);
#2914=AXIS2_PLACEMENT_3D('',#6920,#3364,#3365);
#2915=AXIS2_PLACEMENT_3D('',#6921,#3366,#3367);
#2916=AXIS2_PLACEMENT_3D('',#6925,#3370,#3371);
#2917=AXIS2_PLACEMENT_3D('',#6928,#3373,#3374);
#2918=AXIS2_PLACEMENT_3D('',#6929,#3375,#3376);
#2919=AXIS2_PLACEMENT_3D('',#6932,#3378,#3379);
#2920=AXIS2_PLACEMENT_3D('',#6933,#3380,#3381);
#2921=AXIS2_PLACEMENT_3D('',#6934,#3382,#3383);
#2922=AXIS2_PLACEMENT_3D('',#6935,#3384,#3385);
#2923=AXIS2_PLACEMENT_3D('',#6939,#3387,#3388);
#2924=AXIS2_PLACEMENT_3D('',#6941,#3390,#3391);
#2925=AXIS2_PLACEMENT_3D('',#6950,#3392,#3393);
#2926=AXIS2_PLACEMENT_3D('',#6967,#3395,#3396);
#2927=AXIS2_PLACEMENT_3D('',#6978,#3398,#3399);
#2928=AXIS2_PLACEMENT_3D('',#6989,#3401,#3402);
#2929=AXIS2_PLACEMENT_3D('',#7000,#3405,#3406);
#2930=AXIS2_PLACEMENT_3D('',#7001,#3407,#3408);
#2931=AXIS2_PLACEMENT_3D('',#7004,#3410,#3411);
#2932=AXIS2_PLACEMENT_3D('',#7005,#3412,#3413);
#2933=AXIS2_PLACEMENT_3D('',#7009,#3416,#3417);
#2934=AXIS2_PLACEMENT_3D('',#7015,#3421,#3422);
#2935=AXIS2_PLACEMENT_3D('',#7017,#3423,#3424);
#2936=AXIS2_PLACEMENT_3D('',#7019,#3426,#3427);
#2937=AXIS2_PLACEMENT_3D('',#7021,#3428,#3429);
#2938=AXIS2_PLACEMENT_3D('',#7023,#3431,#3432);
#2939=AXIS2_PLACEMENT_3D('',#7026,#3434,#3435);
#2940=AXIS2_PLACEMENT_3D('',#7027,#3436,#3437);
#2941=AXIS2_PLACEMENT_3D('',#7031,#3440,#3441);
#2942=AXIS2_PLACEMENT_3D('',#7033,#3443,#3444);
#2943=AXIS2_PLACEMENT_3D('',#7034,#3445,#3446);
#2944=AXIS2_PLACEMENT_3D('',#7036,#3448,#3449);
#2945=AXIS2_PLACEMENT_3D('',#7037,#3450,#3451);
#2946=AXIS2_PLACEMENT_3D('',#7038,#3452,#3453);
#2947=AXIS2_PLACEMENT_3D('',#7042,#3455,#3456);
#2948=AXIS2_PLACEMENT_3D('',#7044,#3458,#3459);
#2949=AXIS2_PLACEMENT_3D('',#7047,#3461,#3462);
#2950=AXIS2_PLACEMENT_3D('',#7048,#3463,#3464);
#2951=AXIS2_PLACEMENT_3D('',#7051,#3466,#3467);
#2952=AXIS2_PLACEMENT_3D('',#7052,#3468,#3469);
#2953=AXIS2_PLACEMENT_3D('',#7056,#3472,#3473);
#2954=AXIS2_PLACEMENT_3D('',#7058,#3474,#3475);
#2955=AXIS2_PLACEMENT_3D('',#7062,#3477,#3478);
#2956=AXIS2_PLACEMENT_3D('',#7064,#3479,#3480);
#2957=AXIS2_PLACEMENT_3D('',#7066,#3481,#3482);
#2958=AXIS2_PLACEMENT_3D('',#7069,#3484,#3485);
#2959=AXIS2_PLACEMENT_3D('',#7071,#3486,#3487);
#2960=AXIS2_PLACEMENT_3D('',#7075,#3489,#3490);
#2961=AXIS2_PLACEMENT_3D('',#7077,#3491,#3492);
#2962=AXIS2_PLACEMENT_3D('',#7079,#3493,#3494);
#2963=AXIS2_PLACEMENT_3D('',#7082,#3496,#3497);
#2964=AXIS2_PLACEMENT_3D('',#7084,#3498,#3499);
#2965=AXIS2_PLACEMENT_3D('',#7088,#3501,#3502);
#2966=AXIS2_PLACEMENT_3D('',#7090,#3503,#3504);
#2967=AXIS2_PLACEMENT_3D('',#7092,#3505,#3506);
#2968=AXIS2_PLACEMENT_3D('',#7095,#3508,#3509);
#2969=AXIS2_PLACEMENT_3D('',#7096,#3510,#3511);
#2970=AXIS2_PLACEMENT_3D('',#7098,#3513,#3514);
#2971=AXIS2_PLACEMENT_3D('',#7099,#3515,#3516);
#2972=AXIS2_PLACEMENT_3D('',#7101,#3518,#3519);
#2973=AXIS2_PLACEMENT_3D('',#7103,#3521,#3522);
#2974=AXIS2_PLACEMENT_3D('',#7105,#3524,#3525);
#2975=AXIS2_PLACEMENT_3D('',#7108,#3527,#3528);
#2976=AXIS2_PLACEMENT_3D('',#7109,#3529,#3530);
#2977=AXIS2_PLACEMENT_3D('',#7111,#3531,#3532);
#2978=AXIS2_PLACEMENT_3D('',#7113,#3534,#3535);
#2979=AXIS2_PLACEMENT_3D('',#7115,#3537,#3538);
#2980=AXIS2_PLACEMENT_3D('',#7117,#3539,#3540);
#2981=AXIS2_PLACEMENT_3D('',#7119,#3542,#3543);
#2982=AXIS2_PLACEMENT_3D('',#7122,#3545,#3546);
#2983=AXIS2_PLACEMENT_3D('',#7123,#3547,#3548);
#2984=AXIS2_PLACEMENT_3D('',#7126,#3550,#3551);
#2985=AXIS2_PLACEMENT_3D('',#7127,#3552,#3553);
#2986=AXIS2_PLACEMENT_3D('',#7129,#3555,#3556);
#2987=AXIS2_PLACEMENT_3D('',#7131,#3558,#3559);
#2988=AXIS2_PLACEMENT_3D('',#7133,#3561,#3562);
#2989=AXIS2_PLACEMENT_3D('',#7135,#3564,#3565);
#2990=AXIS2_PLACEMENT_3D('',#7136,#3566,#3567);
#2991=AXIS2_PLACEMENT_3D('',#7139,#3570,#3571);
#2992=AXIS2_PLACEMENT_3D('',#7141,#3573,#3574);
#2993=AXIS2_PLACEMENT_3D('',#7143,#3576,#3577);
#2994=AXIS2_PLACEMENT_3D('',#7145,#3579,#3580);
#2995=AXIS2_PLACEMENT_3D('',#7146,#3581,#3582);
#2996=AXIS2_PLACEMENT_3D('',#7147,#3583,#3584);
#2997=AXIS2_PLACEMENT_3D('',#7149,#3586,#3587);
#2998=AXIS2_PLACEMENT_3D('',#7150,#3588,#3589);
#2999=AXIS2_PLACEMENT_3D('',#7152,#3591,#3592);
#3000=AXIS2_PLACEMENT_3D('',#7154,#3594,#3595);
#3001=AXIS2_PLACEMENT_3D('',#7156,#3597,#3598);
#3002=AXIS2_PLACEMENT_3D('',#7159,#3600,#3601);
#3003=AXIS2_PLACEMENT_3D('',#7160,#3602,#3603);
#3004=AXIS2_PLACEMENT_3D('',#7162,#3605,#3606);
#3005=AXIS2_PLACEMENT_3D('',#7164,#3608,#3609);
#3006=AXIS2_PLACEMENT_3D('',#7166,#3611,#3612);
#3007=AXIS2_PLACEMENT_3D('',#7167,#3613,#3614);
#3008=AXIS2_PLACEMENT_3D('',#7170,#3615,#3616);
#3009=AXIS2_PLACEMENT_3D('',#7174,#3618,#3619);
#3010=AXIS2_PLACEMENT_3D('',#7178,#3621,#3622);
#3011=AXIS2_PLACEMENT_3D('',#7182,#3624,#3625);
#3012=AXIS2_PLACEMENT_3D('',#7185,#3627,#3628);
#3013=AXIS2_PLACEMENT_3D('',#7187,#3629,#3630);
#3014=AXIS2_PLACEMENT_3D('',#7189,#3631,#3632);
#3015=AXIS2_PLACEMENT_3D('',#7191,#3633,#3634);
#3016=AXIS2_PLACEMENT_3D('',#7192,#3635,#3636);
#3017=AXIS2_PLACEMENT_3D('',#7195,#3637,#3638);
#3018=AXIS2_PLACEMENT_3D('',#7199,#3640,#3641);
#3019=AXIS2_PLACEMENT_3D('',#7201,#3643,#3644);
#3020=AXIS2_PLACEMENT_3D('',#7203,#3645,#3646);
#3021=AXIS2_PLACEMENT_3D('',#7205,#3647,#3648);
#3022=AXIS2_PLACEMENT_3D('',#7207,#3649,#3650);
#3023=AXIS2_PLACEMENT_3D('',#7211,#3652,#3653);
#3024=AXIS2_PLACEMENT_3D('',#7214,#3655,#3656);
#3025=AXIS2_PLACEMENT_3D('',#7215,#3657,#3658);
#3026=AXIS2_PLACEMENT_3D('',#7217,#3659,#3660);
#3027=AXIS2_PLACEMENT_3D('',#7219,#3662,#3663);
#3028=AXIS2_PLACEMENT_3D('',#7221,#3664,#3665);
#3029=AXIS2_PLACEMENT_3D('',#7223,#3667,#3668);
#3030=AXIS2_PLACEMENT_3D('',#7225,#3669,#3670);
#3031=AXIS2_PLACEMENT_3D('',#7229,#3672,#3673);
#3032=AXIS2_PLACEMENT_3D('',#7232,#3675,#3676);
#3033=AXIS2_PLACEMENT_3D('',#7233,#3677,#3678);
#3034=AXIS2_PLACEMENT_3D('',#7236,#3679,#3680);
#3035=AXIS2_PLACEMENT_3D('',#7240,#3682,#3683);
#3036=AXIS2_PLACEMENT_3D('',#7242,#3685,#3686);
#3037=AXIS2_PLACEMENT_3D('',#7244,#3687,#3688);
#3038=AXIS2_PLACEMENT_3D('',#7246,#3689,#3690);
#3039=AXIS2_PLACEMENT_3D('',#7248,#3691,#3692);
#3040=AXIS2_PLACEMENT_3D('',#7252,#3694,#3695);
#3041=AXIS2_PLACEMENT_3D('',#7254,#3697,#3698);
#3042=AXIS2_PLACEMENT_3D('',#7255,#3699,#3700);
#3043=AXIS2_PLACEMENT_3D('',#7257,#3701,#3702);
#3044=AXIS2_PLACEMENT_3D('',#7259,#3704,#3705);
#3045=AXIS2_PLACEMENT_3D('',#7261,#3706,#3707);
#3046=AXIS2_PLACEMENT_3D('',#7263,#3709,#3710);
#3047=AXIS2_PLACEMENT_3D('',#7264,#3711,#3712);
#3048=AXIS2_PLACEMENT_3D('',#7268,#3714,#3715);
#3049=AXIS2_PLACEMENT_3D('',#7271,#3717,#3718);
#3050=AXIS2_PLACEMENT_3D('',#7272,#3719,#3720);
#3051=AXIS2_PLACEMENT_3D('',#7275,#3721,#3722);
#3052=AXIS2_PLACEMENT_3D('',#7279,#3724,#3725);
#3053=AXIS2_PLACEMENT_3D('',#7281,#3727,#3728);
#3054=AXIS2_PLACEMENT_3D('',#7283,#3729,#3730);
#3055=AXIS2_PLACEMENT_3D('',#7285,#3731,#3732);
#3056=AXIS2_PLACEMENT_3D('',#7287,#3733,#3734);
#3057=AXIS2_PLACEMENT_3D('',#7291,#3736,#3737);
#3058=AXIS2_PLACEMENT_3D('',#7293,#3739,#3740);
#3059=AXIS2_PLACEMENT_3D('',#7294,#3741,#3742);
#3060=AXIS2_PLACEMENT_3D('',#7296,#3743,#3744);
#3061=AXIS2_PLACEMENT_3D('',#7298,#3746,#3747);
#3062=AXIS2_PLACEMENT_3D('',#7300,#3748,#3749);
#3063=AXIS2_PLACEMENT_3D('',#7302,#3751,#3752);
#3064=AXIS2_PLACEMENT_3D('',#7304,#3753,#3754);
#3065=AXIS2_PLACEMENT_3D('',#7306,#3755,#3756);
#3066=AXIS2_PLACEMENT_3D('',#7309,#3758,#3759);
#3067=AXIS2_PLACEMENT_3D('',#7310,#3760,#3761);
#3068=AXIS2_PLACEMENT_3D('',#7312,#3762,#3763);
#3069=AXIS2_PLACEMENT_3D('',#7314,#3764,#3765);
#3070=AXIS2_PLACEMENT_3D('',#7316,#3767,#3768);
#3071=AXIS2_PLACEMENT_3D('',#7318,#3769,#3770);
#3072=AXIS2_PLACEMENT_3D('',#7320,#3771,#3772);
#3073=AXIS2_PLACEMENT_3D('',#7321,#3773,#3774);
#3074=AXIS2_PLACEMENT_3D('',#7325,#3776,#3777);
#3075=AXIS2_PLACEMENT_3D('',#7327,#3779,#3780);
#3076=AXIS2_PLACEMENT_3D('',#7329,#3781,#3782);
#3077=AXIS2_PLACEMENT_3D('',#7331,#3784,#3785);
#3078=AXIS2_PLACEMENT_3D('',#7333,#3786,#3787);
#3079=AXIS2_PLACEMENT_3D('',#7335,#3789,#3790);
#3080=AXIS2_PLACEMENT_3D('',#7336,#3791,#3792);
#3081=AXIS2_PLACEMENT_3D('',#7337,#3793,#3794);
#3082=AXIS2_PLACEMENT_3D('',#7340,#3797,#3798);
#3083=AXIS2_PLACEMENT_3D('',#7342,#3800,#3801);
#3084=AXIS2_PLACEMENT_3D('',#7345,#3804,#3805);
#3085=AXIS2_PLACEMENT_3D('',#7347,#3807,#3808);
#3086=AXIS2_PLACEMENT_3D('',#7349,#3810,#3811);
#3087=AXIS2_PLACEMENT_3D('',#7352,#3814,#3815);
#3088=AXIS2_PLACEMENT_3D('',#7354,#3817,#3818);
#3089=AXIS2_PLACEMENT_3D('',#7356,#3820,#3821);
#3090=AXIS2_PLACEMENT_3D('',#7358,#3823,#3824);
#3091=AXIS2_PLACEMENT_3D('',#7361,#3825,#3826);
#3092=AXIS2_PLACEMENT_3D('',#7364,#3829,#3830);
#3093=AXIS2_PLACEMENT_3D('',#7365,#3831,#3832);
#3094=AXIS2_PLACEMENT_3D('',#7368,#3835,#3836);
#3095=AXIS2_PLACEMENT_3D('',#7372,#3839,#3840);
#3096=AXIS2_PLACEMENT_3D('',#7373,#3841,#3842);
#3097=AXIS2_PLACEMENT_3D('',#7375,#3843,#3844);
#3098=AXIS2_PLACEMENT_3D('',#7377,#3846,#3847);
#3099=AXIS2_PLACEMENT_3D('',#7379,#3849,#3850);
#3100=AXIS2_PLACEMENT_3D('',#7380,#3851,#3852);
#3101=AXIS2_PLACEMENT_3D('',#7381,#3853,#3854);
#3102=AXIS2_PLACEMENT_3D('',#7382,#3855,#3856);
#3103=AXIS2_PLACEMENT_3D('',#7384,#3858,#3859);
#3104=AXIS2_PLACEMENT_3D('',#7386,#3861,#3862);
#3105=AXIS2_PLACEMENT_3D('',#7388,#3864,#3865);
#3106=AXIS2_PLACEMENT_3D('',#7390,#3867,#3868);
#3107=AXIS2_PLACEMENT_3D('',#7391,#3869,#3870);
#3108=AXIS2_PLACEMENT_3D('',#7392,#3871,#3872);
#3109=DIRECTION('axis',(0.,0.,1.));
#3110=DIRECTION('refdir',(1.,0.,0.));
#3111=DIRECTION('axis',(0.,0.,1.));
#3112=DIRECTION('refdir',(1.,0.,0.));
#3113=DIRECTION('center_axis',(-0.9048967643827,-0.16705701177859,-0.391476436871146));
#3114=DIRECTION('ref_axis',(-0.425631114710521,0.355165175198017,0.832283516908055));
#3115=DIRECTION('center_axis',(1.,0.,0.));
#3116=DIRECTION('ref_axis',(0.,1.,0.));
#3117=DIRECTION('center_axis',(-1.,0.,0.));
#3118=DIRECTION('ref_axis',(0.,1.,0.));
#3119=DIRECTION('center_axis',(-1.,0.,0.));
#3120=DIRECTION('ref_axis',(0.,1.,0.));
#3121=DIRECTION('center_axis',(-1.,0.,0.));
#3122=DIRECTION('ref_axis',(0.,1.,0.));
#3123=DIRECTION('center_axis',(-1.,0.,0.));
#3124=DIRECTION('ref_axis',(0.,1.,0.));
#3125=DIRECTION('center_axis',(-1.,0.,0.));
#3126=DIRECTION('ref_axis',(0.,1.,0.));
#3127=DIRECTION('center_axis',(1.,0.,0.));
#3128=DIRECTION('ref_axis',(0.,1.,0.));
#3129=DIRECTION('center_axis',(-0.9048967643827,0.320692760593231,-0.279853531535359));
#3130=DIRECTION('ref_axis',(-0.42563111471052,-0.681796587214111,0.594971905095922));
#3131=DIRECTION('center_axis',(-0.9048967643827,0.36525603777124,0.218517442510603));
#3132=DIRECTION('ref_axis',(-0.42563111471052,-0.77653863951002,-0.464570657207499));
#3133=DIRECTION('center_axis',(-0.9048967643827,-0.09495211465449,0.414904738141613));
#3134=DIRECTION('ref_axis',(-0.42563111471052,0.201869314419317,-0.882092361426033));
#3135=DIRECTION('center_axis',(-0.903616091009187,-0.426541700871979,0.0392445854420299));
#3136=DIRECTION('ref_axis',(-0.428329477178904,0.899051243879316,-0.0907784107522413));
#3137=DIRECTION('center_axis',(-0.745157419011567,-0.657014735478936,0.114333102186388));
#3138=DIRECTION('ref_axis',(-0.619785249561414,0.745560966131253,0.244959364400564));
#3139=DIRECTION('center_axis',(-0.903616091009187,-0.169132453092981,-0.393538020247127));
#3140=DIRECTION('ref_axis',(-0.428329477178904,0.364157512257481,0.826996472329894));
#3141=DIRECTION('center_axis',(-0.745157419011567,-0.311765960680356,-0.589527273883978));
#3142=DIRECTION('ref_axis',(-0.619785249561414,-0.00257919086351335,0.784767221665498));
#3143=DIRECTION('center_axis',(-0.903616091009187,0.322012096259869,-0.282464457820099));
#3144=DIRECTION('ref_axis',(-0.428329477178904,-0.673989524045586,0.601890339228378));
#3145=DIRECTION('center_axis',(-0.745157419011567,0.464332775243213,-0.478680994741755));
#3146=DIRECTION('ref_axis',(-0.619785249561414,-0.747154993748378,0.240053451845537));
#3147=DIRECTION('center_axis',(-0.903616091009187,0.368146873370183,0.218965384700495));
#3148=DIRECTION('ref_axis',(-0.428329477178903,-0.780705946179018,-0.455007785186552));
#3149=DIRECTION('center_axis',(-0.745157419011567,0.598739397871227,0.293686149364964));
#3150=DIRECTION('ref_axis',(-0.619785249561414,-0.459187990137199,-0.63640602930822));
#3151=DIRECTION('center_axis',(-0.903616091009187,-0.0944848156650922,0.4177925079247));
#3152=DIRECTION('ref_axis',(-0.428329477178903,0.191486714087807,-0.883100615619479));
#3153=DIRECTION('center_axis',(-0.745157419011567,-0.094291476955148,0.66018901707438));
#3154=DIRECTION('ref_axis',(-0.619785249561414,0.463361208617837,-0.633374008603379));
#3155=DIRECTION('center_axis',(-0.9048967643827,-0.423939671931391,0.0379077877542885));
#3156=DIRECTION('ref_axis',(-0.42563111471052,0.901300737106797,-0.0805924033704458));
#3157=DIRECTION('center_axis',(-1.,0.,0.));
#3158=DIRECTION('ref_axis',(0.,0.,1.));
#3159=DIRECTION('center_axis',(-1.,-1.6263205988792E-30,-4.91248177182914E-30));
#3160=DIRECTION('ref_axis',(-4.91248177182914E-30,0.,1.));
#3161=DIRECTION('center_axis',(1.,0.,0.));
#3162=DIRECTION('ref_axis',(0.,1.,0.));
#3163=DIRECTION('center_axis',(-1.,-1.6263205988792E-30,-4.91248177182914E-30));
#3164=DIRECTION('ref_axis',(-4.91248177182914E-30,0.,1.));
#3165=DIRECTION('center_axis',(1.,0.,0.));
#3166=DIRECTION('ref_axis',(0.,1.,0.));
#3167=DIRECTION('center_axis',(0.,-1.,1.22464679914735E-16));
#3168=DIRECTION('ref_axis',(0.,-1.22464679914735E-16,-1.));
#3169=DIRECTION('center_axis',(-1.,0.,0.));
#3170=DIRECTION('ref_axis',(0.,1.,0.));
#3171=DIRECTION('center_axis',(1.,0.,0.));
#3172=DIRECTION('ref_axis',(0.,1.,0.));
#3173=DIRECTION('center_axis',(-1.,-1.6263205988792E-30,-4.91248177182914E-30));
#3174=DIRECTION('ref_axis',(-4.91248177182914E-30,0.,1.));
#3175=DIRECTION('center_axis',(1.,0.,0.));
#3176=DIRECTION('ref_axis',(0.,1.,0.));
#3177=DIRECTION('center_axis',(-1.,-1.6263205988792E-30,-4.91248177182914E-30));
#3178=DIRECTION('ref_axis',(-4.91248177182914E-30,0.,1.));
#3179=DIRECTION('center_axis',(1.,0.,0.));
#3180=DIRECTION('ref_axis',(0.,1.,0.));
#3181=DIRECTION('center_axis',(-1.,-1.6263205988792E-30,-4.91248177182914E-30));
#3182=DIRECTION('ref_axis',(-4.91248177182914E-30,0.,1.));
#3183=DIRECTION('center_axis',(1.,0.,0.));
#3184=DIRECTION('ref_axis',(0.,1.,0.));
#3185=DIRECTION('center_axis',(1.,0.,0.));
#3186=DIRECTION('ref_axis',(0.,1.,0.));
#3187=DIRECTION('center_axis',(1.,0.,0.));
#3188=DIRECTION('ref_axis',(0.,-0.995875377271077,0.0907316534908818));
#3189=DIRECTION('center_axis',(1.,0.,0.));
#3190=DIRECTION('ref_axis',(0.,1.,0.));
#3191=DIRECTION('center_axis',(1.,0.,0.));
#3192=DIRECTION('ref_axis',(0.,1.,0.));
#3193=DIRECTION('center_axis',(1.,0.,0.));
#3194=DIRECTION('ref_axis',(0.,1.,0.));
#3195=DIRECTION('center_axis',(1.,3.25264119775839E-30,9.82496354365827E-30));
#3196=DIRECTION('ref_axis',(-5.73649021934745E-32,0.951056516295154,-0.309016994374948));
#3197=DIRECTION('center_axis',(1.,3.25264119775839E-30,9.82496354365827E-30));
#3198=DIRECTION('ref_axis',(-5.73649021934745E-32,0.951056516295154,-0.309016994374948));
#3199=DIRECTION('center_axis',(1.,3.25264119775839E-30,9.82496354365827E-30));
#3200=DIRECTION('ref_axis',(-5.73649021934745E-32,0.951056516295154,-0.309016994374948));
#3201=DIRECTION('center_axis',(1.,3.25264119775839E-30,9.82496354365827E-30));
#3202=DIRECTION('ref_axis',(-5.73649021934745E-32,0.951056516295154,-0.309016994374948));
#3203=DIRECTION('center_axis',(1.,0.,0.));
#3204=DIRECTION('ref_axis',(0.,1.,0.));
#3205=DIRECTION('center_axis',(1.,3.25264119775839E-30,9.82496354365827E-30));
#3206=DIRECTION('ref_axis',(-5.73649021934745E-32,0.951056516295154,-0.309016994374948));
#3207=DIRECTION('center_axis',(1.,0.,0.));
#3208=DIRECTION('ref_axis',(0.,0.,-1.));
#3209=DIRECTION('center_axis',(-1.,0.,0.));
#3210=DIRECTION('ref_axis',(0.,1.,0.));
#3211=DIRECTION('center_axis',(-1.,0.,0.));
#3212=DIRECTION('ref_axis',(0.,1.,0.));
#3213=DIRECTION('center_axis',(0.,1.,1.22464679914735E-16));
#3214=DIRECTION('ref_axis',(0.,-1.22464679914735E-16,1.));
#3215=DIRECTION('center_axis',(1.,0.,0.));
#3216=DIRECTION('ref_axis',(0.,1.,0.));
#3217=DIRECTION('center_axis',(1.,0.,0.));
#3218=DIRECTION('ref_axis',(0.,1.,0.));
#3219=DIRECTION('',(1.,0.,0.));
#3220=DIRECTION('center_axis',(1.,0.,0.));
#3221=DIRECTION('ref_axis',(0.,1.,0.));
#3222=DIRECTION('center_axis',(1.,0.,0.));
#3223=DIRECTION('ref_axis',(0.,-0.86602540378444,0.499999999999998));
#3224=DIRECTION('',(0.707106781186549,-0.692685337641854,-0.142081043830586));
#3225=DIRECTION('center_axis',(-1.,0.,0.));
#3226=DIRECTION('ref_axis',(0.,-0.86602540378444,0.499999999999998));
#3227=DIRECTION('',(-0.707106781186544,0.223296875467435,-0.670923621142143));
#3228=DIRECTION('center_axis',(1.,0.,0.));
#3229=DIRECTION('ref_axis',(0.,-0.86602540378444,0.499999999999998));
#3230=DIRECTION('center_axis',(-1.,0.,0.));
#3231=DIRECTION('ref_axis',(0.,0.912089778812515,-0.409990530848869));
#3232=DIRECTION('',(0.707106781186547,-0.353553390593277,0.612372435695793));
#3233=DIRECTION('center_axis',(1.,0.,0.));
#3234=DIRECTION('ref_axis',(0.,0.912089778812515,-0.409990530848869));
#3235=DIRECTION('center_axis',(-1.,0.,0.));
#3236=DIRECTION('ref_axis',(0.,0.912089778812515,-0.409990530848869));
#3237=DIRECTION('center_axis',(-0.707106781186548,-0.353553390593273,0.612372435695794));
#3238=DIRECTION('ref_axis',(0.654653670707976,0.,0.755928946018455));
#3239=DIRECTION('',(0.,-0.866025403784439,-0.5));
#3240=DIRECTION('',(0.707106781186534,-0.353553390593281,0.612372435695806));
#3241=DIRECTION('',(0.,0.866025403784439,0.5));
#3242=DIRECTION('center_axis',(-1.,0.,0.));
#3243=DIRECTION('ref_axis',(0.,-0.370133706153366,-0.928978492522391));
#3244=DIRECTION('center_axis',(-1.,0.,0.));
#3245=DIRECTION('ref_axis',(0.,-0.370133706153366,-0.928978492522391));
#3246=DIRECTION('',(0.707106781186545,0.677804430799503,0.201447644782868));
#3247=DIRECTION('center_axis',(1.,0.,0.));
#3248=DIRECTION('ref_axis',(0.,-0.370133706153366,-0.928978492522391));
#3249=DIRECTION('center_axis',(-1.,0.,0.));
#3250=DIRECTION('ref_axis',(0.,-1.,0.));
#3251=DIRECTION('',(0.70710678118655,0.164443437485241,-0.687719678261451));
#3252=DIRECTION('center_axis',(1.,0.,0.));
#3253=DIRECTION('ref_axis',(0.,-1.,0.));
#3254=DIRECTION('center_axis',(1.,0.,0.));
#3255=DIRECTION('ref_axis',(0.,-1.,0.));
#3256=DIRECTION('center_axis',(-1.,0.,0.));
#3257=DIRECTION('ref_axis',(0.,-1.,0.));
#3258=DIRECTION('center_axis',(-1.,0.,0.));
#3259=DIRECTION('ref_axis',(0.,0.619452121017079,0.785034438586896));
#3260=DIRECTION('center_axis',(-1.,0.,0.));
#3261=DIRECTION('ref_axis',(0.,0.619452121017079,0.785034438586896));
#3262=DIRECTION('',(0.707106781186547,-0.707106781186548,0.));
#3263=DIRECTION('center_axis',(1.,0.,0.));
#3264=DIRECTION('ref_axis',(0.,0.619452121017079,0.785034438586896));
#3265=DIRECTION('center_axis',(-0.707106781186548,-0.707106781186548,0.));
#3266=DIRECTION('ref_axis',(0.,0.,1.));
#3267=DIRECTION('',(0.707106781186547,-0.707106781186548,0.));
#3268=DIRECTION('',(0.,0.,1.));
#3269=DIRECTION('',(0.,0.,-1.));
#3270=DIRECTION('center_axis',(-1.,0.,0.));
#3271=DIRECTION('ref_axis',(0.,0.811107104432447,-0.584897653559331));
#3272=DIRECTION('center_axis',(-1.,0.,0.));
#3273=DIRECTION('ref_axis',(0.,0.811107104432447,-0.584897653559331));
#3274=DIRECTION('center_axis',(1.,0.,0.));
#3275=DIRECTION('ref_axis',(0.,0.811107104432447,-0.584897653559331));
#3276=DIRECTION('center_axis',(1.,0.,0.));
#3277=DIRECTION('ref_axis',(0.,0.619452121017079,0.785034438586896));
#3278=DIRECTION('',(1.,0.,0.));
#3279=DIRECTION('center_axis',(-1.,0.,0.));
#3280=DIRECTION('ref_axis',(0.,0.619452121017079,0.785034438586896));
#3281=DIRECTION('',(-1.,0.,0.));
#3282=DIRECTION('center_axis',(0.,-1.,0.));
#3283=DIRECTION('ref_axis',(0.,0.,-1.));
#3284=DIRECTION('',(1.,0.,0.));
#3285=DIRECTION('',(0.,0.,-1.));
#3286=DIRECTION('center_axis',(1.,0.,0.));
#3287=DIRECTION('ref_axis',(0.,0.811107104432447,-0.584897653559331));
#3288=DIRECTION('',(1.,0.,0.));
#3289=DIRECTION('center_axis',(-1.,0.,0.));
#3290=DIRECTION('ref_axis',(0.,0.811107104432447,-0.584897653559331));
#3291=DIRECTION('center_axis',(1.,0.,0.));
#3292=DIRECTION('ref_axis',(0.,-0.86602540378444,0.499999999999998));
#3293=DIRECTION('',(1.,0.,0.));
#3294=DIRECTION('center_axis',(1.,0.,0.));
#3295=DIRECTION('ref_axis',(0.,-0.86602540378444,0.499999999999998));
#3296=DIRECTION('center_axis',(1.,0.,0.));
#3297=DIRECTION('ref_axis',(0.,1.,0.));
#3298=DIRECTION('',(0.,5.9211894646675E-16,-1.));
#3299=DIRECTION('center_axis',(1.,0.,0.));
#3300=DIRECTION('ref_axis',(0.,-0.707106781186548,0.707106781186547));
#3301=DIRECTION('',(0.,-1.,0.));
#3302=DIRECTION('center_axis',(1.,0.,0.));
#3303=DIRECTION('ref_axis',(0.,0.707106781186548,0.707106781186548));
#3304=DIRECTION('',(0.,0.,1.));
#3305=DIRECTION('center_axis',(1.,0.,0.));
#3306=DIRECTION('ref_axis',(0.,0.707106781186548,-0.707106781186548));
#3307=DIRECTION('',(0.,1.,0.));
#3308=DIRECTION('center_axis',(1.,0.,0.));
#3309=DIRECTION('ref_axis',(0.,-0.707106781186547,-0.707106781186548));
#3310=DIRECTION('',(0.,-0.866025403784438,0.5));
#3311=DIRECTION('center_axis',(-1.,0.,0.));
#3312=DIRECTION('ref_axis',(0.,0.370133706153367,-0.92897849252239));
#3313=DIRECTION('center_axis',(-1.,0.,0.));
#3314=DIRECTION('ref_axis',(0.,1.,0.));
#3315=DIRECTION('center_axis',(-1.,0.,0.));
#3316=DIRECTION('ref_axis',(0.,-0.61945212101708,0.785034438586895));
#3317=DIRECTION('',(0.,4.29417227570579E-17,1.));
#3318=DIRECTION('center_axis',(-1.,0.,0.));
#3319=DIRECTION('ref_axis',(0.,-0.811107104432445,-0.584897653559333));
#3320=DIRECTION('center_axis',(1.,0.,0.));
#3321=DIRECTION('ref_axis',(0.,1.,0.));
#3322=DIRECTION('center_axis',(-1.,0.,0.));
#3323=DIRECTION('ref_axis',(0.,-0.912089778812514,-0.409990530848871));
#3324=DIRECTION('center_axis',(1.,0.,0.));
#3325=DIRECTION('ref_axis',(0.,1.,0.));
#3326=DIRECTION('center_axis',(1.,0.,0.));
#3327=DIRECTION('ref_axis',(0.,1.,0.));
#3328=DIRECTION('center_axis',(1.,0.,0.));
#3329=DIRECTION('ref_axis',(0.,1.,0.));
#3330=DIRECTION('center_axis',(1.,0.,0.));
#3331=DIRECTION('ref_axis',(0.,1.,0.));
#3332=DIRECTION('',(0.,0.866025403784438,-0.5));
#3333=DIRECTION('center_axis',(-1.,0.,0.));
#3334=DIRECTION('ref_axis',(0.,-0.100982674380069,0.994888184408202));
#3335=DIRECTION('center_axis',(1.,0.,0.));
#3336=DIRECTION('ref_axis',(0.,1.,0.));
#3337=DIRECTION('center_axis',(-1.,0.,0.));
#3338=DIRECTION('ref_axis',(0.,0.100982674380066,0.994888184408203));
#3339=DIRECTION('',(0.,0.866025403784439,0.5));
#3340=DIRECTION('center_axis',(-1.,0.,0.));
#3341=DIRECTION('ref_axis',(0.,-0.989585827170446,0.143944053935496));
#3342=DIRECTION('center_axis',(-1.,0.,0.));
#3343=DIRECTION('ref_axis',(0.,1.,0.));
#3344=DIRECTION('center_axis',(-1.,0.,0.));
#3345=DIRECTION('ref_axis',(0.,0.989585827170445,0.143944053935498));
#3346=DIRECTION('center_axis',(-0.70710678118655,0.353553390593273,0.612372435695793));
#3347=DIRECTION('ref_axis',(0.654653670707975,0.,0.755928946018456));
#3348=DIRECTION('',(0.707106781186557,0.353553390593271,0.612372435695786));
#3349=DIRECTION('',(0.,0.866025403784438,-0.5));
#3350=DIRECTION('',(-0.707106781186546,-0.353553390593276,-0.612372435695796));
#3351=DIRECTION('center_axis',(-1.,0.,0.));
#3352=DIRECTION('ref_axis',(0.,-0.912089778812514,-0.409990530848871));
#3353=DIRECTION('',(0.707106781186548,0.692685337641856,-0.14208104383058));
#3354=DIRECTION('center_axis',(1.,0.,0.));
#3355=DIRECTION('ref_axis',(0.,-0.912089778812514,-0.409990530848871));
#3356=DIRECTION('center_axis',(1.,0.,0.));
#3357=DIRECTION('ref_axis',(0.,1.,0.));
#3358=DIRECTION('',(0.707106781186547,0.223296875467427,0.670923621142143));
#3359=DIRECTION('center_axis',(-1.,0.,0.));
#3360=DIRECTION('ref_axis',(0.,1.,0.));
#3361=DIRECTION('center_axis',(-1.,0.,0.));
#3362=DIRECTION('ref_axis',(0.,-0.811107104432445,-0.584897653559333));
#3363=DIRECTION('',(0.707106781186548,0.707106781186547,0.));
#3364=DIRECTION('center_axis',(1.,0.,0.));
#3365=DIRECTION('ref_axis',(0.,-0.811107104432445,-0.584897653559333));
#3366=DIRECTION('center_axis',(-0.707106781186547,0.707106781186548,-3.03643833573483E-17));
#3367=DIRECTION('ref_axis',(-4.29417227570579E-17,0.,1.));
#3368=DIRECTION('',(0.707106781186548,0.707106781186547,0.));
#3369=DIRECTION('',(0.,-4.29417227570579E-17,-1.));
#3370=DIRECTION('center_axis',(-1.,0.,0.));
#3371=DIRECTION('ref_axis',(0.,-0.61945212101708,0.785034438586895));
#3372=DIRECTION('',(0.70710678118655,-0.164443437485242,-0.687719678261451));
#3373=DIRECTION('center_axis',(1.,0.,0.));
#3374=DIRECTION('ref_axis',(0.,-0.61945212101708,0.785034438586895));
#3375=DIRECTION('center_axis',(-1.,0.,0.));
#3376=DIRECTION('ref_axis',(0.,1.,0.));
#3377=DIRECTION('',(0.707106781186518,-0.677804430799529,0.201447644782876));
#3378=DIRECTION('center_axis',(1.,0.,0.));
#3379=DIRECTION('ref_axis',(0.,1.,0.));
#3380=DIRECTION('center_axis',(-1.,0.,0.));
#3381=DIRECTION('ref_axis',(0.,0.370133706153367,-0.92897849252239));
#3382=DIRECTION('center_axis',(1.,0.,0.));
#3383=DIRECTION('ref_axis',(0.,0.370133706153367,-0.92897849252239));
#3384=DIRECTION('center_axis',(-1.,0.,0.));
#3385=DIRECTION('ref_axis',(0.,-0.61945212101708,0.785034438586895));
#3386=DIRECTION('',(-1.,0.,0.));
#3387=DIRECTION('center_axis',(-1.,0.,0.));
#3388=DIRECTION('ref_axis',(0.,-0.61945212101708,0.785034438586895));
#3389=DIRECTION('',(-1.,0.,0.));
#3390=DIRECTION('center_axis',(1.,0.,0.));
#3391=DIRECTION('ref_axis',(0.,1.,0.));
#3392=DIRECTION('center_axis',(-1.,0.,0.));
#3393=DIRECTION('ref_axis',(0.,1.,0.));
#3394=DIRECTION('',(-1.,0.,0.));
#3395=DIRECTION('center_axis',(-1.,0.,0.));
#3396=DIRECTION('ref_axis',(0.,1.,0.));
#3397=DIRECTION('',(-1.,0.,0.));
#3398=DIRECTION('center_axis',(1.,0.,0.));
#3399=DIRECTION('ref_axis',(0.,1.,0.));
#3400=DIRECTION('',(-1.,0.,0.));
#3401=DIRECTION('center_axis',(-1.,0.,0.));
#3402=DIRECTION('ref_axis',(0.,1.,0.));
#3403=DIRECTION('',(-1.,0.,0.));
#3404=DIRECTION('',(1.,0.,0.));
#3405=DIRECTION('center_axis',(1.,0.,0.));
#3406=DIRECTION('ref_axis',(0.,1.,0.));
#3407=DIRECTION('center_axis',(1.,0.,0.));
#3408=DIRECTION('ref_axis',(0.,0.370133706153367,-0.92897849252239));
#3409=DIRECTION('',(1.,0.,0.));
#3410=DIRECTION('center_axis',(-1.,0.,0.));
#3411=DIRECTION('ref_axis',(0.,0.370133706153367,-0.92897849252239));
#3412=DIRECTION('center_axis',(0.,0.5,0.866025403784438));
#3413=DIRECTION('ref_axis',(0.,-0.866025403784438,0.5));
#3414=DIRECTION('',(1.,0.,0.));
#3415=DIRECTION('',(0.,-0.866025403784438,0.5));
#3416=DIRECTION('center_axis',(-0.707106781186548,-0.353553390593274,-0.612372435695794));
#3417=DIRECTION('ref_axis',(-0.654653670707977,0.,0.755928946018455));
#3418=DIRECTION('',(-0.707106781186548,0.353553390593275,0.612372435695793));
#3419=DIRECTION('',(0.707106781186547,-0.353553390593276,-0.612372435695794));
#3420=DIRECTION('',(0.,-0.866025403784438,0.5));
#3421=DIRECTION('center_axis',(-1.,0.,0.));
#3422=DIRECTION('ref_axis',(0.,-0.100982674380069,0.994888184408202));
#3423=DIRECTION('center_axis',(1.,0.,0.));
#3424=DIRECTION('ref_axis',(0.,-0.100982674380069,0.994888184408202));
#3425=DIRECTION('',(-0.707106781186542,-0.469388462174429,0.528842577311559));
#3426=DIRECTION('center_axis',(1.,0.,0.));
#3427=DIRECTION('ref_axis',(0.,1.,0.));
#3428=DIRECTION('center_axis',(-1.,0.,0.));
#3429=DIRECTION('ref_axis',(0.,1.,0.));
#3430=DIRECTION('',(-0.707106781186551,0.469388462174419,0.528842577311555));
#3431=DIRECTION('center_axis',(-1.,0.,0.));
#3432=DIRECTION('ref_axis',(0.,0.100982674380066,0.994888184408203));
#3433=DIRECTION('',(-0.707106781186548,-0.353553390593272,0.612372435695795));
#3434=DIRECTION('center_axis',(1.,0.,0.));
#3435=DIRECTION('ref_axis',(0.,0.100982674380066,0.994888184408202));
#3436=DIRECTION('center_axis',(-0.707106781186547,0.353553390593274,-0.612372435695795));
#3437=DIRECTION('ref_axis',(-0.654653670707978,0.,0.755928946018454));
#3438=DIRECTION('',(0.,-0.866025403784439,-0.5));
#3439=DIRECTION('',(-0.707106781186522,-0.35355339059329,0.612372435695815));
#3440=DIRECTION('center_axis',(-1.,0.,0.));
#3441=DIRECTION('ref_axis',(0.,-0.989585827170446,0.143944053935496));
#3442=DIRECTION('',(-0.707106781186568,-0.513360993314247,-0.486272033478567));
#3443=DIRECTION('center_axis',(1.,0.,0.));
#3444=DIRECTION('ref_axis',(0.,-0.989585827170446,0.143944053935496));
#3445=DIRECTION('center_axis',(-1.,0.,0.));
#3446=DIRECTION('ref_axis',(0.,1.,0.));
#3447=DIRECTION('',(-0.707106781186552,0.513360993314256,-0.486272033478582));
#3448=DIRECTION('center_axis',(-1.,0.,0.));
#3449=DIRECTION('ref_axis',(0.,0.989585827170445,0.143944053935498));
#3450=DIRECTION('center_axis',(1.,0.,0.));
#3451=DIRECTION('ref_axis',(0.,0.989585827170445,0.143944053935498));
#3452=DIRECTION('center_axis',(1.,0.,0.));
#3453=DIRECTION('ref_axis',(0.,0.100982674380066,0.994888184408202));
#3454=DIRECTION('',(1.,0.,0.));
#3455=DIRECTION('center_axis',(-1.,0.,0.));
#3456=DIRECTION('ref_axis',(0.,0.100982674380066,0.994888184408202));
#3457=DIRECTION('',(1.,0.,0.));
#3458=DIRECTION('center_axis',(1.,0.,0.));
#3459=DIRECTION('ref_axis',(0.,1.,0.));
#3460=DIRECTION('',(1.,0.,0.));
#3461=DIRECTION('center_axis',(1.,0.,0.));
#3462=DIRECTION('ref_axis',(0.,1.,0.));
#3463=DIRECTION('center_axis',(1.,0.,0.));
#3464=DIRECTION('ref_axis',(0.,-0.100982674380069,0.994888184408202));
#3465=DIRECTION('',(1.,0.,0.));
#3466=DIRECTION('center_axis',(-1.,0.,0.));
#3467=DIRECTION('ref_axis',(0.,-0.100982674380069,0.994888184408202));
#3468=DIRECTION('center_axis',(0.,-0.5,-0.866025403784438));
#3469=DIRECTION('ref_axis',(0.,0.866025403784438,-0.5));
#3470=DIRECTION('',(-1.,0.,0.));
#3471=DIRECTION('',(0.,0.866025403784438,-0.5));
#3472=DIRECTION('center_axis',(1.,0.,0.));
#3473=DIRECTION('ref_axis',(0.,1.,0.));
#3474=DIRECTION('center_axis',(1.,0.,0.));
#3475=DIRECTION('ref_axis',(0.,0.370133706153367,-0.92897849252239));
#3476=DIRECTION('',(0.,0.866025403784438,-0.5));
#3477=DIRECTION('center_axis',(1.,0.,0.));
#3478=DIRECTION('ref_axis',(0.,-0.912089778812514,-0.409990530848871));
#3479=DIRECTION('center_axis',(-1.,0.,0.));
#3480=DIRECTION('ref_axis',(0.,1.,0.));
#3481=DIRECTION('center_axis',(1.,0.,0.));
#3482=DIRECTION('ref_axis',(0.,-0.811107104432445,-0.584897653559333));
#3483=DIRECTION('',(0.,-4.29417227570579E-17,-1.));
#3484=DIRECTION('center_axis',(1.,0.,0.));
#3485=DIRECTION('ref_axis',(0.,-0.61945212101708,0.785034438586895));
#3486=DIRECTION('center_axis',(1.,0.,0.));
#3487=DIRECTION('ref_axis',(0.,0.619452121017079,0.785034438586896));
#3488=DIRECTION('',(0.,0.,1.));
#3489=DIRECTION('center_axis',(1.,0.,0.));
#3490=DIRECTION('ref_axis',(0.,0.811107104432447,-0.584897653559331));
#3491=DIRECTION('center_axis',(-1.,0.,0.));
#3492=DIRECTION('ref_axis',(0.,-0.86602540378444,0.499999999999998));
#3493=DIRECTION('center_axis',(1.,0.,0.));
#3494=DIRECTION('ref_axis',(0.,0.912089778812515,-0.409990530848869));
#3495=DIRECTION('',(0.,0.866025403784439,0.5));
#3496=DIRECTION('center_axis',(1.,0.,0.));
#3497=DIRECTION('ref_axis',(0.,-0.370133706153366,-0.928978492522391));
#3498=DIRECTION('center_axis',(1.,0.,0.));
#3499=DIRECTION('ref_axis',(0.,-0.989585827170446,0.143944053935496));
#3500=DIRECTION('',(0.,-0.866025403784439,-0.5));
#3501=DIRECTION('center_axis',(1.,0.,0.));
#3502=DIRECTION('ref_axis',(0.,0.100982674380066,0.994888184408203));
#3503=DIRECTION('center_axis',(-1.,0.,0.));
#3504=DIRECTION('ref_axis',(0.,1.,0.));
#3505=DIRECTION('center_axis',(1.,0.,0.));
#3506=DIRECTION('ref_axis',(0.,-0.100982674380069,0.994888184408202));
#3507=DIRECTION('',(0.,-0.866025403784438,0.5));
#3508=DIRECTION('center_axis',(1.,0.,0.));
#3509=DIRECTION('ref_axis',(0.,0.989585827170445,0.143944053935498));
#3510=DIRECTION('center_axis',(1.,0.,0.));
#3511=DIRECTION('ref_axis',(0.,0.989585827170445,0.143944053935498));
#3512=DIRECTION('',(0.707106781186548,0.353553390593277,0.612372435695792));
#3513=DIRECTION('center_axis',(-1.,0.,0.));
#3514=DIRECTION('ref_axis',(0.,0.989585827170445,0.143944053935498));
#3515=DIRECTION('center_axis',(1.,0.,0.));
#3516=DIRECTION('ref_axis',(0.,0.370133706153367,-0.92897849252239));
#3517=DIRECTION('',(0.707106781186548,-0.353553390593272,-0.612372435695795));
#3518=DIRECTION('center_axis',(1.,0.,0.));
#3519=DIRECTION('ref_axis',(0.,-0.61945212101708,0.785034438586895));
#3520=DIRECTION('',(0.707106781186548,-0.707106781186547,0.));
#3521=DIRECTION('center_axis',(1.,0.,0.));
#3522=DIRECTION('ref_axis',(0.,0.619452121017079,0.785034438586896));
#3523=DIRECTION('',(0.707106781186547,0.707106781186548,0.));
#3524=DIRECTION('center_axis',(1.,0.,0.));
#3525=DIRECTION('ref_axis',(0.,-0.370133706153366,-0.928978492522391));
#3526=DIRECTION('',(0.707106781186536,0.353553390593276,-0.612372435695807));
#3527=DIRECTION('center_axis',(-1.,0.,0.));
#3528=DIRECTION('ref_axis',(0.,-0.370133706153366,-0.928978492522391));
#3529=DIRECTION('center_axis',(1.,0.,0.));
#3530=DIRECTION('ref_axis',(0.,-0.989585827170446,0.143944053935496));
#3531=DIRECTION('center_axis',(-1.,0.,0.));
#3532=DIRECTION('ref_axis',(0.,-0.989585827170446,0.143944053935496));
#3533=DIRECTION('',(0.707106781186549,-0.353553390593288,0.612372435695785));
#3534=DIRECTION('center_axis',(0.70710678118655,0.353553390593273,0.612372435695793));
#3535=DIRECTION('ref_axis',(0.654653670707975,0.,-0.755928946018456));
#3536=DIRECTION('',(0.707106781186557,-0.353553390593268,-0.612372435695787));
#3537=DIRECTION('center_axis',(1.,0.,0.));
#3538=DIRECTION('ref_axis',(0.,-0.912089778812514,-0.409990530848871));
#3539=DIRECTION('center_axis',(-1.,0.,0.));
#3540=DIRECTION('ref_axis',(0.,-0.912089778812514,-0.409990530848871));
#3541=DIRECTION('',(0.707106781186548,-0.692685337641856,0.14208104383058));
#3542=DIRECTION('center_axis',(-1.,0.,0.));
#3543=DIRECTION('ref_axis',(0.,1.,0.));
#3544=DIRECTION('',(0.707106781186547,-0.223296875467427,-0.670923621142143));
#3545=DIRECTION('center_axis',(1.,0.,0.));
#3546=DIRECTION('ref_axis',(0.,1.,0.));
#3547=DIRECTION('center_axis',(1.,0.,0.));
#3548=DIRECTION('ref_axis',(0.,-0.811107104432445,-0.584897653559333));
#3549=DIRECTION('',(0.707106781186548,-0.707106781186547,0.));
#3550=DIRECTION('center_axis',(-1.,0.,0.));
#3551=DIRECTION('ref_axis',(0.,-0.811107104432445,-0.584897653559333));
#3552=DIRECTION('center_axis',(0.707106781186548,0.707106781186547,-3.03643833573483E-17));
#3553=DIRECTION('ref_axis',(-4.29417227570579E-17,0.,-1.));
#3554=DIRECTION('',(0.,4.29417227570579E-17,1.));
#3555=DIRECTION('center_axis',(0.,1.,-4.29417227570579E-17));
#3556=DIRECTION('ref_axis',(0.,4.29417227570579E-17,1.));
#3557=DIRECTION('',(1.,0.,0.));
#3558=DIRECTION('center_axis',(1.,0.,0.));
#3559=DIRECTION('ref_axis',(0.,-0.811107104432445,-0.584897653559333));
#3560=DIRECTION('',(1.,0.,0.));
#3561=DIRECTION('center_axis',(1.,0.,0.));
#3562=DIRECTION('ref_axis',(0.,1.,0.));
#3563=DIRECTION('',(1.,0.,0.));
#3564=DIRECTION('center_axis',(1.,0.,0.));
#3565=DIRECTION('ref_axis',(0.,-0.912089778812514,-0.409990530848871));
#3566=DIRECTION('center_axis',(0.707106781186547,0.353553390593274,-0.612372435695795));
#3567=DIRECTION('ref_axis',(-0.654653670707978,0.,-0.755928946018454));
#3568=DIRECTION('',(0.707106781186525,-0.353553390593287,0.612372435695812));
#3569=DIRECTION('',(0.,0.866025403784439,0.5));
#3570=DIRECTION('center_axis',(1.,0.,0.));
#3571=DIRECTION('ref_axis',(0.,0.100982674380066,0.994888184408203));
#3572=DIRECTION('',(0.707106781186548,0.469388462174424,0.528842577311555));
#3573=DIRECTION('center_axis',(-1.,0.,0.));
#3574=DIRECTION('ref_axis',(0.,1.,0.));
#3575=DIRECTION('',(0.707106781186546,-0.469388462174429,0.528842577311554));
#3576=DIRECTION('center_axis',(1.,0.,0.));
#3577=DIRECTION('ref_axis',(0.,-0.100982674380069,0.994888184408202));
#3578=DIRECTION('',(0.707106781186548,0.353553390593275,0.612372435695793));
#3579=DIRECTION('center_axis',(0.707106781186546,-0.353553390593275,-0.612372435695795));
#3580=DIRECTION('ref_axis',(-0.654653670707978,0.,-0.755928946018453));
#3581=DIRECTION('center_axis',(-1.,0.,0.));
#3582=DIRECTION('ref_axis',(0.,0.989585827170445,0.143944053935498));
#3583=DIRECTION('center_axis',(0.,0.5,-0.866025403784439));
#3584=DIRECTION('ref_axis',(0.,0.866025403784439,0.5));
#3585=DIRECTION('',(1.,0.,0.));
#3586=DIRECTION('center_axis',(1.,0.,0.));
#3587=DIRECTION('ref_axis',(0.,-0.989585827170446,0.143944053935496));
#3588=DIRECTION('center_axis',(0.707106781186548,-0.707106781186548,0.));
#3589=DIRECTION('ref_axis',(0.,0.,-1.));
#3590=DIRECTION('',(0.707106781186547,0.707106781186548,0.));
#3591=DIRECTION('center_axis',(1.,0.,0.));
#3592=DIRECTION('ref_axis',(0.,0.811107104432447,-0.584897653559331));
#3593=DIRECTION('',(0.707106781186547,0.223296875467428,-0.670923621142143));
#3594=DIRECTION('center_axis',(-1.,0.,0.));
#3595=DIRECTION('ref_axis',(0.,-0.86602540378444,0.499999999999998));
#3596=DIRECTION('',(0.707106781186549,0.692685337641854,0.142081043830586));
#3597=DIRECTION('center_axis',(1.,0.,0.));
#3598=DIRECTION('ref_axis',(0.,0.912089778812515,-0.409990530848869));
#3599=DIRECTION('',(0.707106781186547,0.353553390593277,-0.612372435695793));
#3600=DIRECTION('center_axis',(-1.,0.,0.));
#3601=DIRECTION('ref_axis',(0.,0.912089778812515,-0.409990530848869));
#3602=DIRECTION('center_axis',(0.707106781186547,-0.353553390593274,0.612372435695795));
#3603=DIRECTION('ref_axis',(0.654653670707978,0.,-0.755928946018454));
#3604=DIRECTION('',(0.,-0.866025403784439,-0.5));
#3605=DIRECTION('center_axis',(-1.,0.,0.));
#3606=DIRECTION('ref_axis',(0.,-0.370133706153366,-0.928978492522391));
#3607=DIRECTION('',(-1.,0.,0.));
#3608=DIRECTION('center_axis',(0.,-0.5,0.866025403784439));
#3609=DIRECTION('ref_axis',(0.,-0.866025403784439,-0.5));
#3610=DIRECTION('',(1.,0.,0.));
#3611=DIRECTION('center_axis',(1.,0.,0.));
#3612=DIRECTION('ref_axis',(0.,0.912089778812515,-0.409990530848869));
#3613=DIRECTION('center_axis',(1.,0.,0.));
#3614=DIRECTION('ref_axis',(0.,0.,-1.));
#3615=DIRECTION('center_axis',(1.,0.,0.));
#3616=DIRECTION('ref_axis',(0.,-0.707106781186547,-0.707106781186548));
#3617=DIRECTION('',(0.,1.,0.));
#3618=DIRECTION('center_axis',(1.,0.,0.));
#3619=DIRECTION('ref_axis',(0.,0.707106781186548,-0.707106781186548));
#3620=DIRECTION('',(0.,0.,1.));
#3621=DIRECTION('center_axis',(1.,0.,0.));
#3622=DIRECTION('ref_axis',(0.,0.707106781186548,0.707106781186548));
#3623=DIRECTION('',(0.,-1.,0.));
#3624=DIRECTION('center_axis',(1.,0.,0.));
#3625=DIRECTION('ref_axis',(0.,-0.707106781186548,0.707106781186547));
#3626=DIRECTION('',(0.,5.9211894646675E-16,-1.));
#3627=DIRECTION('center_axis',(1.,0.,0.));
#3628=DIRECTION('ref_axis',(0.,1.,0.));
#3629=DIRECTION('center_axis',(1.,0.,0.));
#3630=DIRECTION('ref_axis',(0.,1.,0.));
#3631=DIRECTION('center_axis',(1.,0.,0.));
#3632=DIRECTION('ref_axis',(0.,1.,0.));
#3633=DIRECTION('center_axis',(1.,0.,0.));
#3634=DIRECTION('ref_axis',(0.,1.,0.));
#3635=DIRECTION('center_axis',(1.,0.,0.));
#3636=DIRECTION('ref_axis',(0.,0.930035069778638,-0.367470772962754));
#3637=DIRECTION('center_axis',(1.,0.,0.));
#3638=DIRECTION('ref_axis',(0.,0.930035069778638,-0.367470772962754));
#3639=DIRECTION('',(-1.,0.,0.));
#3640=DIRECTION('center_axis',(1.,0.,0.));
#3641=DIRECTION('ref_axis',(0.,0.930035069778638,-0.367470772962754));
#3642=DIRECTION('',(1.,0.,0.));
#3643=DIRECTION('center_axis',(1.,0.,0.));
#3644=DIRECTION('ref_axis',(0.,0.,-1.));
#3645=DIRECTION('center_axis',(1.,0.,0.));
#3646=DIRECTION('ref_axis',(0.,-0.707106781186547,-0.707106781186548));
#3647=DIRECTION('center_axis',(1.,0.,0.));
#3648=DIRECTION('ref_axis',(0.,-0.367470772962754,0.930035069778638));
#3649=DIRECTION('center_axis',(1.,0.,0.));
#3650=DIRECTION('ref_axis',(0.,-0.635715188792617,-0.771923700075576));
#3651=DIRECTION('',(0.,1.,0.));
#3652=DIRECTION('center_axis',(1.,0.,0.));
#3653=DIRECTION('ref_axis',(0.,-0.707106781186547,-0.707106781186548));
#3654=DIRECTION('',(0.,5.9211894646675E-16,-1.));
#3655=DIRECTION('center_axis',(1.,0.,0.));
#3656=DIRECTION('ref_axis',(0.,-0.771923700075576,0.635715188792617));
#3657=DIRECTION('center_axis',(1.,0.,0.));
#3658=DIRECTION('ref_axis',(0.,-0.707106781186547,-0.707106781186548));
#3659=DIRECTION('center_axis',(1.,0.,0.));
#3660=DIRECTION('ref_axis',(0.,-0.707106781186547,-0.707106781186548));
#3661=DIRECTION('',(-1.,0.,0.));
#3662=DIRECTION('center_axis',(1.,0.,0.));
#3663=DIRECTION('ref_axis',(0.,-0.367470772962754,0.930035069778638));
#3664=DIRECTION('center_axis',(1.,0.,0.));
#3665=DIRECTION('ref_axis',(0.,-0.367470772962754,0.930035069778638));
#3666=DIRECTION('',(1.,0.,0.));
#3667=DIRECTION('center_axis',(1.,0.,0.));
#3668=DIRECTION('ref_axis',(0.,1.,0.));
#3669=DIRECTION('center_axis',(1.,0.,0.));
#3670=DIRECTION('ref_axis',(0.,-0.771923700075576,0.635715188792617));
#3671=DIRECTION('',(0.,5.9211894646675E-16,-1.));
#3672=DIRECTION('center_axis',(1.,0.,0.));
#3673=DIRECTION('ref_axis',(0.,-0.707106781186547,-0.707106781186548));
#3674=DIRECTION('',(0.,1.,0.));
#3675=DIRECTION('center_axis',(1.,0.,0.));
#3676=DIRECTION('ref_axis',(0.,-0.635715188792617,-0.771923700075576));
#3677=DIRECTION('center_axis',(1.,0.,0.));
#3678=DIRECTION('ref_axis',(0.,0.367470762078162,0.930035074079303));
#3679=DIRECTION('center_axis',(1.,0.,0.));
#3680=DIRECTION('ref_axis',(0.,0.367470762078162,0.930035074079303));
#3681=DIRECTION('',(-1.,0.,0.));
#3682=DIRECTION('center_axis',(1.,0.,0.));
#3683=DIRECTION('ref_axis',(0.,0.367470762078162,0.930035074079303));
#3684=DIRECTION('',(1.,0.,0.));
#3685=DIRECTION('center_axis',(1.,0.,0.));
#3686=DIRECTION('ref_axis',(0.,0.,-1.));
#3687=DIRECTION('center_axis',(1.,0.,0.));
#3688=DIRECTION('ref_axis',(0.,0.707106781186546,-0.707106781186549));
#3689=DIRECTION('center_axis',(1.,0.,0.));
#3690=DIRECTION('ref_axis',(0.,-0.930035074079306,-0.367470762078156));
#3691=DIRECTION('center_axis',(1.,0.,0.));
#3692=DIRECTION('ref_axis',(0.,0.771923718621442,-0.635715166273107));
#3693=DIRECTION('',(0.,0.,1.));
#3694=DIRECTION('center_axis',(1.,0.,0.));
#3695=DIRECTION('ref_axis',(0.,0.707106781186548,-0.707106781186548));
#3696=DIRECTION('',(0.,1.,0.));
#3697=DIRECTION('center_axis',(1.,0.,0.));
#3698=DIRECTION('ref_axis',(0.,-0.635715188792617,-0.771923700075576));
#3699=DIRECTION('center_axis',(1.,0.,0.));
#3700=DIRECTION('ref_axis',(0.,0.707106781186546,-0.707106781186549));
#3701=DIRECTION('center_axis',(1.,0.,0.));
#3702=DIRECTION('ref_axis',(0.,0.707106781186546,-0.707106781186549));
#3703=DIRECTION('',(-1.,0.,0.));
#3704=DIRECTION('center_axis',(1.,0.,0.));
#3705=DIRECTION('ref_axis',(0.,-0.930035074079306,-0.367470762078156));
#3706=DIRECTION('center_axis',(1.,0.,0.));
#3707=DIRECTION('ref_axis',(0.,-0.930035074079306,-0.367470762078156));
#3708=DIRECTION('',(1.,0.,0.));
#3709=DIRECTION('center_axis',(1.,0.,0.));
#3710=DIRECTION('ref_axis',(0.,1.,0.));
#3711=DIRECTION('center_axis',(1.,0.,0.));
#3712=DIRECTION('ref_axis',(0.,-0.635715188792617,-0.771923700075576));
#3713=DIRECTION('',(0.,1.,0.));
#3714=DIRECTION('center_axis',(1.,0.,0.));
#3715=DIRECTION('ref_axis',(0.,0.707106781186548,-0.707106781186548));
#3716=DIRECTION('',(0.,0.,1.));
#3717=DIRECTION('center_axis',(1.,0.,0.));
#3718=DIRECTION('ref_axis',(0.,0.771923718621442,-0.635715166273107));
#3719=DIRECTION('center_axis',(1.,0.,0.));
#3720=DIRECTION('ref_axis',(0.,-0.930035070853803,0.367470770241609));
#3721=DIRECTION('center_axis',(1.,0.,0.));
#3722=DIRECTION('ref_axis',(0.,-0.930035070853803,0.367470770241609));
#3723=DIRECTION('',(-1.,0.,0.));
#3724=DIRECTION('center_axis',(1.,0.,0.));
#3725=DIRECTION('ref_axis',(0.,-0.930035070853803,0.367470770241609));
#3726=DIRECTION('',(1.,0.,0.));
#3727=DIRECTION('center_axis',(1.,0.,0.));
#3728=DIRECTION('ref_axis',(0.,0.,-1.));
#3729=DIRECTION('center_axis',(1.,0.,0.));
#3730=DIRECTION('ref_axis',(0.,0.707106781186547,0.707106781186548));
#3731=DIRECTION('center_axis',(1.,0.,0.));
#3732=DIRECTION('ref_axis',(0.,0.367470770241602,-0.930035070853806));
#3733=DIRECTION('center_axis',(1.,0.,0.));
#3734=DIRECTION('ref_axis',(0.,0.635715183162739,0.771923704712043));
#3735=DIRECTION('',(0.,-1.,0.));
#3736=DIRECTION('center_axis',(1.,0.,0.));
#3737=DIRECTION('ref_axis',(0.,0.707106781186548,0.707106781186548));
#3738=DIRECTION('',(0.,0.,1.));
#3739=DIRECTION('center_axis',(1.,0.,0.));
#3740=DIRECTION('ref_axis',(0.,0.771923718621442,-0.635715166273107));
#3741=DIRECTION('center_axis',(1.,0.,0.));
#3742=DIRECTION('ref_axis',(0.,0.707106781186547,0.707106781186548));
#3743=DIRECTION('center_axis',(1.,0.,0.));
#3744=DIRECTION('ref_axis',(0.,0.707106781186547,0.707106781186548));
#3745=DIRECTION('',(-1.,0.,0.));
#3746=DIRECTION('center_axis',(1.,0.,0.));
#3747=DIRECTION('ref_axis',(0.,0.367470770241602,-0.930035070853806));
#3748=DIRECTION('center_axis',(1.,0.,0.));
#3749=DIRECTION('ref_axis',(0.,0.367470770241602,-0.930035070853806));
#3750=DIRECTION('',(1.,0.,0.));
#3751=DIRECTION('center_axis',(1.,0.,0.));
#3752=DIRECTION('ref_axis',(0.,0.635715183162739,0.771923704712043));
#3753=DIRECTION('center_axis',(1.,0.,0.));
#3754=DIRECTION('ref_axis',(0.,0.635715183162739,0.771923704712043));
#3755=DIRECTION('center_axis',(1.,0.,0.));
#3756=DIRECTION('ref_axis',(0.,0.635715183162739,0.771923704712043));
#3757=DIRECTION('',(-1.,0.,0.));
#3758=DIRECTION('center_axis',(1.,0.,0.));
#3759=DIRECTION('ref_axis',(0.,0.635715183162739,0.771923704712043));
#3760=DIRECTION('center_axis',(1.,0.,0.));
#3761=DIRECTION('ref_axis',(0.,-0.367470772962754,-0.930035069778638));
#3762=DIRECTION('center_axis',(1.,0.,0.));
#3763=DIRECTION('ref_axis',(0.,-0.367470772962754,-0.930035069778638));
#3764=DIRECTION('center_axis',(1.,0.,0.));
#3765=DIRECTION('ref_axis',(0.,-0.367470772962754,-0.930035069778638));
#3766=DIRECTION('',(1.,0.,0.));
#3767=DIRECTION('center_axis',(1.,0.,0.));
#3768=DIRECTION('ref_axis',(0.,0.,-1.));
#3769=DIRECTION('center_axis',(1.,0.,0.));
#3770=DIRECTION('ref_axis',(0.,-0.707106781186547,0.707106781186548));
#3771=DIRECTION('center_axis',(1.,0.,0.));
#3772=DIRECTION('ref_axis',(0.,0.930035069778642,0.367470772962744));
#3773=DIRECTION('center_axis',(1.,0.,0.));
#3774=DIRECTION('ref_axis',(0.,-0.771923700075576,0.635715188792617));
#3775=DIRECTION('',(0.,5.9211894646675E-16,-1.));
#3776=DIRECTION('center_axis',(1.,0.,0.));
#3777=DIRECTION('ref_axis',(0.,-0.707106781186548,0.707106781186547));
#3778=DIRECTION('',(0.,-1.,0.));
#3779=DIRECTION('center_axis',(1.,0.,0.));
#3780=DIRECTION('ref_axis',(0.,-0.707106781186547,0.707106781186548));
#3781=DIRECTION('center_axis',(1.,0.,0.));
#3782=DIRECTION('ref_axis',(0.,-0.707106781186547,0.707106781186548));
#3783=DIRECTION('',(-1.,0.,0.));
#3784=DIRECTION('center_axis',(1.,0.,0.));
#3785=DIRECTION('ref_axis',(0.,0.930035069778642,0.367470772962744));
#3786=DIRECTION('center_axis',(1.,0.,0.));
#3787=DIRECTION('ref_axis',(0.,0.930035069778642,0.367470772962744));
#3788=DIRECTION('',(1.,0.,0.));
#3789=DIRECTION('center_axis',(1.,0.,0.));
#3790=DIRECTION('ref_axis',(0.,-0.771923700075576,0.635715188792617));
#3791=DIRECTION('center_axis',(1.,0.,0.));
#3792=DIRECTION('ref_axis',(0.,-0.771923700075576,0.635715188792617));
#3793=DIRECTION('center_axis',(1.,0.,0.));
#3794=DIRECTION('ref_axis',(0.,-0.707106781186547,-0.707106781186548));
#3795=DIRECTION('',(-1.,0.,0.));
#3796=DIRECTION('',(1.,0.,0.));
#3797=DIRECTION('center_axis',(0.,0.,-1.));
#3798=DIRECTION('ref_axis',(0.,1.,0.));
#3799=DIRECTION('',(-1.,0.,0.));
#3800=DIRECTION('center_axis',(1.,0.,0.));
#3801=DIRECTION('ref_axis',(0.,-0.707106781186547,-0.707106781186548));
#3802=DIRECTION('',(-1.,0.,0.));
#3803=DIRECTION('',(1.,0.,0.));
#3804=DIRECTION('center_axis',(0.,-1.,-5.9211894646675E-16));
#3805=DIRECTION('ref_axis',(0.,5.9211894646675E-16,-1.));
#3806=DIRECTION('',(1.,0.,0.));
#3807=DIRECTION('center_axis',(1.,0.,0.));
#3808=DIRECTION('ref_axis',(0.,0.707106781186548,-0.707106781186548));
#3809=DIRECTION('',(1.,0.,0.));
#3810=DIRECTION('center_axis',(1.,0.,0.));
#3811=DIRECTION('ref_axis',(0.,0.707106781186548,-0.707106781186548));
#3812=DIRECTION('',(-1.,0.,0.));
#3813=DIRECTION('',(1.,0.,0.));
#3814=DIRECTION('center_axis',(0.,1.,0.));
#3815=DIRECTION('ref_axis',(0.,0.,1.));
#3816=DIRECTION('',(-1.,0.,0.));
#3817=DIRECTION('center_axis',(1.,0.,0.));
#3818=DIRECTION('ref_axis',(0.,0.707106781186548,0.707106781186548));
#3819=DIRECTION('',(1.,0.,0.));
#3820=DIRECTION('center_axis',(0.,0.,1.));
#3821=DIRECTION('ref_axis',(0.,-1.,0.));
#3822=DIRECTION('',(-1.,0.,0.));
#3823=DIRECTION('center_axis',(1.,0.,0.));
#3824=DIRECTION('ref_axis',(0.,0.707106781186548,0.707106781186548));
#3825=DIRECTION('center_axis',(1.,0.,0.));
#3826=DIRECTION('ref_axis',(0.,0.707106781186548,0.707106781186548));
#3827=DIRECTION('',(-1.,0.,0.));
#3828=DIRECTION('',(1.,0.,0.));
#3829=DIRECTION('center_axis',(1.,0.,0.));
#3830=DIRECTION('ref_axis',(0.,1.,0.));
#3831=DIRECTION('center_axis',(1.,0.,0.));
#3832=DIRECTION('ref_axis',(0.,0.771923718621442,-0.635715166273107));
#3833=DIRECTION('',(0.,0.,1.));
#3834=DIRECTION('',(0.,-1.,0.));
#3835=DIRECTION('center_axis',(0.,0.,1.));
#3836=DIRECTION('ref_axis',(0.,-1.,0.));
#3837=DIRECTION('',(-1.,0.,0.));
#3838=DIRECTION('',(0.,-1.,0.));
#3839=DIRECTION('center_axis',(1.,0.,0.));
#3840=DIRECTION('ref_axis',(0.,-0.707106781186548,0.707106781186547));
#3841=DIRECTION('center_axis',(1.,0.,0.));
#3842=DIRECTION('ref_axis',(0.,-0.707106781186548,0.707106781186547));
#3843=DIRECTION('center_axis',(1.,0.,0.));
#3844=DIRECTION('ref_axis',(0.,-0.707106781186548,0.707106781186547));
#3845=DIRECTION('',(1.,0.,0.));
#3846=DIRECTION('center_axis',(1.,0.,0.));
#3847=DIRECTION('ref_axis',(0.,1.,0.));
#3848=DIRECTION('',(0.,5.9211894646675E-16,-1.));
#3849=DIRECTION('center_axis',(0.,0.,-1.));
#3850=DIRECTION('ref_axis',(0.,1.,0.));
#3851=DIRECTION('center_axis',(1.,0.,0.));
#3852=DIRECTION('ref_axis',(0.,0.771923718621442,-0.635715166273107));
#3853=DIRECTION('center_axis',(1.,0.,0.));
#3854=DIRECTION('ref_axis',(0.,-0.635715188792617,-0.771923700075576));
#3855=DIRECTION('center_axis',(1.,0.,0.));
#3856=DIRECTION('ref_axis',(0.,1.,0.));
#3857=DIRECTION('',(1.,0.,0.));
#3858=DIRECTION('center_axis',(1.,0.,0.));
#3859=DIRECTION('ref_axis',(0.,1.,0.));
#3860=DIRECTION('',(1.,0.,0.));
#3861=DIRECTION('center_axis',(1.,0.,0.));
#3862=DIRECTION('ref_axis',(0.,1.,0.));
#3863=DIRECTION('',(1.,0.,0.));
#3864=DIRECTION('center_axis',(1.,0.,0.));
#3865=DIRECTION('ref_axis',(0.,1.,0.));
#3866=DIRECTION('',(1.,0.,0.));
#3867=DIRECTION('center_axis',(0.,-1.,-5.9211894646675E-16));
#3868=DIRECTION('ref_axis',(0.,5.9211894646675E-16,-1.));
#3869=DIRECTION('center_axis',(0.,1.,0.));
#3870=DIRECTION('ref_axis',(0.,0.,1.));
#3871=DIRECTION('',(7.22786090199348E-16,0.,1.));
#3872=DIRECTION('',(1.,-1.65102306826093E-15,-7.22786090199348E-16));
#3873=CARTESIAN_POINT('',(0.,0.,0.));
#3874=CARTESIAN_POINT('',(0.,0.,0.));
#3875=CARTESIAN_POINT('Ctrl Pts',(1.7195275505437,-9.25020235285427,10.3743120944941));
#3876=CARTESIAN_POINT('Ctrl Pts',(1.7163640685459,-9.18301367498295,10.4037327562313));
#3877=CARTESIAN_POINT('Ctrl Pts',(1.71240400798848,-9.1165153368867,10.433455214984));
#3878=CARTESIAN_POINT('Ctrl Pts',(1.66085044058856,-8.18308959422923,10.8465209582065));
#3879=CARTESIAN_POINT('Ctrl Pts',(1.60005302444202,-7.31392490059301,11.2283977464785));
#3880=CARTESIAN_POINT('Ctrl Pts',(1.52503506662367,-6.43635001270385,11.5944234093057));
#3881=CARTESIAN_POINT('Ctrl Pts',(1.26846220126721,-9.39931191152239,10.749981570674));
#3882=CARTESIAN_POINT('Ctrl Pts',(1.26439727977232,-9.3304984132765,10.7760151314725));
#3883=CARTESIAN_POINT('Ctrl Pts',(1.25938600686903,-9.26238529803521,10.801379688948));
#3884=CARTESIAN_POINT('Ctrl Pts',(1.1947521193727,-8.30604558471635,11.1591281015167));
#3885=CARTESIAN_POINT('Ctrl Pts',(1.1280697482097,-7.41207353192954,11.4822593715645));
#3886=CARTESIAN_POINT('Ctrl Pts',(1.05986348571067,-6.50992951785039,11.7876730649468));
#3887=CARTESIAN_POINT('Ctrl Pts',(0.46904773229303,-9.25843007427655,10.3950411733303));
#3888=CARTESIAN_POINT('Ctrl Pts',(0.469237117379757,-9.18960957444856,10.4203848471672));
#3889=CARTESIAN_POINT('Ctrl Pts',(0.469472872441831,-9.1211268638106,10.4450866623624));
#3890=CARTESIAN_POINT('Ctrl Pts',(0.472513975819313,-8.16215423287373,10.7937613887674));
#3891=CARTESIAN_POINT('Ctrl Pts',(0.475849850724276,-7.2682019764259,11.1119168049887));
#3892=CARTESIAN_POINT('Ctrl Pts',(0.479296865462243,-6.36963070314418,11.4191914126872));
#3893=CARTESIAN_POINT('Ctrl Pts',(0.499999999999999,-9.03528344838032,9.83284129284979));
#3894=CARTESIAN_POINT('Ctrl Pts',(0.500000000000001,-8.96750315369976,9.85974267172486));
#3895=CARTESIAN_POINT('Ctrl Pts',(0.5,-8.8997046883242,9.88660033377628));
#3896=CARTESIAN_POINT('Ctrl Pts',(0.499999999999998,-7.95279466031494,10.261883801757));
#3897=CARTESIAN_POINT('Ctrl Pts',(0.500000000000001,-7.0724053996362,10.6073363676243));
#3898=CARTESIAN_POINT('Ctrl Pts',(0.499999999999999,-6.18864165355278,10.9438406823623));
#3899=CARTESIAN_POINT('',(1.70872578617367,-9.05320722621671,10.462186602263));
#3900=CARTESIAN_POINT('',(0.5,-6.18892574224543,10.9437325156811));
#3901=CARTESIAN_POINT('Ctrl Pts',(1.70862364984724,-9.05294098301544,10.4618139793043));
#3902=CARTESIAN_POINT('Ctrl Pts',(1.61964235274436,-8.89567443121926,10.598572522565));
#3903=CARTESIAN_POINT('Ctrl Pts',(1.524607871864,-8.70954995097281,10.7173757608183));
#3904=CARTESIAN_POINT('Ctrl Pts',(1.33695073039583,-8.32242506176398,10.9217784015318));
#3905=CARTESIAN_POINT('Ctrl Pts',(1.23686336720334,-8.10400342344351,11.0124377345227));
#3906=CARTESIAN_POINT('Ctrl Pts',(1.05204911451234,-7.68317762117124,11.1480039950497));
#3907=CARTESIAN_POINT('Ctrl Pts',(0.962000567516937,-7.47004121831042,11.1994727850406));
#3908=CARTESIAN_POINT('Ctrl Pts',(0.76064101499848,-6.97424375801665,11.2678107859787));
#3909=CARTESIAN_POINT('Ctrl Pts',(0.662408761330345,-6.71728417042895,11.2622211778745));
#3910=CARTESIAN_POINT('Ctrl Pts',(0.567888912430761,-6.44721258686008,11.1838618577695));
#3911=CARTESIAN_POINT('Ctrl Pts',(0.541775363345988,-6.368870418269,11.1503364505989));
#3912=CARTESIAN_POINT('Ctrl Pts',(0.516192890549299,-6.27852193555155,11.0784102671102));
#3913=CARTESIAN_POINT('Ctrl Pts',(0.510064523075926,-6.25450699727748,11.0544178113334));
#3914=CARTESIAN_POINT('Ctrl Pts',(0.502046290512838,-6.21523382243742,11.0014733866901));
#3915=CARTESIAN_POINT('Ctrl Pts',(0.5,-6.20002013033523,10.9737249865556));
#3916=CARTESIAN_POINT('Ctrl Pts',(0.5,-6.18892574224543,10.9437325156811));
#3917=CARTESIAN_POINT('',(0.5,-6.40013172828115,10.8631231713593));
#3918=CARTESIAN_POINT('Ctrl Pts',(0.499999999999999,-6.18892574094051,10.9437325121147));
#3919=CARTESIAN_POINT('Ctrl Pts',(0.499999999999999,-6.25934858060219,10.9169179432469));
#3920=CARTESIAN_POINT('Ctrl Pts',(0.499999999999999,-6.32974999461518,10.8900465594526));
#3921=CARTESIAN_POINT('Ctrl Pts',(0.499999999999999,-6.40013104653403,10.8631213892609));
#3922=CARTESIAN_POINT('',(1.71941587789604,-9.25054021905422,10.3748496690632));
#3923=CARTESIAN_POINT('Ctrl Pts',(0.500000000000001,-6.40013172828115,10.8631231713593));
#3924=CARTESIAN_POINT('Ctrl Pts',(0.500000000000001,-6.41265458174492,10.9010212621251));
#3925=CARTESIAN_POINT('Ctrl Pts',(0.503179823756506,-6.43168972186896,10.935367347988));
#3926=CARTESIAN_POINT('Ctrl Pts',(0.516091554325567,-6.48558924070077,11.0026440576947));
#3927=CARTESIAN_POINT('Ctrl Pts',(0.526587277069335,-6.52136434492925,11.0324868062985));
#3928=CARTESIAN_POINT('Ctrl Pts',(0.558917675607636,-6.62305881192078,11.0967717909118));
#3929=CARTESIAN_POINT('Ctrl Pts',(0.584342205709906,-6.69566874887215,11.123383762921));
#3930=CARTESIAN_POINT('Ctrl Pts',(0.659118671596274,-6.90153041200585,11.175201215452));
#3931=CARTESIAN_POINT('Ctrl Pts',(0.722252070741479,-7.06582694291573,11.186252246404));
#3932=CARTESIAN_POINT('Ctrl Pts',(0.924292526261748,-7.56992788906591,11.1556149408697));
#3933=CARTESIAN_POINT('Ctrl Pts',(1.08002592129096,-7.93755994083173,11.0694573086279));
#3934=CARTESIAN_POINT('Ctrl Pts',(1.41338748776682,-8.66930906354976,10.785253817805));
#3935=CARTESIAN_POINT('Ctrl Pts',(1.58258539234873,-9.01066956399775,10.5883189258459));
#3936=CARTESIAN_POINT('Ctrl Pts',(1.71930938263503,-9.25026734812565,10.3744758448249));
#3937=CARTESIAN_POINT('Ctrl Pts',(1.71951900915046,-9.25002098634963,10.3743915129511));
#3938=CARTESIAN_POINT('Ctrl Pts',(1.71640822208122,-9.18398261522148,10.4033095447397));
#3939=CARTESIAN_POINT('Ctrl Pts',(1.71252879663706,-9.11861028630848,10.4325187467557));
#3940=CARTESIAN_POINT('Ctrl Pts',(1.70889268631539,-9.05293555037943,10.4615907346688));
#3941=CARTESIAN_POINT('Ctrl Pts',(7.90439224730605,-17.0439479883711,-0.273405417892517));
#3942=CARTESIAN_POINT('Ctrl Pts',(6.76959483153737,-15.9656884091891,1.98747035223757));
#3943=CARTESIAN_POINT('Ctrl Pts',(5.63479741576868,-14.8874288300072,4.24834612236766));
#3944=CARTESIAN_POINT('Ctrl Pts',(4.5,-13.8091692508252,6.50922189249774));
#3945=CARTESIAN_POINT('Ctrl Pts',(3.53210884337443,-12.889500333065,8.43756754585441));
#3946=CARTESIAN_POINT('Ctrl Pts',(1.86174181960948,-10.5130634366692,11.463053594018));
#3947=CARTESIAN_POINT('Ctrl Pts',(0.497453419600052,-7.18912374321523,13.3781129056733));
#3948=CARTESIAN_POINT('Ctrl Pts',(-2.10444330834275E-7,-5.66686232991138,
13.9484443714405));
#3949=CARTESIAN_POINT('Ctrl Pts',(-0.0461416446389761,-5.5256645969232,
14.0013456072692));
#3950=CARTESIAN_POINT('Ctrl Pts',(-0.0922830788336215,-5.38446686393502,
14.054246843098));
#3951=CARTESIAN_POINT('Ctrl Pts',(-0.138424513028267,-5.24326913094684,
14.1071480789267));
#3952=CARTESIAN_POINT('Ctrl Pts',(7.87797218804487,-16.5490610527321,-0.531042555859331));
#3953=CARTESIAN_POINT('Ctrl Pts',(6.75198145869658,-15.521926843309,1.69865270393379));
#3954=CARTESIAN_POINT('Ctrl Pts',(5.62599072934829,-14.4947926338859,3.92834796372692));
#3955=CARTESIAN_POINT('Ctrl Pts',(4.5,-13.4676584244627,6.15804322352004));
#3956=CARTESIAN_POINT('Ctrl Pts',(3.53962024037537,-12.5915953455785,8.05979440301304));
#3957=CARTESIAN_POINT('Ctrl Pts',(1.87488675271606,-10.3096850750033,11.0530828154943));
#3958=CARTESIAN_POINT('Ctrl Pts',(0.503086965707812,-7.09375358789977,12.9716131805609));
#3959=CARTESIAN_POINT('Ctrl Pts',(-2.12827565613345E-7,-5.61776379887932,
13.5513558529017));
#3960=CARTESIAN_POINT('Ctrl Pts',(-0.0466641882024941,-5.48085800181844,
13.6051300275183));
#3961=CARTESIAN_POINT('Ctrl Pts',(-0.0933281635774227,-5.34395220475755,
13.6589042021348));
#3962=CARTESIAN_POINT('Ctrl Pts',(-0.139992138952351,-5.20704640769667,
13.7126783767514));
#3963=CARTESIAN_POINT('Ctrl Pts',(7.85155212878369,-16.0541741170931,-0.788679693826146));
#3964=CARTESIAN_POINT('Ctrl Pts',(6.73436808585579,-15.0781652774288,1.40983505563002));
#3965=CARTESIAN_POINT('Ctrl Pts',(5.6171840429279,-14.1021564377645,3.60834980508618));
#3966=CARTESIAN_POINT('Ctrl Pts',(4.5,-13.1261475981003,5.80686455454234));
#3967=CARTESIAN_POINT('Ctrl Pts',(3.5471316373763,-12.2936903580919,7.68202126017168));
#3968=CARTESIAN_POINT('Ctrl Pts',(1.88803168582263,-10.1063067133373,10.6431120369706));
#3969=CARTESIAN_POINT('Ctrl Pts',(0.508720511815572,-6.99838343258431,12.5651134554484));
#3970=CARTESIAN_POINT('Ctrl Pts',(-2.15210800392416E-7,-5.56866526784726,
13.1542673343629));
#3971=CARTESIAN_POINT('Ctrl Pts',(-0.0471867317660122,-5.43605140671367,
13.2089144477673));
#3972=CARTESIAN_POINT('Ctrl Pts',(-0.0943732483212239,-5.30343754558009,
13.2635615611717));
#3973=CARTESIAN_POINT('Ctrl Pts',(-0.141559764876436,-5.1708236844465,13.3182086745761));
#3974=CARTESIAN_POINT('Ctrl Pts',(7.82513206952251,-15.5592871814541,-1.04631683179296));
#3975=CARTESIAN_POINT('Ctrl Pts',(6.71675471301501,-14.6344037115486,1.12101740732624));
#3976=CARTESIAN_POINT('Ctrl Pts',(5.6083773565075,-13.7095202416432,3.28835164644544));
#3977=CARTESIAN_POINT('Ctrl Pts',(4.5,-12.7846367717378,5.45568588556464));
#3978=CARTESIAN_POINT('Ctrl Pts',(3.55464303437724,-11.9957853706054,7.30424811733031));
#3979=CARTESIAN_POINT('Ctrl Pts',(1.90117661892921,-9.90292835167133,10.2331412584469));
#3980=CARTESIAN_POINT('Ctrl Pts',(0.514354057923332,-6.90301327726885,12.158613730336));
#3981=CARTESIAN_POINT('Ctrl Pts',(-2.17594035171486E-7,-5.5195667368152,
12.7571788158241));
#3982=CARTESIAN_POINT('Ctrl Pts',(-0.0477092753295302,-5.39124481160891,
12.8126988680163));
#3983=CARTESIAN_POINT('Ctrl Pts',(-0.0954183330650252,-5.26292288640262,
12.8682189202085));
#3984=CARTESIAN_POINT('Ctrl Pts',(-0.14312739080052,-5.13460096119633,12.9237389724007));
#3985=CARTESIAN_POINT('Ctrl Pts',(7.69254818501147,-13.0757941781968,-2.33921826733733));
#3986=CARTESIAN_POINT('Ctrl Pts',(6.62836545667431,-12.4074733470304,-0.328357302583004));
#3987=CARTESIAN_POINT('Ctrl Pts',(5.56418272833715,-11.7391525158641,1.68250366217132));
#3988=CARTESIAN_POINT('Ctrl Pts',(4.5,-11.0708316846977,3.69336462692564));
#3989=CARTESIAN_POINT('Ctrl Pts',(3.5923375066963,-10.5008076316941,5.40846770871305));
#3990=CARTESIAN_POINT('Ctrl Pts',(1.96714188704913,-8.88231394090858,8.17578333145104));
#3991=CARTESIAN_POINT('Ctrl Pts',(0.542624903917849,-6.42441686182765,10.1186746039591));
#3992=CARTESIAN_POINT('Ctrl Pts',(-2.29553831384936E-7,-5.27317539061631,
10.7644679834164));
#3993=CARTESIAN_POINT('Ctrl Pts',(-0.0503315576943262,-5.16639170390102,
10.8243687076687));
#3994=CARTESIAN_POINT('Ctrl Pts',(-0.100662885834821,-5.05960801718573,
10.8842694319209));
#3995=CARTESIAN_POINT('Ctrl Pts',(-0.150994213975316,-4.95282433047043,
10.9441701561732));
#3996=CARTESIAN_POINT('Ctrl Pts',(7.56109585258575,-9.54539898993011,-1.51024468949971));
#3997=CARTESIAN_POINT('Ctrl Pts',(6.5407305683905,-9.25694399006875,-0.137969128187274));
#3998=CARTESIAN_POINT('Ctrl Pts',(5.52036528419525,-8.96848899020739,1.23430643312516));
#3999=CARTESIAN_POINT('Ctrl Pts',(4.5,-8.68003399034603,2.6065819944376));
#4000=CARTESIAN_POINT('Ctrl Pts',(3.62971027129866,-8.43400501674185,3.77702295754818));
#4001=CARTESIAN_POINT('Ctrl Pts',(2.03647844820033,-7.40572951651032,6.23292782512267));
#4002=CARTESIAN_POINT('Ctrl Pts',(0.570895749504879,-5.59879344979342,8.20639807880707));
#4003=CARTESIAN_POINT('Ctrl Pts',(-2.41513627098326E-7,-4.73475132417995,
8.80810704092756));
#4004=CARTESIAN_POINT('Ctrl Pts',(-0.0529538400213251,-4.6546068836281,
8.8639187041725));
#4005=CARTESIAN_POINT('Ctrl Pts',(-0.105907438529023,-4.57446244307625,
8.91973036741744));
#4006=CARTESIAN_POINT('Ctrl Pts',(-0.158861037036721,-4.4943180025244,8.97554203066238));
#4007=CARTESIAN_POINT('Ctrl Pts',(7.42738046788626,-6.31291584800445,-1.20304912518422));
#4008=CARTESIAN_POINT('Ctrl Pts',(6.45158697859084,-6.28373644188366,0.022649840718911));
#4009=CARTESIAN_POINT('Ctrl Pts',(5.47579348929542,-6.25455703576288,1.24834880662204));
#4010=CARTESIAN_POINT('Ctrl Pts',(4.5,-6.2253776296421,2.47404777252517));
#4011=CARTESIAN_POINT('Ctrl Pts',(3.6677264365798,-6.20048993713642,3.51947065884637));
#4012=CARTESIAN_POINT('Ctrl Pts',(2.1026850412657,-5.71403942679831,5.2503489151562));
#4013=CARTESIAN_POINT('Ctrl Pts',(0.599166595470228,-4.53304109063146,6.53175313894551));
#4014=CARTESIAN_POINT('Ctrl Pts',(-2.53473422291678E-7,-3.92681992158691,
6.96994159755836));
#4015=CARTESIAN_POINT('Ctrl Pts',(-0.0555761223834146,-3.8705897274754,
7.010585876154));
#4016=CARTESIAN_POINT('Ctrl Pts',(-0.111151991293407,-3.81435953336389,
7.05123015474965));
#4017=CARTESIAN_POINT('Ctrl Pts',(-0.166727860203399,-3.75812933925239,
7.09187443334529));
#4018=CARTESIAN_POINT('Ctrl Pts',(7.05556433957479,2.67549913030136,-0.348844759583856));
#4019=CARTESIAN_POINT('Ctrl Pts',(6.20370955971653,1.98372299606357,0.469275509756842));
#4020=CARTESIAN_POINT('Ctrl Pts',(5.35185477985826,1.2919468618258,1.28739577909754));
#4021=CARTESIAN_POINT('Ctrl Pts',(4.5,0.600170727588021,2.10551604843824));
#4022=CARTESIAN_POINT('Ctrl Pts',(3.77343621275739,0.010141182764094,2.80330700455758));
#4023=CARTESIAN_POINT('Ctrl Pts',(2.28678262403509,-1.01003576354624,2.51813760764458));
#4024=CARTESIAN_POINT('Ctrl Pts',(0.677778017144324,-1.56955325553344,1.87514612820375));
#4025=CARTESIAN_POINT('Ctrl Pts',(-2.86729466494698E-7,-1.68024278516764,
1.85864075595795));
#4026=CARTESIAN_POINT('Ctrl Pts',(-0.0628677805378051,-1.69050981979998,
1.85710979608282));
#4027=CARTESIAN_POINT('Ctrl Pts',(-0.125735274346144,-1.70077685443233,
1.85557883620769));
#4028=CARTESIAN_POINT('Ctrl Pts',(-0.188602768154482,-1.71104388906468,
1.85404787633255));
#4029=CARTESIAN_POINT('Ctrl Pts',(6.68374821126332,11.6639141086072,0.505359606016506));
#4030=CARTESIAN_POINT('Ctrl Pts',(5.95583214084222,10.2511824340108,0.915901178794773));
#4031=CARTESIAN_POINT('Ctrl Pts',(5.22791607042111,8.83845075941448,1.32644275157304));
#4032=CARTESIAN_POINT('Ctrl Pts',(4.5,7.42571908481814,1.73698432435131));
#4033=CARTESIAN_POINT('Ctrl Pts',(3.87914598893497,6.22077230266461,2.08714335026879));
#4034=CARTESIAN_POINT('Ctrl Pts',(2.47088020680448,3.69396789970583,-0.214073699867043));
#4035=CARTESIAN_POINT('Ctrl Pts',(0.75638943881842,1.39393457956457,-2.78146088253802));
#4036=CARTESIAN_POINT('Ctrl Pts',(-3.19985510697718E-7,0.566334351251633,
-3.25266008564245));
#4037=CARTESIAN_POINT('Ctrl Pts',(-0.0701594386921956,0.489570087875431,
-3.29636628398836));
#4038=CARTESIAN_POINT('Ctrl Pts',(-0.140318557398881,0.412805824499228,
-3.34007248233427));
#4039=CARTESIAN_POINT('Ctrl Pts',(-0.210477676105565,0.336041561123026,
-3.38377868068018));
#4040=CARTESIAN_POINT('Ctrl Pts',(6.31193208295185,20.652329086913,1.35956397161687));
#4041=CARTESIAN_POINT('Ctrl Pts',(5.7079547219679,18.5186418719581,1.3625268478327));
#4042=CARTESIAN_POINT('Ctrl Pts',(5.10397736098395,16.3849546570032,1.36548972404854));
#4043=CARTESIAN_POINT('Ctrl Pts',(4.5,14.2512674420483,1.36845260026438));
#4044=CARTESIAN_POINT('Ctrl Pts',(3.98485576511256,12.4314034225651,1.37097969598));
#4045=CARTESIAN_POINT('Ctrl Pts',(2.65497778957387,8.3979715629579,-2.94628500737867));
#4046=CARTESIAN_POINT('Ctrl Pts',(0.835000860492516,4.35742241466259,-7.43806789327979));
#4047=CARTESIAN_POINT('Ctrl Pts',(-3.53241554900738E-7,2.8129114876709,
-8.36396092724286));
#4048=CARTESIAN_POINT('Ctrl Pts',(-0.0774510968465861,2.66964999555085,
-8.44984236405955));
#4049=CARTESIAN_POINT('Ctrl Pts',(-0.154901840451617,2.52638850343079,-8.53572380087623));
#4050=CARTESIAN_POINT('Ctrl Pts',(-0.232352584056649,2.38312701131073,-8.62160523769292));
#4051=CARTESIAN_POINT('',(0.500000000000202,-4.44177933412471,6.65361528401645));
#4052=CARTESIAN_POINT('Ctrl Pts',(0.5,-4.44177933412359,6.65361528401714));
#4053=CARTESIAN_POINT('Ctrl Pts',(0.5,-5.41845089714737,8.22957663078993));
#4054=CARTESIAN_POINT('Ctrl Pts',(0.5,-5.98411610672981,9.60412913847803));
#4055=CARTESIAN_POINT('Ctrl Pts',(0.5,-6.40013172828115,10.8631231713593));
#4056=CARTESIAN_POINT('',(3.99999999999893,-7.29848485575133,3.27599127141215));
#4057=CARTESIAN_POINT('Ctrl Pts',(3.99999999999823,-7.29848485575153,3.27599127141168));
#4058=CARTESIAN_POINT('Ctrl Pts',(3.80720264859356,-7.19030292499073,3.51700662154826));
#4059=CARTESIAN_POINT('Ctrl Pts',(3.61413241093564,-7.07030552639929,3.75238085409144));
#4060=CARTESIAN_POINT('Ctrl Pts',(3.0581482896976,-6.69514667477472,4.40626702083804));
#4061=CARTESIAN_POINT('Ctrl Pts',(2.69551758123019,-6.41511464001602,4.80397277100108));
#4062=CARTESIAN_POINT('Ctrl Pts',(1.63819637862176,-5.53442807247542,5.84346551322515));
#4063=CARTESIAN_POINT('Ctrl Pts',(1.0039016770649,-4.94348677131681,6.318688536444));
#4064=CARTESIAN_POINT('Ctrl Pts',(0.499999999999948,-4.4417793340987,6.6536152839771));
#4065=CARTESIAN_POINT('',(4.5,-7.41902099535358,2.61390189630079));
#4066=CARTESIAN_POINT('Ctrl Pts',(3.99999999999823,-7.29848485575153,3.27599127141168));
#4067=CARTESIAN_POINT('Ctrl Pts',(4.07477752458809,-7.34044381902946,3.18251212794805));
#4068=CARTESIAN_POINT('Ctrl Pts',(4.15022005874364,-7.37276533214738,3.08525493232789));
#4069=CARTESIAN_POINT('Ctrl Pts',(4.32228947836279,-7.42158814875851,2.858106255347));
#4070=CARTESIAN_POINT('Ctrl Pts',(4.41454232820975,-7.42954757295003,2.73250045764066));
#4071=CARTESIAN_POINT('Ctrl Pts',(4.5,-7.41902099535358,2.61390189630079));
#4072=CARTESIAN_POINT('',(4.50000000000026,-12.5388349027466,5.21162356586298));
#4073=CARTESIAN_POINT('Ctrl Pts',(4.5,-12.538666844809,5.21179932621765));
#4074=CARTESIAN_POINT('Ctrl Pts',(4.5,-11.8534289102969,4.55659085084567));
#4075=CARTESIAN_POINT('Ctrl Pts',(4.5,-11.0717650711994,4.00394585065217));
#4076=CARTESIAN_POINT('Ctrl Pts',(4.5,-9.38569169141862,3.13547896035648));
#4077=CARTESIAN_POINT('Ctrl Pts',(4.5,-8.48095585705409,2.81962618962599));
#4078=CARTESIAN_POINT('Ctrl Pts',(4.5,-7.54991755009457,2.63845362494298));
#4079=CARTESIAN_POINT('Ctrl Pts',(4.5,-7.50634106403813,2.62997399131276));
#4080=CARTESIAN_POINT('Ctrl Pts',(4.5,-7.4627076729328,2.6217895367768));
#4081=CARTESIAN_POINT('Ctrl Pts',(4.5,-7.41902099535358,2.61390189630079));
#4082=CARTESIAN_POINT('',(4.22398120738579,-12.5428773552641,5.9905104389898));
#4083=CARTESIAN_POINT('Ctrl Pts',(4.22398075006878,-12.5428770125081,5.99050909820103));
#4084=CARTESIAN_POINT('Ctrl Pts',(4.24379687701828,-12.5610501200549,5.95245110621035));
#4085=CARTESIAN_POINT('Ctrl Pts',(4.26368777784763,-12.578123421751,5.91289865503338));
#4086=CARTESIAN_POINT('Ctrl Pts',(4.28327228047425,-12.5933445450153,5.87234917213319));
#4087=CARTESIAN_POINT('Ctrl Pts',(4.30184954168379,-12.6077828377908,5.83388517076895));
#4088=CARTESIAN_POINT('Ctrl Pts',(4.32015139857438,-12.6205546363845,5.79452423219118));
#4089=CARTESIAN_POINT('Ctrl Pts',(4.33782429509591,-12.6310420033436,5.75471684622793));
#4090=CARTESIAN_POINT('Ctrl Pts',(4.35143417478596,-12.6391183140041,5.72406121866426));
#4091=CARTESIAN_POINT('Ctrl Pts',(4.36467066316393,-12.6458402704657,5.69314130116425));
#4092=CARTESIAN_POINT('Ctrl Pts',(4.37735731905975,-12.6509361995492,5.66217356001666));
#4093=CARTESIAN_POINT('Ctrl Pts',(4.39507445206392,-12.6580527520981,5.61892657726127));
#4094=CARTESIAN_POINT('Ctrl Pts',(4.41095858968976,-12.6616501725555,5.57748964928752));
#4095=CARTESIAN_POINT('Ctrl Pts',(4.42498522034869,-12.6617502772715,5.53806964521302));
#4096=CARTESIAN_POINT('Ctrl Pts',(4.43883771747123,-12.6618491392379,5.49913902058259));
#4097=CARTESIAN_POINT('Ctrl Pts',(4.45087914624721,-12.6585363921809,5.46217484176168));
#4098=CARTESIAN_POINT('Ctrl Pts',(4.46104342102425,-12.6518170603008,5.42735541963321));
#4099=CARTESIAN_POINT('Ctrl Pts',(4.46284069470928,-12.6506289304407,5.42119855822475));
#4100=CARTESIAN_POINT('Ctrl Pts',(4.46457915443315,-12.649334261123,5.41510871683039));
#4101=CARTESIAN_POINT('Ctrl Pts',(4.46625827059812,-12.6479330476367,5.40908683655114));
#4102=CARTESIAN_POINT('Ctrl Pts',(4.47391569009446,-12.6415429718976,5.38162473213148));
#4103=CARTESIAN_POINT('Ctrl Pts',(4.48061476138284,-12.6327035576557,5.35459917743644));
#4104=CARTESIAN_POINT('Ctrl Pts',(4.48599414715397,-12.6209499988158,5.32853100115483));
#4105=CARTESIAN_POINT('Ctrl Pts',(4.48800551057691,-12.6165553189498,5.31878405633501));
#4106=CARTESIAN_POINT('Ctrl Pts',(4.48983199619718,-12.611753456118,5.30917116414751));
#4107=CARTESIAN_POINT('Ctrl Pts',(4.49145312610512,-12.6065209372575,5.29972032070782));
#4108=CARTESIAN_POINT('Ctrl Pts',(4.49703299451583,-12.5885108033656,5.26719087164575));
#4109=CARTESIAN_POINT('Ctrl Pts',(4.50000016188368,-12.5659836114902,5.2376523029894));
#4110=CARTESIAN_POINT('Ctrl Pts',(4.50000000000026,-12.5388349027466,5.21162356586298));
#4111=CARTESIAN_POINT('Origin',(4.49999999999999,-5.02555344957236E-19,
-1.54670631169432E-18));
#4112=CARTESIAN_POINT('Origin',(0.5,0.,0.));
#4113=CARTESIAN_POINT('',(0.50000000000009,-4.2698609447085,6.81851599411846));
#4114=CARTESIAN_POINT('Ctrl Pts',(0.5,-6.18892574224543,10.9437325156811));
#4115=CARTESIAN_POINT('Ctrl Pts',(0.5,-6.07507585140809,10.6359517253061));
#4116=CARTESIAN_POINT('Ctrl Pts',(0.499999999999999,-5.95202918585915,10.3316449185036));
#4117=CARTESIAN_POINT('Ctrl Pts',(0.499999999999999,-5.42046115673384,9.09244939621262));
#4118=CARTESIAN_POINT('Ctrl Pts',(0.5,-4.95471525901196,8.17782539959337));
#4119=CARTESIAN_POINT('Ctrl Pts',(0.5,-4.26980830442225,6.81854251817658));
#4120=CARTESIAN_POINT('',(0.5,-4.25348263313633,6.77553580830384));
#4121=CARTESIAN_POINT('Ctrl Pts',(0.5,-4.26985917264562,6.81851672553724));
#4122=CARTESIAN_POINT('Ctrl Pts',(0.5,-4.26471753391478,6.80605969347898));
#4123=CARTESIAN_POINT('Ctrl Pts',(0.50000000000077,-4.26193594161725,6.79863039706741));
#4124=CARTESIAN_POINT('Ctrl Pts',(0.50000000000077,-4.25711342065302,6.78564779740269));
#4125=CARTESIAN_POINT('Ctrl Pts',(0.5,-4.25528346213322,6.78059967120886));
#4126=CARTESIAN_POINT('Ctrl Pts',(0.5,-4.25348263313633,6.77553580830384));
#4127=CARTESIAN_POINT('',(0.5,4.95537853520913,6.28046364313882));
#4128=CARTESIAN_POINT('Origin',(0.5,0.,0.));
#4129=CARTESIAN_POINT('',(0.5,8.35369395163225,9.44377749818152));
#4130=CARTESIAN_POINT('Ctrl Pts',(0.5,4.95537853520913,6.28046364313882));
#4131=CARTESIAN_POINT('Ctrl Pts',(0.5,5.56966269863685,7.00705563658721));
#4132=CARTESIAN_POINT('Ctrl Pts',(0.5,6.16956168600482,7.60865095026943));
#4133=CARTESIAN_POINT('Ctrl Pts',(0.5,6.7465792790534,8.13157976276754));
#4134=CARTESIAN_POINT('Ctrl Pts',(0.5,7.29929653532475,8.63248611631932));
#4135=CARTESIAN_POINT('Ctrl Pts',(0.5,7.83263694800892,9.06122763043338));
#4136=CARTESIAN_POINT('Ctrl Pts',(0.5,8.35369395163225,9.44377749818153));
#4137=CARTESIAN_POINT('',(0.5,8.49562430195205,9.2678182422864));
#4138=CARTESIAN_POINT('Ctrl Pts',(0.5,8.49562429897876,9.26781823994857));
#4139=CARTESIAN_POINT('Ctrl Pts',(0.5,8.44836024332103,9.3265082201418));
#4140=CARTESIAN_POINT('Ctrl Pts',(0.5,8.40104878274063,9.38516025640478));
#4141=CARTESIAN_POINT('Ctrl Pts',(0.5,8.35369246681408,9.44377629860728));
#4142=CARTESIAN_POINT('',(0.500000000000089,5.1653344721363,6.16791639373919));
#4143=CARTESIAN_POINT('Ctrl Pts',(0.5,8.49562430195204,9.2678182422864));
#4144=CARTESIAN_POINT('Ctrl Pts',(0.5,8.1546382571689,8.99852603246768));
#4145=CARTESIAN_POINT('Ctrl Pts',(0.5,7.82391522956961,8.71537160645192));
#4146=CARTESIAN_POINT('Ctrl Pts',(0.5,6.87149040782983,7.85917535399685));
#4147=CARTESIAN_POINT('Ctrl Pts',(0.5,6.28600522190012,7.27846966377604));
#4148=CARTESIAN_POINT('Ctrl Pts',(0.5,5.16537559584854,6.16787489845062));
#4149=CARTESIAN_POINT('',(0.5,5.1295190629607,6.13905808595446));
#4150=CARTESIAN_POINT('Ctrl Pts',(0.5,5.16533571535444,6.16791493442808));
#4151=CARTESIAN_POINT('Ctrl Pts',(0.5,5.15507722758848,6.1591755108032));
#4152=CARTESIAN_POINT('Ctrl Pts',(0.50000000000077,5.14887110611614,6.15423428047553));
#4153=CARTESIAN_POINT('Ctrl Pts',(0.50000000000077,5.13801416104023,6.14563594655996));
#4154=CARTESIAN_POINT('Ctrl Pts',(0.5,5.13377859601013,6.14233559580151));
#4155=CARTESIAN_POINT('Ctrl Pts',(0.5,5.12951906296069,6.13905808595446));
#4156=CARTESIAN_POINT('',(0.5,7.50437188065896,-2.77207551787015));
#4157=CARTESIAN_POINT('Origin',(0.5,0.,0.));
#4158=CARTESIAN_POINT('',(0.5,11.5629990763198,-5.02654853486177));
#4159=CARTESIAN_POINT('Ctrl Pts',(0.5,7.50437188065896,-2.77207551787015));
#4160=CARTESIAN_POINT('Ctrl Pts',(0.5,8.38552256489617,-3.13188594080817));
#4161=CARTESIAN_POINT('Ctrl Pts',(0.5,9.1437797572472,-3.51692031099527));
#4162=CARTESIAN_POINT('Ctrl Pts',(0.5,9.81967176387405,-3.90431141263964));
#4163=CARTESIAN_POINT('Ctrl Pts',(0.5,10.4663682287736,-4.27496893412332));
#4164=CARTESIAN_POINT('Ctrl Pts',(0.5,11.0385032146638,-4.6494566983654));
#4165=CARTESIAN_POINT('Ctrl Pts',(0.5,11.5629990763198,-5.02654853486177));
#4166=CARTESIAN_POINT('',(0.5,11.4395109432329,-5.21590643649693));
#4167=CARTESIAN_POINT('Ctrl Pts',(0.499999999999999,11.4395109401063,-5.21590643441699));
#4168=CARTESIAN_POINT('Ctrl Pts',(0.499999999999999,11.4807229935015,-5.15281950658247));
#4169=CARTESIAN_POINT('Ctrl Pts',(0.499999999999999,11.5218842892316,-5.08969925437539));
#4170=CARTESIAN_POINT('Ctrl Pts',(0.499999999999999,11.5629974746149,-5.0265474920972));
#4171=CARTESIAN_POINT('',(0.500000000000089,7.46221321175023,-3.00653402301996));
#4172=CARTESIAN_POINT('Ctrl Pts',(0.5,11.4395109432329,-5.21590643649693));
#4173=CARTESIAN_POINT('Ctrl Pts',(0.5,11.0243229975347,-4.93900761959864));
#4174=CARTESIAN_POINT('Ctrl Pts',(0.500000000000001,10.5953091191952,-4.68024039987303));
#4175=CARTESIAN_POINT('Ctrl Pts',(0.5,9.49270951146212,-4.05276610306881));
#4176=CARTESIAN_POINT('Ctrl Pts',(0.5,8.84285838489174,-3.7179130255392));
#4177=CARTESIAN_POINT('Ctrl Pts',(0.5,7.46218622514639,-3.00658640353189));
#4178=CARTESIAN_POINT('',(0.5,7.42369975998655,-2.98138925227412));
#4179=CARTESIAN_POINT('Ctrl Pts',(0.5,7.46221220803841,-3.00653565634261));
#4180=CARTESIAN_POINT('Ctrl Pts',(0.5,7.45073047519504,-2.9994798851266));
#4181=CARTESIAN_POINT('Ctrl Pts',(0.50000000000077,7.44411328888929,-2.99510443700377));
#4182=CARTESIAN_POINT('Ctrl Pts',(0.50000000000077,7.43258080685416,-2.98743589994549));
#4183=CARTESIAN_POINT('Ctrl Pts',(0.5,7.42813312518419,-2.98442750269518));
#4184=CARTESIAN_POINT('Ctrl Pts',(0.5,7.42369975998655,-2.98138925227412));
#4185=CARTESIAN_POINT('',(0.500000000000202,-0.317422288215114,-7.99370021277375));
#4186=CARTESIAN_POINT('Origin',(0.5,0.,0.));
#4187=CARTESIAN_POINT('',(0.5,-1.20736927112956,-12.5503548883528));
#4188=CARTESIAN_POINT('Ctrl Pts',(0.5,-0.31742228821643,-7.99370021277365));
#4189=CARTESIAN_POINT('Ctrl Pts',(0.5,-0.387330720142855,-8.94289897746983));
#4190=CARTESIAN_POINT('Ctrl Pts',(0.5,-0.519199352391974,-9.78299259559217));
#4191=CARTESIAN_POINT('Ctrl Pts',(0.5,-0.678763177219695,-10.5455022289888));
#4192=CARTESIAN_POINT('Ctrl Pts',(0.5,-0.83144170507,-11.2751090081217));
#4193=CARTESIAN_POINT('Ctrl Pts',(0.5,-1.01080626897528,-11.934985355976));
#4194=CARTESIAN_POINT('Ctrl Pts',(0.5,-1.20736927112957,-12.5503548883528));
#4195=CARTESIAN_POINT('',(0.5,-1.42561929207578,-12.4914254820823));
#4196=CARTESIAN_POINT('Ctrl Pts',(0.5,-1.42561929105969,-12.4914254784588));
#4197=CARTESIAN_POINT('Ctrl Pts',(0.5,-1.35288483206301,-12.5111255432473));
#4198=CARTESIAN_POINT('Ctrl Pts',(0.5,-1.28013435681988,-12.5307670388581));
#4199=CARTESIAN_POINT('Ctrl Pts',(0.5,-1.20736877447502,-12.5503530432531));
#4200=CARTESIAN_POINT('',(0.50000000000009,-0.553433075976131,-8.02605660829849));
#4201=CARTESIAN_POINT('Ctrl Pts',(0.5,-1.42561929207578,-12.4914254820823));
#4202=CARTESIAN_POINT('Ctrl Pts',(0.5,-1.27714241571005,-11.9632127636449));
#4203=CARTESIAN_POINT('Ctrl Pts',(0.5,-1.15447322193682,-11.4250872941968));
#4204=CARTESIAN_POINT('Ctrl Pts',(0.5,-0.904114413471706,-10.1785992418313));
#4205=CARTESIAN_POINT('Ctrl Pts',(0.5,-0.795408883850933,-9.51022554846644));
#4206=CARTESIAN_POINT('Ctrl Pts',(0.5,-0.55349158752713,-8.02604707106531));
#4207=CARTESIAN_POINT('',(0.5,-0.541420289014573,-7.9816579775535));
#4208=CARTESIAN_POINT('Ctrl Pts',(0.5,-0.553434939522295,-8.02605615843628));
#4209=CARTESIAN_POINT('Ctrl Pts',(0.5,-0.550272552903294,-8.01295602838305));
#4210=CARTESIAN_POINT('Ctrl Pts',(0.50000000000077,-0.54815607747779,-8.00531062239945));
#4211=CARTESIAN_POINT('Ctrl Pts',(0.50000000000077,-0.54442659827424,-7.99197287193789));
#4212=CARTESIAN_POINT('Ctrl Pts',(0.5,-0.542939851687323,-7.98681322942709));
#4213=CARTESIAN_POINT('Ctrl Pts',(0.5,-0.541420289014573,-7.9816579775535));
#4214=CARTESIAN_POINT('',(0.500000000000202,-7.70054956163961,-2.16830266556283));
#4215=CARTESIAN_POINT('Origin',(0.5,0.,0.));
#4216=CARTESIAN_POINT('',(0.5,-12.3091939678797,-2.72999649862013));
#4217=CARTESIAN_POINT('Ctrl Pts',(0.5,-7.70054956163992,-2.16830266556155));
#4218=CARTESIAN_POINT('Ctrl Pts',(0.5,-9.50127655905917,-2.61019626028992));
#4219=CARTESIAN_POINT('Ctrl Pts',(0.5,-10.9832855744911,-2.72339330703223));
#4220=CARTESIAN_POINT('Ctrl Pts',(0.5,-12.3091939678797,-2.72999649862013));
#4221=CARTESIAN_POINT('',(0.5,-12.3205917510545,-2.50421818264502));
#4222=CARTESIAN_POINT('Ctrl Pts',(0.499999999999999,-12.320591747258,-2.50421818250657));
#4223=CARTESIAN_POINT('Ctrl Pts',(0.5,-12.3168514377235,-2.57948038239586));
#4224=CARTESIAN_POINT('Ctrl Pts',(0.5,-12.3130504731183,-2.65473976344639));
#4225=CARTESIAN_POINT('Ctrl Pts',(0.5,-12.3091920624159,-2.72999640094318));
#4226=CARTESIAN_POINT('',(0.50000000000009,-7.80425366320189,-1.9538417565392));
#4227=CARTESIAN_POINT('Ctrl Pts',(0.5,-12.3205917510545,-2.50421818264502));
#4228=CARTESIAN_POINT('Ctrl Pts',(0.5,-11.7690765779901,-2.48206992913676));
#4229=CARTESIAN_POINT('Ctrl Pts',(0.500000000000001,-11.2160327754475,-2.43197928444246));
#4230=CARTESIAN_POINT('Ctrl Pts',(0.500000000000001,-9.95279195163164,-2.28444447839219));
#4231=CARTESIAN_POINT('Ctrl Pts',(0.5,-9.28672782493304,-2.18175369350625));
#4232=CARTESIAN_POINT('Ctrl Pts',(0.5,-7.80426267714912,-1.95378313992226));
#4233=CARTESIAN_POINT('',(0.5,-7.75831590079635,-1.95154666443069));
#4234=CARTESIAN_POINT('Ctrl Pts',(0.5,-7.80425381122494,-1.95383984518643));
#4235=CARTESIAN_POINT('Ctrl Pts',(0.5,-7.79081761596543,-1.9527992907725));
#4236=CARTESIAN_POINT('Ctrl Pts',(0.50000000000077,-7.78289237591036,-1.95244961813968));
#4237=CARTESIAN_POINT('Ctrl Pts',(0.50000000000077,-7.7690549489671,-1.95187497207925));
#4238=CARTESIAN_POINT('Ctrl Pts',(0.5,-7.76368840737377,-1.95169453488808));
#4239=CARTESIAN_POINT('Ctrl Pts',(0.5,-7.75831590079635,-1.95154666443069));
#4240=CARTESIAN_POINT('Origin',(0.5,0.,0.));
#4241=CARTESIAN_POINT('',(0.5,-6.5,-7.9602041944578E-16));
#4242=CARTESIAN_POINT('Origin',(0.5,0.,0.));
#4243=CARTESIAN_POINT('Ctrl Pts',(1.71952708810995,-12.7250273545405,-5.59162440926272));
#4244=CARTESIAN_POINT('Ctrl Pts',(1.71636362870549,-12.7322455740835,-5.51863309776224));
#4245=CARTESIAN_POINT('Ctrl Pts',(1.71240358531336,-12.739964151876,-5.44620507854159));
#4246=CARTESIAN_POINT('Ctrl Pts',(1.66085007014443,-12.8443684617053,-4.4308207700466));
#4247=CARTESIAN_POINT('Ctrl Pts',(1.60005265949188,-12.9389681701176,-3.48618939531677));
#4248=CARTESIAN_POINT('Ctrl Pts',(1.52503472050506,-13.0158936495914,-2.5384579349643));
#4249=CARTESIAN_POINT('Ctrl Pts',(1.26846187203649,-13.128387444735,-5.61734773705576));
#4250=CARTESIAN_POINT('Ctrl Pts',(1.2643969799794,-13.1318822697963,-5.54385780241337));
#4251=CARTESIAN_POINT('Ctrl Pts',(1.25938572927605,-13.1349572639105,-5.47124070808409));
#4252=CARTESIAN_POINT('Ctrl Pts',(1.19475190606978,-13.1796709189802,-4.45115792180587));
#4253=CARTESIAN_POINT('Ctrl Pts',(1.12806953819576,-13.2107344270673,-3.50108671532814));
#4254=CARTESIAN_POINT('Ctrl Pts',(1.05986329440889,-13.2224222380194,-2.54871876098107));
#4255=CARTESIAN_POINT('Ctrl Pts',(0.469047746030533,-12.7472842982791,-5.59304379276986));
#4256=CARTESIAN_POINT('Ctrl Pts',(0.469237129752969,-12.7501208430649,-5.51976038720683));
#4257=CARTESIAN_POINT('Ctrl Pts',(0.469472883779707,-12.7524513242511,-5.44699658365364));
#4258=CARTESIAN_POINT('Ctrl Pts',(0.472513984106717,-12.7877217834558,-4.4272136673066));
#4259=CARTESIAN_POINT('Ctrl Pts',(0.475849858804671,-12.8140590895809,-3.47869890977703));
#4260=CARTESIAN_POINT('Ctrl Pts',(0.479296872612545,-12.8286207733185,-2.52915377801576));
#4261=CARTESIAN_POINT('Ctrl Pts',(0.499999999999999,-12.1436445701394,-5.55454810870664));
#4262=CARTESIAN_POINT('Ctrl Pts',(0.5,-12.1482840082507,-5.48177264003649));
#4263=CARTESIAN_POINT('Ctrl Pts',(0.5,-12.1528762552925,-5.40899339516019));
#4264=CARTESIAN_POINT('Ctrl Pts',(0.499999999999996,-12.2171806521421,-4.39246013767958));
#4265=CARTESIAN_POINT('Ctrl Pts',(0.500000000000002,-12.2736702852604,-3.44840926785294));
#4266=CARTESIAN_POINT('Ctrl Pts',(0.499999999999999,-12.3206068414857,-2.50391445106202));
#4267=CARTESIAN_POINT('',(1.70872538600084,-12.7477259952584,-5.3771174044943));
#4268=CARTESIAN_POINT('Ctrl Pts',(1.70862471858348,-12.7472882642233,-5.37697820158846));
#4269=CARTESIAN_POINT('Ctrl Pts',(1.61966617213105,-12.8287348406495,-5.18519724040968));
#4270=CARTESIAN_POINT('Ctrl Pts',(1.5246579638172,-12.8841998424339,-4.97153143621778));
#4271=CARTESIAN_POINT('Ctrl Pts',(1.3370568755898,-12.9589679254195,-4.54032447156088));
#4272=CARTESIAN_POINT('Ctrl Pts',(1.23700426188349,-12.9777036655242,-4.30466418303764));
#4273=CARTESIAN_POINT('Ctrl Pts',(1.05223690214536,-12.9766369996086,-3.86266384256816));
#4274=CARTESIAN_POINT('Ctrl Pts',(0.962206620253385,-12.9597532023117,-3.64410293959268));
#4275=CARTESIAN_POINT('Ctrl Pts',(0.760801721548344,-12.8716080286994,-3.15135014649094));
#4276=CARTESIAN_POINT('Ctrl Pts',(0.662513918170001,-12.7868894633147,-2.90855669036146));
#4277=CARTESIAN_POINT('Ctrl Pts',(0.567936819454019,-12.6288833032753,-2.67577712643375));
#4278=CARTESIAN_POINT('Ctrl Pts',(0.54180490387916,-12.5727752452898,-2.61158433671621));
#4279=CARTESIAN_POINT('Ctrl Pts',(0.516204406346569,-12.4764185224624,-2.54784034017689));
#4280=CARTESIAN_POINT('Ctrl Pts',(0.510071662573433,-12.4461694433502,-2.53240422420906));
#4281=CARTESIAN_POINT('Ctrl Pts',(0.502047773304308,-12.3836585648772,-2.51139997978175));
#4282=CARTESIAN_POINT('Ctrl Pts',(0.5,-12.3525562252034,-2.50550184139329));
#4283=CARTESIAN_POINT('Ctrl Pts',(0.5,-12.3205917510545,-2.50421818264502));
#4284=CARTESIAN_POINT('',(1.71941547441247,-12.7256428994682,-5.59178082503362));
#4285=CARTESIAN_POINT('Ctrl Pts',(0.499999999999999,-12.3091939678797,-2.72999649862013));
#4286=CARTESIAN_POINT('Ctrl Pts',(0.499999999999999,-12.3491069762014,-2.73019527045242));
#4287=CARTESIAN_POINT('Ctrl Pts',(0.503179825920358,-12.3876542379148,-2.73768522213997));
#4288=CARTESIAN_POINT('Ctrl Pts',(0.51609154047274,-12.4682939140413,-2.76815695867526));
#4289=CARTESIAN_POINT('Ctrl Pts',(0.526587218015877,-12.5077310477484,-2.79295903521234));
#4290=CARTESIAN_POINT('Ctrl Pts',(0.558917290447364,-12.6002942247617,-2.86981015457524));
#4291=CARTESIAN_POINT('Ctrl Pts',(0.584341410495564,-12.6480409457179,-2.93064166633901));
#4292=CARTESIAN_POINT('Ctrl Pts',(0.659115497669732,-12.7609342571738,-3.11040922237647));
#4293=CARTESIAN_POINT('Ctrl Pts',(0.722245952168267,-12.8222133743169,-3.2632421090957));
#4294=CARTESIAN_POINT('Ctrl Pts',(0.924283736080284,-12.9488548367178,-3.75213077486696));
#4295=CARTESIAN_POINT('Ctrl Pts',(1.08001940210712,-12.9805209282363,-4.12839888855822));
#4296=CARTESIAN_POINT('Ctrl Pts',(1.41338564764437,-12.9363513001929,-4.91216757776782));
#4297=CARTESIAN_POINT('Ctrl Pts',(1.58258549471882,-12.8545405452787,-5.29768110896365));
#4298=CARTESIAN_POINT('Ctrl Pts',(1.71931059574763,-12.7252018251666,-5.59163553571081));
#4299=CARTESIAN_POINT('Ctrl Pts',(1.7195185990394,-12.7250467213074,-5.59142858418846));
#4300=CARTESIAN_POINT('Ctrl Pts',(1.71640782561819,-12.7321424102779,-5.51968619191707));
#4301=CARTESIAN_POINT('Ctrl Pts',(1.7125283944404,-12.7397208515515,-5.44848727782619));
#4302=CARTESIAN_POINT('Ctrl Pts',(1.70889228544169,-12.7470753402443,-5.37704315878305));
#4303=CARTESIAN_POINT('Ctrl Pts',(7.90439161204585,-5.00683513073083,-16.2942361865964));
#4304=CARTESIAN_POINT('Ctrl Pts',(6.76959440803057,-6.82385511681599,-14.5701026128855));
#4305=CARTESIAN_POINT('Ctrl Pts',(5.63479720401529,-8.64087510290114,-12.8459690391745));
#4306=CARTESIAN_POINT('Ctrl Pts',(4.5,-10.4578950889863,-11.1218354654635));
#4307=CARTESIAN_POINT('Ctrl Pts',(3.5321090239831,-12.0076673668447,-9.65128784555581));
#4308=CARTESIAN_POINT('Ctrl Pts',(1.86174480438006,-14.1507070571794,-6.45622865210315));
#4309=CARTESIAN_POINT('Ctrl Pts',(0.497453554939378,-14.9448928635197,-2.70319977357239));
#4310=CARTESIAN_POINT('Ctrl Pts',(-2.10432671810056E-7,-15.016906268871,
-1.0792019668457));
#4311=CARTESIAN_POINT('Ctrl Pts',(-0.0461499738457687,-15.0235870940067,
-0.928540498824106));
#4312=CARTESIAN_POINT('Ctrl Pts',(-0.0922997372588655,-15.0302679191424,
-0.777879030802509));
#4313=CARTESIAN_POINT('Ctrl Pts',(-0.138449500671962,-15.0369487442781,
-0.62721756278091));
#4314=CARTESIAN_POINT('Ctrl Pts',(7.87797170663243,-4.6088817877566,-15.9031869824365));
#4315=CARTESIAN_POINT('Ctrl Pts',(6.75198113775495,-6.4120459618073,-14.2373115399008));
#4316=CARTESIAN_POINT('Ctrl Pts',(5.62599056887748,-8.21521013585801,-12.5714360973651));
#4317=CARTESIAN_POINT('Ctrl Pts',(4.5,-10.0183743099087,-10.9055606548293));
#4318=CARTESIAN_POINT('Ctrl Pts',(3.5396203772441,-11.5563286916831,-9.48470254706052));
#4319=CARTESIAN_POINT('Ctrl Pts',(1.87488966163266,-13.6979557871409,-6.38949367969938));
#4320=CARTESIAN_POINT('Ctrl Pts',(0.503087068284246,-14.5288200745616,-2.73811242181055));
#4321=CARTESIAN_POINT('Ctrl Pts',(-2.12815760045656E-7,-14.6240826401427,
-1.15521309710728));
#4322=CARTESIAN_POINT('Ctrl Pts',(-0.0466726085539629,-14.6329203355623,
-1.00836441603001));
#4323=CARTESIAN_POINT('Ctrl Pts',(-0.0933450042921658,-14.6417580309819,
-0.861515734952744));
#4324=CARTESIAN_POINT('Ctrl Pts',(-0.140017400030369,-14.6505957264015,
-0.714667053875476));
#4325=CARTESIAN_POINT('Ctrl Pts',(7.85155180121901,-4.21092844478237,-15.5121377782766));
#4326=CARTESIAN_POINT('Ctrl Pts',(6.73436786747934,-6.00023680679862,-13.9045204669161));
#4327=CARTESIAN_POINT('Ctrl Pts',(5.61718393373967,-7.78954516881488,-12.2969031555556));
#4328=CARTESIAN_POINT('Ctrl Pts',(4.5,-9.57885353083114,-10.6892858441951));
#4329=CARTESIAN_POINT('Ctrl Pts',(3.5471317305051,-11.1049900165215,-9.31811724856522));
#4330=CARTESIAN_POINT('Ctrl Pts',(1.88803451888525,-13.2452045171024,-6.32275870729561));
#4331=CARTESIAN_POINT('Ctrl Pts',(0.508720581629114,-14.1127472856034,-2.77302507004871));
#4332=CARTESIAN_POINT('Ctrl Pts',(-2.15198848281255E-7,-14.2312590114144,
-1.23122422736886));
#4333=CARTESIAN_POINT('Ctrl Pts',(-0.0471952432621572,-14.2422535771179,
-1.08818833323592));
#4334=CARTESIAN_POINT('Ctrl Pts',(-0.094390271325466,-14.2532481428214,
-0.94515243910298));
#4335=CARTESIAN_POINT('Ctrl Pts',(-0.141585299388775,-14.2642427085249,
-0.802116544970041));
#4336=CARTESIAN_POINT('Ctrl Pts',(7.82513189580559,-3.81297510180813,-15.1210885741167));
#4337=CARTESIAN_POINT('Ctrl Pts',(6.71675459720372,-5.58842765178994,-13.5717293939314));
#4338=CARTESIAN_POINT('Ctrl Pts',(5.60837729860186,-7.36388020177175,-12.0223702137462));
#4339=CARTESIAN_POINT('Ctrl Pts',(4.5,-9.13933275175356,-10.4730110335609));
#4340=CARTESIAN_POINT('Ctrl Pts',(3.55464308376611,-10.6536513413599,-9.15153195006993));
#4341=CARTESIAN_POINT('Ctrl Pts',(1.90117937613785,-12.7924532470639,-6.25602373489184));
#4342=CARTESIAN_POINT('Ctrl Pts',(0.514354094973982,-13.6966744966453,-2.80793771828687));
#4343=CARTESIAN_POINT('Ctrl Pts',(-2.17581936516855E-7,-13.838435382686,
-1.30723535763044));
#4344=CARTESIAN_POINT('Ctrl Pts',(-0.0477178779703514,-13.8515868186735,
-1.16801225044183));
#4345=CARTESIAN_POINT('Ctrl Pts',(-0.0954355383587663,-13.8647382546609,
-1.02878914325322));
#4346=CARTESIAN_POINT('Ctrl Pts',(-0.143153198747181,-13.8778896906484,
-0.889566036064606));
#4347=CARTESIAN_POINT('Ctrl Pts',(7.69254807018858,-1.81591357554707,-13.1586743004582));
#4348=CARTESIAN_POINT('Ctrl Pts',(6.62836538012572,-3.52183307695014,-11.9016736955079));
#4349=CARTESIAN_POINT('Ctrl Pts',(5.56418269006286,-5.22775257835321,-10.6446730905576));
#4350=CARTESIAN_POINT('Ctrl Pts',(4.5,-6.93367207975628,-9.38767248560724));
#4351=CARTESIAN_POINT('Ctrl Pts',(3.59233753934121,-8.38868455720775,-8.31555181235009));
#4352=CARTESIAN_POINT('Ctrl Pts',(1.96714461842268,-10.5203975945039,-5.9211255660573));
#4353=CARTESIAN_POINT('Ctrl Pts',(0.542624928621539,-11.6086835961486,-2.98314093697382));
#4354=CARTESIAN_POINT('Ctrl Pts',(-2.29541061658089E-7,-11.8671164595266,
-1.68868435534081));
#4355=CARTESIAN_POINT('Ctrl Pts',(-0.0503406318344671,-11.8910917841363,
-1.56859507438781));
#4356=CARTESIAN_POINT('Ctrl Pts',(-0.100681034127872,-11.9150671087459,
-1.44850579343482));
#4357=CARTESIAN_POINT('Ctrl Pts',(-0.151021436421278,-11.9390424333555,
-1.32841651248182));
#4358=CARTESIAN_POINT('Ctrl Pts',(7.56109579418593,-1.51336214416583,-9.54490380058962));
#4359=CARTESIAN_POINT('Ctrl Pts',(6.54073052945729,-2.72933623594375,-8.84651045138054));
#4360=CARTESIAN_POINT('Ctrl Pts',(5.52036526472865,-3.94531032772168,-8.14811710217146));
#4361=CARTESIAN_POINT('Ctrl Pts',(4.5,-5.1612844194996,-7.44972375296239));
#4362=CARTESIAN_POINT('Ctrl Pts',(3.62971028790211,-6.19841276836919,-6.85405025463345));
#4363=CARTESIAN_POINT('Ctrl Pts',(2.0364790417138,-8.21634930816263,-5.11718548705432));
#4364=CARTESIAN_POINT('Ctrl Pts',(0.570895761861886,-9.53486985269967,-2.78885230820611));
#4365=CARTESIAN_POINT('Ctrl Pts',(-2.41500186299327E-7,-9.84012534824163,
-1.78116124849349));
#4366=CARTESIAN_POINT('Ctrl Pts',(-0.0529633856608045,-9.86844450045324,
-1.6876757685626));
#4367=CARTESIAN_POINT('Ctrl Pts',(-0.105926529821423,-9.89676365266485,
-1.59419028863172));
#4368=CARTESIAN_POINT('Ctrl Pts',(-0.158889673982041,-9.92508280487646,
-1.50070480870084));
#4369=CARTESIAN_POINT('Ctrl Pts',(7.42738046788626,-0.806630571162676,-6.37570237881743));
#4370=CARTESIAN_POINT('Ctrl Pts',(6.45158697859084,-1.96332262732399,-5.96918930403277));
#4371=CARTESIAN_POINT('Ctrl Pts',(5.47579348929542,-3.1200146834853,-5.5626762292481));
#4372=CARTESIAN_POINT('Ctrl Pts',(4.5,-4.27670673964661,-5.15616315446344));
#4373=CARTESIAN_POINT('Ctrl Pts',(3.6677264365798,-5.26327226803144,-4.8094401141486));
#4374=CARTESIAN_POINT('Ctrl Pts',(2.10268560586353,-6.75910729802568,-3.81192198027818));
#4375=CARTESIAN_POINT('Ctrl Pts',(0.599166595480278,-7.61285311882557,-2.29275554489353));
#4376=CARTESIAN_POINT('Ctrl Pts',(-2.53459310420465E-7,-7.84226246416958,
-1.58079727131321));
#4377=CARTESIAN_POINT('Ctrl Pts',(-0.0555861395222132,-7.86354521997396,
-1.51474750312791));
#4378=CARTESIAN_POINT('Ctrl Pts',(-0.111172025585116,-7.88482797577833,
-1.44869773494261));
#4379=CARTESIAN_POINT('Ctrl Pts',(-0.166757911648019,-7.9061107315827,-1.38264796675731));
#4380=CARTESIAN_POINT('Ctrl Pts',(7.01481652148988,1.37391204029262,3.40252037001705));
#4381=CARTESIAN_POINT('Ctrl Pts',(6.17654434765992,0.400128191000489,2.90846893043996));
#4382=CARTESIAN_POINT('Ctrl Pts',(5.33827217382996,-0.573655658291645,2.41441749086288));
#4383=CARTESIAN_POINT('Ctrl Pts',(4.5,-1.54743950758378,1.92036605128578));
#4384=CARTESIAN_POINT('Ctrl Pts',(3.78502108603612,-2.37799900930438,1.49897980856079));
#4385=CARTESIAN_POINT('Ctrl Pts',(2.30695868464089,-2.26294720034707,0.215325144975495));
#4386=CARTESIAN_POINT('Ctrl Pts',(0.686393146155396,-1.68268168141061,-0.762103493774078));
#4387=CARTESIAN_POINT('Ctrl Pts',(-2.90357873804315E-7,-1.67807606444201,
-0.962596236108713));
#4388=CARTESIAN_POINT('Ctrl Pts',(-0.0636783583682718,-1.67764879230484,
-0.981196341824802));
#4389=CARTESIAN_POINT('Ctrl Pts',(-0.12735642637867,-1.67722152016767,-0.99979644754089));
#4390=CARTESIAN_POINT('Ctrl Pts',(-0.191034494389068,-1.6767942480305,-1.01839655325698));
#4391=CARTESIAN_POINT('Ctrl Pts',(6.6022525750935,3.55445465174793,13.1807431188515));
#4392=CARTESIAN_POINT('Ctrl Pts',(5.901501716729,2.76357900932497,11.7861271649127));
#4393=CARTESIAN_POINT('Ctrl Pts',(5.2007508583645,1.97270336690201,10.3915112109739));
#4394=CARTESIAN_POINT('Ctrl Pts',(4.5,1.18182772447905,8.99689525703501));
#4395=CARTESIAN_POINT('Ctrl Pts',(3.90231573549245,0.507274249422686,7.80739973127019));
#4396=CARTESIAN_POINT('Ctrl Pts',(2.51123176341825,2.23321289733153,4.24257227022917));
#4397=CARTESIAN_POINT('Ctrl Pts',(0.773619696830515,4.24748975600434,0.768548557345372));
#4398=CARTESIAN_POINT('Ctrl Pts',(-3.27256437188165E-7,4.48611033528557,
-0.344395200904217));
#4399=CARTESIAN_POINT('Ctrl Pts',(-0.0717705772143303,4.50824763536428,
-0.447645180521694));
#4400=CARTESIAN_POINT('Ctrl Pts',(-0.143540827172223,4.53038493544299,-0.550895160139172));
#4401=CARTESIAN_POINT('Ctrl Pts',(-0.215311077130117,4.5525222355217,-0.654145139756649));
#4402=CARTESIAN_POINT('Ctrl Pts',(6.18968862869713,5.73499726320323,22.958965867686));
#4403=CARTESIAN_POINT('Ctrl Pts',(5.62645908579809,5.12702982764944,20.6637853993854));
#4404=CARTESIAN_POINT('Ctrl Pts',(5.06322954289904,4.51906239209566,18.3686049310848));
#4405=CARTESIAN_POINT('Ctrl Pts',(4.5,3.91109495654188,16.0734244627842));
#4406=CARTESIAN_POINT('Ctrl Pts',(4.01961038494877,3.39254750814975,14.1158196539796));
#4407=CARTESIAN_POINT('Ctrl Pts',(2.71550484219561,6.72937299501014,8.26981939548285));
#4408=CARTESIAN_POINT('Ctrl Pts',(0.860846247505633,10.1776611934193,2.29920060846482));
#4409=CARTESIAN_POINT('Ctrl Pts',(-3.64155000572015E-7,10.6502967350131,
0.273805834300279));
#4410=CARTESIAN_POINT('Ctrl Pts',(-0.0798627960603888,10.6941440630334,
0.0859059807814134));
#4411=CARTESIAN_POINT('Ctrl Pts',(-0.159725227965777,10.7379913910536,-0.101993872737452));
#4412=CARTESIAN_POINT('Ctrl Pts',(-0.239587659871165,10.7818387190739,-0.289893726256318));
#4413=CARTESIAN_POINT('',(3.99999999999893,-5.37100847672334,-5.92893480677314));
#4414=CARTESIAN_POINT('Ctrl Pts',(3.99999999999823,-5.37100847672296,-5.92893480677348));
#4415=CARTESIAN_POINT('Ctrl Pts',(3.80720274039155,-5.56679740937168,-5.75157006062997));
#4416=CARTESIAN_POINT('Ctrl Pts',(3.61413256790125,-5.75357015177213,-5.56471137003776));
#4417=CARTESIAN_POINT('Ctrl Pts',(3.0581482088308,-6.25952236030833,-5.00585237961882));
#4418=CARTESIAN_POINT('Ctrl Pts',(2.69551717731994,-6.55122864198928,-4.61662797471896));
#4419=CARTESIAN_POINT('Ctrl Pts',(1.6381895071091,-7.26770299081895,-3.45781619787261));
#4420=CARTESIAN_POINT('Ctrl Pts',(1.0038934367656,-7.53705424602271,-2.74894290579401));
#4421=CARTESIAN_POINT('Ctrl Pts',(0.499999999999948,-7.70054956159414,-2.16830266555025));
#4422=CARTESIAN_POINT('',(4.5,-4.77857200062192,-6.24816815457574));
#4423=CARTESIAN_POINT('Ctrl Pts',(3.99999999999823,-5.37100847672296,-5.92893480677348));
#4424=CARTESIAN_POINT('Ctrl Pts',(4.10246346308848,-5.26695506789942,-6.02319655176453));
#4425=CARTESIAN_POINT('Ctrl Pts',(4.20594634648026,-5.15079254127574,-6.10224288641608));
#4426=CARTESIAN_POINT('Ctrl Pts',(4.37560236702462,-4.94339656828962,-6.20067434078159));
#4427=CARTESIAN_POINT('Ctrl Pts',(4.4399573659252,-4.86010660085636,-6.22945255326505));
#4428=CARTESIAN_POINT('Ctrl Pts',(4.5,-4.77857200062192,-6.24816815457574));
#4429=CARTESIAN_POINT('',(4.50000000000008,-8.83126162740159,-10.3146603908701));
#4430=CARTESIAN_POINT('Ctrl Pts',(4.5,-8.83137685267372,-10.3144462453364));
#4431=CARTESIAN_POINT('Ctrl Pts',(4.5,-7.99648639568484,-9.86521679625459));
#4432=CARTESIAN_POINT('Ctrl Pts',(4.5,-7.22934235688334,-9.29258700544477));
#4433=CARTESIAN_POINT('Ctrl Pts',(4.5,-5.88235593329336,-7.95740695853597));
#4434=CARTESIAN_POINT('Ctrl Pts',(4.5,-5.30238334906517,-7.19455592126742));
#4435=CARTESIAN_POINT('Ctrl Pts',(4.5,-4.84237134149604,-6.36507127352586));
#4436=CARTESIAN_POINT('Ctrl Pts',(4.5,-4.82084085972726,-6.32624793023955));
#4437=CARTESIAN_POINT('Ctrl Pts',(4.5,-4.79957352162322,-6.28727924520904));
#4438=CARTESIAN_POINT('Ctrl Pts',(4.5,-4.77857200062192,-6.24816815457574));
#4439=CARTESIAN_POINT('',(4.22398120738502,-9.57327625007388,-10.0778157111854));
#4440=CARTESIAN_POINT('Ctrl Pts',(4.22398075006878,-9.57327486898934,-10.0778157995327));
#4441=CARTESIAN_POINT('Ctrl Pts',(4.24379687701837,-9.54269536678195,-10.1068600181835));
#4442=CARTESIAN_POINT('Ctrl Pts',(4.2636877778478,-9.51035469072866,-10.1353200725991));
#4443=CARTESIAN_POINT('Ctrl Pts',(4.28327228047449,-9.47649342654605,-10.1623267003944));
#4444=CARTESIAN_POINT('Ctrl Pts',(4.30184954168412,-9.444373665243,-10.187944362916));
#4445=CARTESIAN_POINT('Ctrl Pts',(4.32015139857479,-9.41088589093511,-10.2122542641285));
#4446=CARTESIAN_POINT('Ctrl Pts',(4.33782429509639,-9.37626759173449,-10.2345295015781));
#4447=CARTESIAN_POINT('Ctrl Pts',(4.35143417478626,-9.3496080746252,-10.2516836393495));
#4448=CARTESIAN_POINT('Ctrl Pts',(4.36467066316405,-9.32227868438592,-10.2676313798165));
#4449=CARTESIAN_POINT('Ctrl Pts',(4.37735731905971,-9.29440134106185,-10.2820474546698));
#4450=CARTESIAN_POINT('Ctrl Pts',(4.39507445206353,-9.25547015198195,-10.3021797509715));
#4451=CARTESIAN_POINT('Ctrl Pts',(4.41095858968909,-9.21717295567523,-10.3184058160777));
#4452=CARTESIAN_POINT('Ctrl Pts',(4.4249852203478,-9.17971323798693,-10.3306824724974));
#4453=CARTESIAN_POINT('Ctrl Pts',(4.43883771747019,-9.14271856377698,-10.3428067204272));
#4454=CARTESIAN_POINT('Ctrl Pts',(4.45087914624608,-9.10653984550169,-10.3510786701907));
#4455=CARTESIAN_POINT('Ctrl Pts',(4.46104342102307,-9.07134821945144,-10.3554479989931));
#4456=CARTESIAN_POINT('Ctrl Pts',(4.46284069470848,-9.06512554396947,-10.3562205951549));
#4457=CARTESIAN_POINT('Ctrl Pts',(4.4645791544327,-9.0589336858057,-10.356871155948));
#4458=CARTESIAN_POINT('Ctrl Pts',(4.46625827059799,-9.05277353854453,-10.3573993860755));
#4459=CARTESIAN_POINT('Ctrl Pts',(4.47391569009461,-9.02468088318527,-10.3598083198713));
#4460=CARTESIAN_POINT('Ctrl Pts',(4.4806147613832,-8.99624652406393,-10.3597528930394));
#4461=CARTESIAN_POINT('Ctrl Pts',(4.48599414715442,-8.96782216571642,-10.3566301037981));
#4462=CARTESIAN_POINT('Ctrl Pts',(4.48800551057712,-8.95719423956919,-10.3554624864671));
#4463=CARTESIAN_POINT('Ctrl Pts',(4.48983199619719,-8.9465679785952,-10.3538661905818));
#4464=CARTESIAN_POINT('Ctrl Pts',(4.49145312610497,-8.93596275510715,-10.351810240657));
#4465=CARTESIAN_POINT('Ctrl Pts',(4.49703299451567,-8.89945997316158,-10.3447337380376));
#4466=CARTESIAN_POINT('Ctrl Pts',(4.50000016188351,-8.86440583983394,-10.3324370251151));
#4467=CARTESIAN_POINT('Ctrl Pts',(4.50000000000008,-8.83126162740159,-10.3146603908701));
#4468=CARTESIAN_POINT('Origin',(4.49999999999999,1.31570697432597E-18,-9.55917071241076E-19));
#4469=CARTESIAN_POINT('Ctrl Pts',(1.71952660195448,1.38570003008464,-13.8301272795365));
#4470=CARTESIAN_POINT('Ctrl Pts',(1.71636313815602,1.31405056750386,-13.8144366413827));
#4471=CARTESIAN_POINT('Ctrl Pts',(1.71240310691781,1.24278233414229,-13.7993959687109));
#4472=CARTESIAN_POINT('Ctrl Pts',(1.66084926476753,0.244826027327041,-13.5849180279425));
#4473=CARTESIAN_POINT('Ctrl Pts',(1.60005236737289,-0.682795988223277,-13.3829823366468));
#4474=CARTESIAN_POINT('Ctrl Pts',(1.5250346459854,-1.60791211859004,-13.1632780247425));
#4475=CARTESIAN_POINT('Ctrl Pts',(1.26846156783769,1.28551925784746,-14.221694306809));
#4476=CARTESIAN_POINT('Ctrl Pts',(1.26439667253716,1.21454616988355,-14.2023084238322));
#4477=CARTESIAN_POINT('Ctrl Pts',(1.25938543187794,1.14453305963915,-14.1827930232665));
#4478=CARTESIAN_POINT('Ctrl Pts',(1.19475123548448,0.1605537476844,-13.9100936447443));
#4479=CARTESIAN_POINT('Ctrl Pts',(1.12806948277051,-0.752608216774405,-13.6460510015801));
#4480=CARTESIAN_POINT('Ctrl Pts',(1.05986337617377,-1.66197439776181,-13.3628693557533));
#4481=CARTESIAN_POINT('Ctrl Pts',(0.46904775825611,1.38017216974539,-13.8517334998908));
#4482=CARTESIAN_POINT('Ctrl Pts',(0.469237142170641,1.30959892227265,-13.8317853768855));
#4483=CARTESIAN_POINT('Ctrl Pts',(0.469472895632761,1.23967635028978,-13.8115165654647));
#4484=CARTESIAN_POINT('Ctrl Pts',(0.472514014216824,0.258900356288375,-13.5299288071955));
#4485=CARTESIAN_POINT('Ctrl Pts',(0.475849859005874,-0.651320891628985,
-13.2618723160201));
#4486=CARTESIAN_POINT('Ctrl Pts',(0.479296865452901,-1.5588904838563,-12.9822961372837));
#4487=CARTESIAN_POINT('Ctrl Pts',(0.499999999999999,1.53009551416115,-13.2657424261481));
#4488=CARTESIAN_POINT('Ctrl Pts',(0.500000000000002,1.45944821811157,-13.2476659192012));
#4489=CARTESIAN_POINT('Ctrl Pts',(0.5,1.38881203693813,-13.2295433985244));
#4490=CARTESIAN_POINT('Ctrl Pts',(0.5,0.40215463814349,-12.9765729223083));
#4491=CARTESIAN_POINT('Ctrl Pts',(0.500000000000001,-0.513138734420102,
-12.7385721416399));
#4492=CARTESIAN_POINT('Ctrl Pts',(0.5,-1.4259095723775,-12.491346855683));
#4493=CARTESIAN_POINT('',(1.70872490189396,1.17467744459034,-13.7854286329506));
#4494=CARTESIAN_POINT('Ctrl Pts',(1.70862414520978,1.17468036681352,-13.7849693941352));
#4495=CARTESIAN_POINT('Ctrl Pts',(1.61895390656758,0.965456889962592,-13.8033116551537));
#4496=CARTESIAN_POINT('Ctrl Pts',(1.52312054012448,0.74320373643227,-13.789685054434));
#4497=CARTESIAN_POINT('Ctrl Pts',(1.33378464037749,0.3060268919729,-13.7263221202783));
#4498=CARTESIAN_POINT('Ctrl Pts',(1.23266614203372,0.0736935678210832,-13.670216341203));
#4499=CARTESIAN_POINT('Ctrl Pts',(1.04647367434394,-0.349401633227649,-13.5301706716239));
#4500=CARTESIAN_POINT('Ctrl Pts',(0.955893959581667,-0.553151679196299,
-13.4452669889085));
#4501=CARTESIAN_POINT('Ctrl Pts',(0.755895112751931,-0.990785917481819,
-13.2080979509247));
#4502=CARTESIAN_POINT('Ctrl Pts',(0.6593094599406,-1.19147613831954,-13.0537500113079));
#4503=CARTESIAN_POINT('Ctrl Pts',(0.566480770122259,-1.36018748383216,-12.8336267671021));
#4504=CARTESIAN_POINT('Ctrl Pts',(0.540907415101208,-1.40273661006448,-12.7612728337037));
#4505=CARTESIAN_POINT('Ctrl Pts',(0.515854773274095,-1.43261243170127,-12.6512691223533));
#4506=CARTESIAN_POINT('Ctrl Pts',(0.509854904252984,-1.43773111386714,-12.6181175692405));
#4507=CARTESIAN_POINT('Ctrl Pts',(0.502002772370283,-1.43819027755879,-12.5529361963657));
#4508=CARTESIAN_POINT('Ctrl Pts',(0.499999999999999,-1.4341802585534,-12.5218814795836));
#4509=CARTESIAN_POINT('Ctrl Pts',(0.499999999999999,-1.42561929207579,-12.4914254820823));
#4510=CARTESIAN_POINT('',(1.71941498609261,1.38565852969184,-13.8307610216897));
#4511=CARTESIAN_POINT('Ctrl Pts',(0.5,-1.20736927112956,-12.5503548883528));
#4512=CARTESIAN_POINT('Ctrl Pts',(0.5,-1.21951416289901,-12.5883762671831));
#4513=CARTESIAN_POINT('Ctrl Pts',(0.503179898723331,-1.22430251847161,-12.6273518523777));
#4514=CARTESIAN_POINT('Ctrl Pts',(0.516092678690065,-1.2202405820782,-12.7134672528049));
#4515=CARTESIAN_POINT('Ctrl Pts',(0.526590150177355,-1.20883643556318,-12.7586438631211));
#4516=CARTESIAN_POINT('Ctrl Pts',(0.558931326360577,-1.16433283735884,-12.8704570413152));
#4517=CARTESIAN_POINT('Ctrl Pts',(0.584368718859284,-1.12120732753651,-12.9346887868352));
#4518=CARTESIAN_POINT('Ctrl Pts',(0.65921725750974,-0.984979314635905,-13.0977437603834));
#4519=CARTESIAN_POINT('Ctrl Pts',(0.722438656752941,-0.858365633353677,
-13.2033621705727));
#4520=CARTESIAN_POINT('Ctrl Pts',(0.924555705494824,-0.432323762449562,
-13.4748328076479));
#4521=CARTESIAN_POINT('Ctrl Pts',(1.08021703691608,-0.0844137932642735,
-13.6210967509899));
#4522=CARTESIAN_POINT('Ctrl Pts',(1.41345598501571,0.674360014927445,-13.8211621526657));
#4523=CARTESIAN_POINT('Ctrl Pts',(1.58261388776515,1.06618918140023,-13.8624613588082));
#4524=CARTESIAN_POINT('Ctrl Pts',(1.71931004376345,1.38565668439373,-13.8302967007034));
#4525=CARTESIAN_POINT('Ctrl Pts',(1.71951811082406,1.38550775821749,-13.8300851749512));
#4526=CARTESIAN_POINT('Ctrl Pts',(1.71640733358133,1.31508397187283,-13.8146639451795));
#4527=CARTESIAN_POINT('Ctrl Pts',(1.71252791515901,1.24502800614646,-13.7998698121594));
#4528=CARTESIAN_POINT('Ctrl Pts',(1.7088918015654,1.17480789597942,-13.784786881277));
#4529=CARTESIAN_POINT('Ctrl Pts',(7.90439043983669,13.9495312662574,-9.79695692286341));
#4530=CARTESIAN_POINT('Ctrl Pts',(6.7695936265578,11.7482953985889,-10.9922592539629));
#4531=CARTESIAN_POINT('Ctrl Pts',(5.6347968132789,9.54705953092041,-12.1875615850624));
#4532=CARTESIAN_POINT('Ctrl Pts',(4.5,7.34582366325192,-13.3828639161619));
#4533=CARTESIAN_POINT('Ctrl Pts',(3.53210935745741,5.46834606249148,-14.4023609113445));
#4534=CARTESIAN_POINT('Ctrl Pts',(1.86174528284655,1.76743298157233,-15.453186948086));
#4535=CARTESIAN_POINT('Ctrl Pts',(0.497453805059424,-2.04732293930795,-15.0487553210723));
#4536=CARTESIAN_POINT('Ctrl Pts',(-2.10420766742394E-7,-3.61408858351338,
-14.6154027630577));
#4537=CARTESIAN_POINT('Ctrl Pts',(-0.0461602745763153,-3.75947288116232,
-14.5751908414379));
#4538=CARTESIAN_POINT('Ctrl Pts',(-0.0923203387318638,-3.90485717881126,
-14.5349789198182));
#4539=CARTESIAN_POINT('Ctrl Pts',(-0.138480402887412,-4.0502414764602,-14.4947669981984));
#4540=CARTESIAN_POINT('Ctrl Pts',(7.87797092767817,13.7005994381971,-9.29764737805535));
#4541=CARTESIAN_POINT('Ctrl Pts',(6.75198061845211,11.5590511361047,-10.4977747317799));
#4542=CARTESIAN_POINT('Ctrl Pts',(5.62599030922606,9.41750283401227,-11.6979020855045));
#4543=CARTESIAN_POINT('Ctrl Pts',(4.5,7.27595453191987,-12.898029439229));
#4544=CARTESIAN_POINT('Ctrl Pts',(3.53962059891184,5.44938563615511,-13.9216417916228));
#4545=CARTESIAN_POINT('Ctrl Pts',(1.8748899444106,1.84387089789021,-15.0019794091154));
#4546=CARTESIAN_POINT('Ctrl Pts',(0.503087234547786,-1.88554788068286,-14.6638409158479));
#4547=CARTESIAN_POINT('Ctrl Pts',(-2.12803683487575E-7,-3.42041140691904,
-14.2652992346627));
#4548=CARTESIAN_POINT('Ctrl Pts',(-0.0466830178930711,-3.56283542328301,
-14.2283175056995));
#4549=CARTESIAN_POINT('Ctrl Pts',(-0.0933658229824588,-3.70525943964698,
-14.1913357767363));
#4550=CARTESIAN_POINT('Ctrl Pts',(-0.140048628071846,-3.84768345601095,
-14.154354047773));
#4551=CARTESIAN_POINT('Ctrl Pts',(7.85155141551964,13.4516676101367,-8.7983378332473));
#4552=CARTESIAN_POINT('Ctrl Pts',(6.73436761034643,11.3698068736204,-10.0032902095969));
#4553=CARTESIAN_POINT('Ctrl Pts',(5.61718380517322,9.28794613710413,-11.2082425859465));
#4554=CARTESIAN_POINT('Ctrl Pts',(4.5,7.20608540058783,-12.4131949622961));
#4555=CARTESIAN_POINT('Ctrl Pts',(3.54713184036627,5.43042520981875,-13.4409226719012));
#4556=CARTESIAN_POINT('Ctrl Pts',(1.88803460597464,1.92030881420809,-14.5507718701447));
#4557=CARTESIAN_POINT('Ctrl Pts',(0.508720664036148,-1.72377282205777,-14.2789265106234));
#4558=CARTESIAN_POINT('Ctrl Pts',(-2.15186600232757E-7,-3.2267342303247,
-13.9151957062678));
#4559=CARTESIAN_POINT('Ctrl Pts',(-0.047205761209827,-3.3661979654037,-13.8814441699611));
#4560=CARTESIAN_POINT('Ctrl Pts',(-0.0944113072330537,-3.5056617004827,
-13.8476926336544));
#4561=CARTESIAN_POINT('Ctrl Pts',(-0.14161685325628,-3.6451254355617,-13.8139410973477));
#4562=CARTESIAN_POINT('Ctrl Pts',(7.82513190336112,13.2027357820764,-8.29902828843924));
#4563=CARTESIAN_POINT('Ctrl Pts',(6.71675460224075,11.1805626111362,-9.50880568741389));
#4564=CARTESIAN_POINT('Ctrl Pts',(5.60837730112038,9.15838944019598,-10.7185830863885));
#4565=CARTESIAN_POINT('Ctrl Pts',(4.5,7.13621626925579,-11.9283604853632));
#4566=CARTESIAN_POINT('Ctrl Pts',(3.55464308182071,5.41146478348238,-12.9602035521795));
#4567=CARTESIAN_POINT('Ctrl Pts',(1.90117926753868,1.99674673052597,-14.099564331174));
#4568=CARTESIAN_POINT('Ctrl Pts',(0.514354093524509,-1.56199776343268,-13.894012105399));
#4569=CARTESIAN_POINT('Ctrl Pts',(-2.17569516977938E-7,-3.03305705373035,
-13.5650921778729));
#4570=CARTESIAN_POINT('Ctrl Pts',(-0.0477285045265828,-3.16956050752438,
-13.5345708342227));
#4571=CARTESIAN_POINT('Ctrl Pts',(-0.0954567914836487,-3.30606396131842,
-13.5040494905725));
#4572=CARTESIAN_POINT('Ctrl Pts',(-0.143185078440715,-3.44256741511245,
-13.4735281469223));
#4573=CARTESIAN_POINT('Ctrl Pts',(7.69254807539589,11.9534949002391,-5.79329046886813));
#4574=CARTESIAN_POINT('Ctrl Pts',(6.62836538359726,10.2308581430874,-7.0272817884409));
#4575=CARTESIAN_POINT('Ctrl Pts',(5.56418269179863,8.50822138593569,-8.26127310801367));
#4576=CARTESIAN_POINT('Ctrl Pts',(4.5,6.78558462878397,-9.49526442758645));
#4577=CARTESIAN_POINT('Ctrl Pts',(3.59233753805534,5.31631367363431,-10.5477600261088));
#4578=CARTESIAN_POINT('Ctrl Pts',(1.96714451084111,2.38034319840555,-11.8352218874319));
#4579=CARTESIAN_POINT('Ctrl Pts',(0.542624927658677,-0.750144902065782,
-11.9623554957915));
#4580=CARTESIAN_POINT('Ctrl Pts',(-2.29527959734295E-7,-2.06110642465363,
-11.8081306677505));
#4581=CARTESIAN_POINT('Ctrl Pts',(-0.050351842518703,-2.18275398624723,
-11.7938197410413));
#4582=CARTESIAN_POINT('Ctrl Pts',(-0.100703455509446,-2.30440154784083,
-11.779508814332));
#4583=CARTESIAN_POINT('Ctrl Pts',(-0.15105506850019,-2.42604910943443,-11.7651978876228));
#4584=CARTESIAN_POINT('Ctrl Pts',(7.56109579714257,8.6100883845342,-4.38883044058534));
#4585=CARTESIAN_POINT('Ctrl Pts',(6.54073053142838,7.57012017443904,-5.32947511017271));
#4586=CARTESIAN_POINT('Ctrl Pts',(5.52036526571419,6.53015196434389,-6.27011977976009));
#4587=CARTESIAN_POINT('Ctrl Pts',(4.5,5.49018375424874,-7.21076444934746));
#4588=CARTESIAN_POINT('Ctrl Pts',(3.62971028724811,4.603174302588,-8.01305888919573));
#4589=CARTESIAN_POINT('Ctrl Pts',(2.0364790183413,2.32774091431492,-9.39551035238813));
#4590=CARTESIAN_POINT('Ctrl Pts',(0.570895761385649,-0.294080665016102,
-9.93000289755393));
#4591=CARTESIAN_POINT('Ctrl Pts',(-2.41486401990664E-7,-1.34678095475143,
-9.90892446286617));
#4592=CARTESIAN_POINT('Ctrl Pts',(-0.0529751804730378,-1.44446377848709,
-9.90696853957033));
#4593=CARTESIAN_POINT('Ctrl Pts',(-0.105950119459674,-1.54214660222275,
-9.9050126162745));
#4594=CARTESIAN_POINT('Ctrl Pts',(-0.158925058446309,-1.63982942595841,
-9.90305669297866));
#4595=CARTESIAN_POINT('Ctrl Pts',(7.42738046851389,5.81439073913974,-2.73735164645174));
#4596=CARTESIAN_POINT('Ctrl Pts',(6.45158697900926,5.07033632763474,-3.71181171547564));
#4597=CARTESIAN_POINT('Ctrl Pts',(5.47579348950463,4.32628191612975,-4.68627178449955));
#4598=CARTESIAN_POINT('Ctrl Pts',(4.5,3.58222750462475,-5.66073185352345));
#4599=CARTESIAN_POINT('Ctrl Pts',(3.6677264365798,2.94760878344825,-6.49186811624738));
#4600=CARTESIAN_POINT('Ctrl Pts',(2.1026855836299,1.53667434011772,-7.60624202410453));
#4601=CARTESIAN_POINT('Ctrl Pts',(0.599166595490652,-0.171960888142807,
-7.94875399357404));
#4602=CARTESIAN_POINT('Ctrl Pts',(-2.53444843726926E-7,-0.919964829935064,
-7.94692804054275));
#4603=CARTESIAN_POINT('Ctrl Pts',(-0.0555985184624506,-0.989374079568729,
-7.94675860556696));
#4604=CARTESIAN_POINT('Ctrl Pts',(-0.111196783480057,-1.05878332920239,
-7.94658917059117));
#4605=CARTESIAN_POINT('Ctrl Pts',(-0.166795048497664,-1.12819257883606,
-7.94641973561538));
#4606=CARTESIAN_POINT('Ctrl Pts',(6.9826535487281,-3.48388504748459,2.75534006465401));
#4607=CARTESIAN_POINT('Ctrl Pts',(6.15510236581874,-3.2437528775502,1.66841257258323));
#4608=CARTESIAN_POINT('Ctrl Pts',(5.32755118290937,-3.00362070761582,0.581485080512454));
#4609=CARTESIAN_POINT('Ctrl Pts',(4.5,-2.76348853768144,-0.505442411558321));
#4610=CARTESIAN_POINT('Ctrl Pts',(3.79416523135214,-2.55867506135401,-1.43250436343132));
#4611=CARTESIAN_POINT('Ctrl Pts',(2.32288353813787,-1.09435236786088,-1.65527289836214));
#4612=CARTESIAN_POINT('Ctrl Pts',(0.693193219814378,0.234200116513584,-1.3592722084102));
#4613=CARTESIAN_POINT('Ctrl Pts',(-2.93217703079303E-7,0.499592841209622,
-1.42147853165661));
#4614=CARTESIAN_POINT('Ctrl Pts',(-0.0643235392626335,0.524219328919365,
-1.42725081971255));
#4615=CARTESIAN_POINT('Ctrl Pts',(-0.128646785307564,0.548845816629107,
-1.43302310776849));
#4616=CARTESIAN_POINT('Ctrl Pts',(-0.192970031352494,0.573472304338849,
-1.43879539582443));
#4617=CARTESIAN_POINT('Ctrl Pts',(6.53792662894232,-12.7821608341089,8.24803177575975));
#4618=CARTESIAN_POINT('Ctrl Pts',(5.85861775262821,-11.5578420827351,7.0486368606421));
#4619=CARTESIAN_POINT('Ctrl Pts',(5.1793088763141,-10.3335233313614,5.84924194552445));
#4620=CARTESIAN_POINT('Ctrl Pts',(4.5,-9.10920457998763,4.64984703040681));
#4621=CARTESIAN_POINT('Ctrl Pts',(3.92060402612449,-8.06495890615627,3.62685938938474));
#4622=CARTESIAN_POINT('Ctrl Pts',(2.54308149264584,-3.72537907583947,4.29569622738025));
#4623=CARTESIAN_POINT('Ctrl Pts',(0.787219844138104,0.640361121169974,5.23020957675363));
#4624=CARTESIAN_POINT('Ctrl Pts',(-3.32990562431679E-7,1.91915051235431,
5.10397097722953));
#4625=CARTESIAN_POINT('Ctrl Pts',(-0.0730485600628164,2.03781273740746,
5.09225696614186));
#4626=CARTESIAN_POINT('Ctrl Pts',(-0.14609678713507,2.15647496246061,5.0805429550542));
#4627=CARTESIAN_POINT('Ctrl Pts',(-0.219145014207324,2.27513718751376,5.06882894396653));
#4628=CARTESIAN_POINT('Ctrl Pts',(6.09319970915653,-22.0804366207332,13.7407234868655));
#4629=CARTESIAN_POINT('Ctrl Pts',(5.56213313943769,-19.8719312879201,12.428861148701));
#4630=CARTESIAN_POINT('Ctrl Pts',(5.03106656971884,-17.663425955107,11.1169988105365));
#4631=CARTESIAN_POINT('Ctrl Pts',(4.49999999999999,-15.4549206222938,9.80513647237194));
#4632=CARTESIAN_POINT('Ctrl Pts',(4.04704282089683,-13.5712427509585,8.6862231422008));
#4633=CARTESIAN_POINT('Ctrl Pts',(2.76327944715381,-6.35640578381807,10.2466653531226));
#4634=CARTESIAN_POINT('Ctrl Pts',(0.881246468461829,1.04652212582637,11.8196913619175));
#4635=CARTESIAN_POINT('Ctrl Pts',(-3.72763421784055E-7,3.33870818349899,
11.6294204861157));
#4636=CARTESIAN_POINT('Ctrl Pts',(-0.0817735808629993,3.55140614589555,
11.6117647519963));
#4637=CARTESIAN_POINT('Ctrl Pts',(-0.163546788962577,3.76410410829211,11.5941090178769));
#4638=CARTESIAN_POINT('Ctrl Pts',(-0.245319997062154,3.97680207068867,11.5764532837575));
#4639=CARTESIAN_POINT('',(3.99999999999893,3.979019176154,-6.94027423059051));
#4640=CARTESIAN_POINT('Ctrl Pts',(3.99999999999823,3.97901917615445,-6.94027423059026));
#4641=CARTESIAN_POINT('Ctrl Pts',(3.80720273677576,3.74983315989693,-7.07167185600045));
#4642=CARTESIAN_POINT('Ctrl Pts',(3.61413256171864,3.5144040208609,-7.19156078391448));
#4643=CARTESIAN_POINT('Ctrl Pts',(3.05814821201632,2.82654969701635,-7.5000530017683));
#4644=CARTESIAN_POINT('Ctrl Pts',(2.69551719322988,2.36623310602082,-7.65720519842986));
#4645=CARTESIAN_POINT('Ctrl Pts',(1.63818977776478,1.04273523246652,-7.98052017182425));
#4646=CARTESIAN_POINT('Ctrl Pts',(1.00389376133675,0.285322633810726,-8.0176346444999));
#4647=CARTESIAN_POINT('Ctrl Pts',(0.499999999999948,-0.31742228821303,-7.99370021272662));
#4648=CARTESIAN_POINT('',(4.5,4.46570108128065,-6.4754821832533));
#4649=CARTESIAN_POINT('Ctrl Pts',(3.99999999999823,3.97901917615445,-6.94027423059026));
#4650=CARTESIAN_POINT('Ctrl Pts',(4.03306394699025,4.01832364638499,-6.91774007191593));
#4651=CARTESIAN_POINT('Ctrl Pts',(4.06621473384737,4.05648303965785,-6.89352886032868));
#4652=CARTESIAN_POINT('Ctrl Pts',(4.23630681329981,4.2454986140634,-6.76109878841829));
#4653=CARTESIAN_POINT('Ctrl Pts',(4.36853513578002,4.3698528303893,-6.63098749046212));
#4654=CARTESIAN_POINT('Ctrl Pts',(4.49296937135111,4.46064255862018,-6.48386222959744));
#4655=CARTESIAN_POINT('Ctrl Pts',(4.4964848334443,4.46318395004728,-6.47968337085274));
#4656=CARTESIAN_POINT('Ctrl Pts',(4.5,4.46570108128065,-6.4754821832533));
#4657=CARTESIAN_POINT('',(4.50000000000023,7.08081505347002,-11.5864342698327));
#4658=CARTESIAN_POINT('Ctrl Pts',(4.5,7.0805757823976,-11.5864776809694));
#4659=CARTESIAN_POINT('Ctrl Pts',(4.5,6.97576001309143,-11.0087599932471));
#4660=CARTESIAN_POINT('Ctrl Pts',(4.5,6.83605821488058,-10.4913769929606));
#4661=CARTESIAN_POINT('Ctrl Pts',(4.5,6.61522721070349,-9.90137871170516));
#4662=CARTESIAN_POINT('Ctrl Pts',(4.5,6.27231675363558,-8.98521849657363));
#4663=CARTESIAN_POINT('Ctrl Pts',(4.5,5.79464258776742,-8.11906197231152));
#4664=CARTESIAN_POINT('Ctrl Pts',(4.5,5.20319032352565,-7.33986494367182));
#4665=CARTESIAN_POINT('Ctrl Pts',(4.5,4.93897784740805,-6.99178346902516));
#4666=CARTESIAN_POINT('Ctrl Pts',(4.5,4.70737503413948,-6.72780147756606));
#4667=CARTESIAN_POINT('Ctrl Pts',(4.5,4.46570108128065,-6.4754821832533));
#4668=CARTESIAN_POINT('',(4.22398120738504,6.62626724902567,-12.2189430808615));
#4669=CARTESIAN_POINT('Ctrl Pts',(4.22398075006875,6.62626775982749,-12.2189417946729));
#4670=CARTESIAN_POINT('Ctrl Pts',(4.24379687701826,6.6633400390975,-12.198834116985));
#4671=CARTESIAN_POINT('Ctrl Pts',(4.26368777784761,6.70040097781351,-12.1768709467585));
#4672=CARTESIAN_POINT('Ctrl Pts',(4.28327228047424,6.73654951324469,-12.1530124777573));
#4673=CARTESIAN_POINT('Ctrl Pts',(4.30184954168378,6.77083891021585,-12.1303810625436));
#4674=CARTESIAN_POINT('Ctrl Pts',(4.32015139857439,6.80430729153927,-12.1060444691783));
#4675=CARTESIAN_POINT('Ctrl Pts',(4.33782429509592,6.83618994403693,-12.0800039370663));
#4676=CARTESIAN_POINT('Ctrl Pts',(4.35143417478597,6.8607427423948,-12.0599501496932));
#4677=CARTESIAN_POINT('Ctrl Pts',(4.36467066316393,6.88435519091625,-12.0388864778457));
#4678=CARTESIAN_POINT('Ctrl Pts',(4.37735731905975,6.90668026569031,-12.0168283609419));
#4679=CARTESIAN_POINT('Ctrl Pts',(4.39507445206354,6.93785761631285,-11.9860238215735));
#4680=CARTESIAN_POINT('Ctrl Pts',(4.41095858968908,6.96512400576156,-11.9546151533398));
#4681=CARTESIAN_POINT('Ctrl Pts',(4.42498522034778,6.98837548921797,-11.9227825402017));
#4682=CARTESIAN_POINT('Ctrl Pts',(4.4388377174701,7.01133831724895,-11.8913451128806));
#4683=CARTESIAN_POINT('Ctrl Pts',(4.45087914624594,7.03038524775566,-11.8594932801674));
#4684=CARTESIAN_POINT('Ctrl Pts',(4.46104342102292,7.0454155368943,-11.8273742517475));
#4685=CARTESIAN_POINT('Ctrl Pts',(4.46284069470841,7.04807323198293,-11.8216948810251));
#4686=CARTESIAN_POINT('Ctrl Pts',(4.46457915443272,7.05060534146392,-11.8160071083111));
#4687=CARTESIAN_POINT('Ctrl Pts',(4.46625827059809,7.05301130836052,-11.8103116922031));
#4688=CARTESIAN_POINT('Ctrl Pts',(4.47391569009531,7.06398344846828,-11.7843383907429));
#4689=CARTESIAN_POINT('Ctrl Pts',(4.48061476138435,7.07271743461176,-11.7572785803786));
#4690=CARTESIAN_POINT('Ctrl Pts',(4.48599414715579,7.07853109533844,-11.729280414203));
#4691=CARTESIAN_POINT('Ctrl Pts',(4.48800551057801,7.08070483506107,-11.7188118421899));
#4692=CARTESIAN_POINT('Ctrl Pts',(4.48983199619765,7.08247036268451,-11.7082123848923));
#4693=CARTESIAN_POINT('Ctrl Pts',(4.49145312610509,7.08379223239812,-11.6974908945231));
#4694=CARTESIAN_POINT('Ctrl Pts',(4.49703299451579,7.08834205843248,-11.6605879263208));
#4695=CARTESIAN_POINT('Ctrl Pts',(4.50000016188365,7.0874795123999,-11.6234495711284));
#4696=CARTESIAN_POINT('Ctrl Pts',(4.50000000000023,7.08081505347002,-11.5864342698327));
#4697=CARTESIAN_POINT('Origin',(4.49999999999999,1.31570697432597E-18,9.55917071241076E-19));
#4698=CARTESIAN_POINT('Ctrl Pts',(1.71952721756375,13.5814382682188,-2.95586322377875));
#4699=CARTESIAN_POINT('Ctrl Pts',(1.7163637355833,13.5443745351222,-3.0191575108021));
#4700=CARTESIAN_POINT('Ctrl Pts',(1.71240369206002,13.5080467674147,-3.08229006176139));
#4701=CARTESIAN_POINT('Ctrl Pts',(1.66084975422521,12.9956800990166,-3.96512675328241));
#4702=CARTESIAN_POINT('Ctrl Pts',(1.60005290147609,12.5169775668638,-4.7849451384908));
#4703=CARTESIAN_POINT('Ctrl Pts',(1.52503515834677,12.0221497903871,-5.59689058983045));
#4704=CARTESIAN_POINT('Ctrl Pts',(1.26846198372066,13.9228833012619,-3.17214176607835));
#4705=CARTESIAN_POINT('Ctrl Pts',(1.26439706508957,13.8825141746882,-3.23365087751088));
#4706=CARTESIAN_POINT('Ctrl Pts',(1.25938580780357,13.842318528331,-3.29420696194232));
#4707=CARTESIAN_POINT('Ctrl Pts',(1.19475149748399,13.2788990173065,-4.14575927670152));
#4708=CARTESIAN_POINT('Ctrl Pts',(1.12806980122268,12.7455977068578,-4.93263326549099));
#4709=CARTESIAN_POINT('Ctrl Pts',(1.05986366728299,12.1952663755088,-5.70998404111735));
#4710=CARTESIAN_POINT('Ctrl Pts',(0.469047741152739,13.6002788621296,-2.96779725647141));
#4711=CARTESIAN_POINT('Ctrl Pts',(0.469237126154155,13.5594985676064,-3.02875235374531));
#4712=CARTESIAN_POINT('Ctrl Pts',(0.469472880380223,13.5186143609647,-3.08898951162898));
#4713=CARTESIAN_POINT('Ctrl Pts',(0.472514004433859,12.9477313677466,-3.93474862081585));
#4714=CARTESIAN_POINT('Ctrl Pts',(0.475849846541466,12.4115213997418,-4.71758547849258));
#4715=CARTESIAN_POINT('Ctrl Pts',(0.479296854307627,11.8651742455422,-5.49434174321546));
#4716=CARTESIAN_POINT('Ctrl Pts',(0.5,13.0892968062842,-2.64413035994477));
#4717=CARTESIAN_POINT('Ctrl Pts',(0.499999999999999,13.0502736506745,-2.70573424888133));
#4718=CARTESIAN_POINT('Ctrl Pts',(0.500000000000001,13.0112101780745,-2.76731333166649));
#4719=CARTESIAN_POINT('Ctrl Pts',(0.499999999999998,12.4657264302538,-3.62750923806562));
#4720=CARTESIAN_POINT('Ctrl Pts',(0.5,11.9565337493574,-4.42445768134767));
#4721=CARTESIAN_POINT('Ctrl Pts',(0.499999999999999,11.4393468620293,-5.21615760262557));
#4722=CARTESIAN_POINT('',(1.70872546854447,13.4737173235587,-3.14274579091532));
#4723=CARTESIAN_POINT('Ctrl Pts',(1.70862324475368,13.4732829980395,-3.14260080927112));
#4724=CARTESIAN_POINT('Ctrl Pts',(1.61880047926005,13.4259932928752,-3.34760020420476));
#4725=CARTESIAN_POINT('Ctrl Pts',(1.52279022045754,13.3441552646148,-3.55512977291939));
#4726=CARTESIAN_POINT('Ctrl Pts',(1.3330816163544,13.1482839074636,-3.95205935678731));
#4727=CARTESIAN_POINT('Ctrl Pts',(1.23173346769493,13.022741429637,-4.15610571252035));
#4728=CARTESIAN_POINT('Ctrl Pts',(1.04523742852172,12.7581040278854,-4.51567267517887));
#4729=CARTESIAN_POINT('Ctrl Pts',(0.954542040757487,12.6140555975099,-4.68334749339396));
#4730=CARTESIAN_POINT('Ctrl Pts',(0.754848382910932,12.2532966337436,-5.02542850671772));
#4731=CARTESIAN_POINT('Ctrl Pts',(0.658627384925179,12.0450116356856,-5.16786209333295));
#4732=CARTESIAN_POINT('Ctrl Pts',(0.5661718167926,11.7842072628194,-5.2596535658211));
#4733=CARTESIAN_POINT('Ctrl Pts',(0.540717057606874,11.7024940019396,-5.27758290414936));
#4734=CARTESIAN_POINT('Ctrl Pts',(0.515780671396528,11.5889767283763,-5.27189591977586));
#4735=CARTESIAN_POINT('Ctrl Pts',(0.509808964077022,11.5559584451617,-5.26650212869429));
#4736=CARTESIAN_POINT('Ctrl Pts',(0.501993241185134,11.4939926270924,-5.24680673102567));
#4737=CARTESIAN_POINT('Ctrl Pts',(0.499999999999999,11.4657680678993,-5.23341794382905));
#4738=CARTESIAN_POINT('Ctrl Pts',(0.499999999999999,11.4395109432329,-5.21590643649693));
#4739=CARTESIAN_POINT('',(1.71941555749928,13.5820277145308,-2.95609931526633));
#4740=CARTESIAN_POINT('Ctrl Pts',(0.5,11.5629990763198,-5.02654853486177));
#4741=CARTESIAN_POINT('Ctrl Pts',(0.5,11.5954066604297,-5.04984830956316));
#4742=CARTESIAN_POINT('Ctrl Pts',(0.503179911964115,11.6309950552145,-5.0664464327378));
#4743=CARTESIAN_POINT('Ctrl Pts',(0.516092909135363,11.7141521866518,-5.08919467993174));
#4744=CARTESIAN_POINT('Ctrl Pts',(0.52659075572688,11.7606430518362,-5.09230882191796));
#4745=CARTESIAN_POINT('Ctrl Pts',(0.558934279594614,11.8807437535405,-5.08453409176288));
#4746=CARTESIAN_POINT('Ctrl Pts',(0.58437448983909,11.9551648756918,-5.06336429449561));
#4747=CARTESIAN_POINT('Ctrl Pts',(0.659238913467523,12.1523734357984,-4.9841699299259));
#4748=CARTESIAN_POINT('Ctrl Pts',(0.722479756348605,12.2919839353472,-4.89635809954296));
#4749=CARTESIAN_POINT('Ctrl Pts',(0.92461387458085,12.6818272766279,-4.5750096279484));
#4750=CARTESIAN_POINT('Ctrl Pts',(1.08025948325157,12.9284072948911,-4.28934851115944));
#4751=CARTESIAN_POINT('Ctrl Pts',(1.41347094766178,13.3531107564599,-3.62958462978663));
#4752=CARTESIAN_POINT('Ctrl Pts',(1.58261951523391,13.513459091062,-3.26971385500181));
#4753=CARTESIAN_POINT('Ctrl Pts',(1.71930940530224,13.5815868579901,-2.95595734369859));
#4754=CARTESIAN_POINT('Ctrl Pts',(1.7195186872688,13.5813383506455,-2.95603385715316));
#4755=CARTESIAN_POINT('Ctrl Pts',(1.71640789858646,13.5449097540702,-3.01824544530547));
#4756=CARTESIAN_POINT('Ctrl Pts',(1.71252848501003,13.5091912195423,-3.08030098570012));
#4757=CARTESIAN_POINT('Ctrl Pts',(1.70889236886577,13.4731472919387,-3.14242341146672));
#4758=CARTESIAN_POINT('Ctrl Pts',(7.9043911848474,13.6281176691407,10.2393678408062));
#4759=CARTESIAN_POINT('Ctrl Pts',(6.7695941232316,14.0846977267065,7.77649801318637));
#4760=CARTESIAN_POINT('Ctrl Pts',(5.6347970616158,14.5412777842723,5.31362818556656));
#4761=CARTESIAN_POINT('Ctrl Pts',(4.5,14.9978578418381,2.85075835794675));
#4762=CARTESIAN_POINT('Ctrl Pts',(3.53210914543844,15.3872840018459,0.750127978507252));
#4763=CARTESIAN_POINT('Ctrl Pts',(1.86174291455034,15.2430418502894,-3.09437337155668));
#4764=CARTESIAN_POINT('Ctrl Pts',(0.497453646127653,13.6795680653903,-6.59744877669294));
#4765=CARTESIAN_POINT('Ctrl Pts',(-2.10436168902522E-7,12.7832668653137,
-7.95361865810353));
#4766=CARTESIAN_POINT('Ctrl Pts',(-0.0461482443861027,12.7001183729165,
-8.07942846519101));
#4767=CARTESIAN_POINT('Ctrl Pts',(-0.0922962783360364,12.6169698805192,
-8.20523827227848));
#4768=CARTESIAN_POINT('Ctrl Pts',(-0.13844431228597,12.5338213881219,-8.33104807936595));
#4769=CARTESIAN_POINT('Ctrl Pts',(7.87797146745093,13.0763175718452,10.1569144021416));
#4770=CARTESIAN_POINT('Ctrl Pts',(6.75198097830062,13.5559311734599,7.74932017755859));
#4771=CARTESIAN_POINT('Ctrl Pts',(5.62599048915031,14.0355447750746,5.34172595297562));
#4772=CARTESIAN_POINT('Ctrl Pts',(4.5,14.5151583766893,2.93413172839266));
#4773=CARTESIAN_POINT('Ctrl Pts',(3.53962044524498,14.9242303019067,0.880647003863081));
#4774=CARTESIAN_POINT('Ctrl Pts',(1.87488767771353,14.8375356975058,-2.88224527218236));
#4775=CARTESIAN_POINT('Ctrl Pts',(0.503087119348587,13.3634815274858,-6.32464430261321));
#4776=CARTESIAN_POINT('Ctrl Pts',(-2.12819279331294E-7,12.5101460700044,
-7.66123048118071));
#4777=CARTESIAN_POINT('Ctrl Pts',(-0.0466708556906261,12.4309834438775,
-7.78522353808775));
#4778=CARTESIAN_POINT('Ctrl Pts',(-0.0933414985619729,12.3518208177507,
-7.90921659499479));
#4779=CARTESIAN_POINT('Ctrl Pts',(-0.14001214143332,12.2726581916238,-8.03320965190183));
#4780=CARTESIAN_POINT('Ctrl Pts',(7.85155175005447,12.5245174745496,10.0744609634769));
#4781=CARTESIAN_POINT('Ctrl Pts',(6.73436783336965,13.0271646202132,7.72214234193081));
#4782=CARTESIAN_POINT('Ctrl Pts',(5.61718391668482,13.5298117658768,5.36982372038469));
#4783=CARTESIAN_POINT('Ctrl Pts',(4.5,14.0324589115405,3.01750509883856));
#4784=CARTESIAN_POINT('Ctrl Pts',(3.54713174505152,14.4611766019675,1.01116602921891));
#4785=CARTESIAN_POINT('Ctrl Pts',(1.88803244087673,14.4320295447222,-2.67011717280804));
#4786=CARTESIAN_POINT('Ctrl Pts',(0.508720592569521,13.0473949895813,-6.05183982853348));
#4787=CARTESIAN_POINT('Ctrl Pts',(-2.15202389760065E-7,12.2370252746951,
-7.36884230425788));
#4788=CARTESIAN_POINT('Ctrl Pts',(-0.0471934669951496,12.1618485148386,
-7.49101861098449));
#4789=CARTESIAN_POINT('Ctrl Pts',(-0.0943867187879095,12.0866717549822,
-7.6131949177111));
#4790=CARTESIAN_POINT('Ctrl Pts',(-0.141579970580669,12.0114949951257,-7.73537122443771));
#4791=CARTESIAN_POINT('Ctrl Pts',(7.82513203265801,11.9727173772541,9.99200752481231));
#4792=CARTESIAN_POINT('Ctrl Pts',(6.71675468843867,12.4983980669666,7.69496450630303));
#4793=CARTESIAN_POINT('Ctrl Pts',(5.60837734421933,13.0240787566791,5.39792148779375));
#4794=CARTESIAN_POINT('Ctrl Pts',(4.5,13.5497594463916,3.10087846928447));
#4795=CARTESIAN_POINT('Ctrl Pts',(3.55464304485806,13.9981229020283,1.14168505457474));
#4796=CARTESIAN_POINT('Ctrl Pts',(1.90117720403992,14.0265233919386,-2.45798907343372));
#4797=CARTESIAN_POINT('Ctrl Pts',(0.514354065790456,12.7313084516768,-5.77903535445376));
#4798=CARTESIAN_POINT('Ctrl Pts',(-2.17585500188837E-7,11.9639044793857,
-7.07645412733505));
#4799=CARTESIAN_POINT('Ctrl Pts',(-0.0477160782996731,11.8927135857997,
-7.19681368388123));
#4800=CARTESIAN_POINT('Ctrl Pts',(-0.095431939013846,11.8215226922136,-7.31717324042741));
#4801=CARTESIAN_POINT('Ctrl Pts',(-0.143147799728019,11.7503317986276,-7.43753279697359));
#4802=CARTESIAN_POINT('Ctrl Pts',(7.69254816064488,9.20358126656812,9.57822580281645));
#4803=CARTESIAN_POINT('Ctrl Pts',(6.62836544042992,9.84485276334198,7.55857611779779));
#4804=CARTESIAN_POINT('Ctrl Pts',(5.56418272021496,10.4861242601158,5.53892643277913));
#4805=CARTESIAN_POINT('Ctrl Pts',(4.5,11.1273957568897,3.51927674776047));
#4806=CARTESIAN_POINT('Ctrl Pts',(3.59233751362388,11.6743488976871,1.79667759266191));
#4807=CARTESIAN_POINT('Ctrl Pts',(1.96714246667763,11.9915441734103,-1.39345214611601));
#4808=CARTESIAN_POINT('Ctrl Pts',(0.542624909164947,11.1450697929615,-4.41000203236239));
#4809=CARTESIAN_POINT('Ctrl Pts',(-2.29544825996148E-7,10.5932837408662,
-5.60914257189514));
#4810=CARTESIAN_POINT('Ctrl Pts',(-0.0503387342982883,10.5420953921798,
-5.72038500694499));
#4811=CARTESIAN_POINT('Ctrl Pts',(-0.100677239051751,10.4909070434934,-5.83162744199484));
#4812=CARTESIAN_POINT('Ctrl Pts',(-0.151015743805213,10.439718694807,-5.94286987704469));
#4813=CARTESIAN_POINT('Ctrl Pts',(7.56109584019272,6.8346902194607,6.83245817386743));
#4814=CARTESIAN_POINT('Ctrl Pts',(6.54073056012848,7.40792857093705,5.55271435404686));
#4815=CARTESIAN_POINT('Ctrl Pts',(5.52036528006424,7.9811669224134,4.27297053422628));
#4816=CARTESIAN_POINT('Ctrl Pts',(4.5,8.55440527388975,2.99322671440571));
#4817=CARTESIAN_POINT('Ctrl Pts',(3.62971027482208,9.0433315997016,1.90170790343669));
#4818=CARTESIAN_POINT('Ctrl Pts',(2.03647857415262,9.65498160504807,-0.689564454445257));
#4819=CARTESIAN_POINT('Ctrl Pts',(0.57089575213202,9.35311864290206,-3.34822722042002));
#4820=CARTESIAN_POINT('Ctrl Pts',(-2.41504151303418E-7,9.00776954395922,
-4.34289118892776));
#4821=CARTESIAN_POINT('Ctrl Pts',(-0.0529613902591075,8.97573203589228,
-4.43516464501179));
#4822=CARTESIAN_POINT('Ctrl Pts',(-0.105922539014064,8.94369452782534,-4.52743810109581));
#4823=CARTESIAN_POINT('Ctrl Pts',(-0.15888368776902,8.9116570197584,-4.61971155717984));
#4824=CARTESIAN_POINT('Ctrl Pts',(7.42738046788626,4.40012167152793,4.68392602176242));
#4825=CARTESIAN_POINT('Ctrl Pts',(6.45158697859084,5.09696281199843,3.67516350377053));
#4826=CARTESIAN_POINT('Ctrl Pts',(5.47579348929542,5.79380395246893,2.66640098577865));
#4827=CARTESIAN_POINT('Ctrl Pts',(4.5,6.49064509293943,1.65763846778676));
#4828=CARTESIAN_POINT('Ctrl Pts',(3.6677264365798,7.08499468174018,0.797244967825967));
#4829=CARTESIAN_POINT('Ctrl Pts',(2.10268516108174,7.70883086695144,-0.888993505667938));
#4830=CARTESIAN_POINT('Ctrl Pts',(0.599166595477345,7.50657544520921,-2.61984459135165));
#4831=CARTESIAN_POINT('Ctrl Pts',(-2.53463476090633E-7,7.27369293080242,
-3.33067436389672));
#4832=CARTESIAN_POINT('Ctrl Pts',(-0.0555840462550159,7.25208877588557,
-3.39661695544204));
#4833=CARTESIAN_POINT('Ctrl Pts',(-0.111167839046556,7.23048462096871,-3.46255954698736));
#4834=CARTESIAN_POINT('Ctrl Pts',(-0.166751631838096,7.20888046605186,-3.52850213853269));
#4835=CARTESIAN_POINT('Ctrl Pts',(6.99753399786359,-3.4261340409318,-2.22282632377867));
#4836=CARTESIAN_POINT('Ctrl Pts',(6.16502266524239,-2.33195472147972,-2.36048214682565));
#4837=CARTESIAN_POINT('Ctrl Pts',(5.33251133262119,-1.23777540202763,-2.49813796987263));
#4838=CARTESIAN_POINT('Ctrl Pts',(4.5,-0.143596082575544,-2.63579379291961));
#4839=CARTESIAN_POINT('Ctrl Pts',(3.78993462142421,0.789651096475245,-2.75320316655212));
#4840=CARTESIAN_POINT('Ctrl Pts',(2.31551534801424,1.45266143427337,-1.53008564196749));
#4841=CARTESIAN_POINT('Ctrl Pts',(0.69004711285496,1.57060816200484,-0.278358369309076));
#4842=CARTESIAN_POINT('Ctrl Pts',(-2.9190837180432E-7,1.6992649644653,-0.0767640495317401));
#4843=CARTESIAN_POINT('Ctrl Pts',(-0.0640149349589809,1.71120025938662,
-0.0580624526088409));
#4844=CARTESIAN_POINT('Ctrl Pts',(-0.12802957800959,1.72313555430793,-0.0393608556859417));
#4845=CARTESIAN_POINT('Ctrl Pts',(-0.192044221060199,1.73507084922925,-0.0206592587630425));
#4846=CARTESIAN_POINT('Ctrl Pts',(6.56768752784092,-11.2523897533915,-9.12957866931975));
#4847=CARTESIAN_POINT('Ctrl Pts',(5.87845835189395,-9.76087225495786,-8.39612779742183));
#4848=CARTESIAN_POINT('Ctrl Pts',(5.18922917594697,-8.26935475652419,-7.66267692552391));
#4849=CARTESIAN_POINT('Ctrl Pts',(4.5,-6.77783725809052,-6.92922605362598));
#4850=CARTESIAN_POINT('Ctrl Pts',(3.91214280626862,-5.50569248878969,-6.3036513009302));
#4851=CARTESIAN_POINT('Ctrl Pts',(2.52834553494674,-4.8035079984047,-2.17117777826705));
#4852=CARTESIAN_POINT('Ctrl Pts',(0.780927630232575,-4.36535912119953,2.0631278527335));
#4853=CARTESIAN_POINT('Ctrl Pts',(-3.30353267518007E-7,-3.87516300187182,
3.17714626483324));
#4854=CARTESIAN_POINT('Ctrl Pts',(-0.0724458236629458,-3.82968825711233,
3.28049205022436));
#4855=CARTESIAN_POINT('Ctrl Pts',(-0.144891316972624,-3.78421351235285,
3.38383783561548));
#4856=CARTESIAN_POINT('Ctrl Pts',(-0.217336810282302,-3.73873876759337,
3.4871836210066));
#4857=CARTESIAN_POINT('Ctrl Pts',(6.13784105781825,-19.0786454658513,-16.0363310148608));
#4858=CARTESIAN_POINT('Ctrl Pts',(5.5918940385455,-17.189789788436,-14.431773448018));
#4859=CARTESIAN_POINT('Ctrl Pts',(5.04594701927275,-15.3009341110208,-12.8272158811752));
#4860=CARTESIAN_POINT('Ctrl Pts',(4.5,-13.4120784336055,-11.2226583143324));
#4861=CARTESIAN_POINT('Ctrl Pts',(4.03435099111303,-11.8010360740546,-9.85409943530828));
#4862=CARTESIAN_POINT('Ctrl Pts',(2.74117572187924,-11.0596774310828,-2.81226991456661));
#4863=CARTESIAN_POINT('Ctrl Pts',(0.871808147610191,-10.3013264044039,4.40461407477607));
#4864=CARTESIAN_POINT('Ctrl Pts',(-3.68798163231695E-7,-9.44959096820894,
6.43105657919822));
#4865=CARTESIAN_POINT('Ctrl Pts',(-0.0808767123669107,-9.37057677361129,
6.61904655305756));
#4866=CARTESIAN_POINT('Ctrl Pts',(-0.161753055935658,-9.29156257901363,
6.8070365269169));
#4867=CARTESIAN_POINT('Ctrl Pts',(-0.242629399504406,-9.21254838441598,
6.99502650077625));
#4868=CARTESIAN_POINT('',(3.99999999999893,7.83017762438528,1.63960921276262));
#4869=CARTESIAN_POINT('Ctrl Pts',(3.99999999999823,7.83017762438518,1.63960921276312));
#4870=CARTESIAN_POINT('Ctrl Pts',(3.80720266807437,7.88432186038545,1.38103602232327));
#4871=CARTESIAN_POINT('Ctrl Pts',(3.61413244424606,7.92559142239854,1.12008163817527));
#4872=CARTESIAN_POINT('Ctrl Pts',(3.05814827253774,8.006426203285,0.370563817868116));
#4873=CARTESIAN_POINT('Ctrl Pts',(2.69551749551675,8.01364111872548,-0.115785677376117));
#4874=CARTESIAN_POINT('Ctrl Pts',(1.63819492037188,7.9121490841906,-1.47440958628167));
#4875=CARTESIAN_POINT('Ctrl Pts',(1.00389992834271,7.71339596553876,-2.20621991442771));
#4876=CARTESIAN_POINT('Ctrl Pts',(0.5,7.50437188065896,-2.77207551787015));
#4877=CARTESIAN_POINT('',(4.5,7.53852705245052,2.24610007178082));
#4878=CARTESIAN_POINT('Ctrl Pts',(3.99999999999788,7.83017762438528,1.63960921276265));
#4879=CARTESIAN_POINT('Ctrl Pts',(4.07416013831084,7.80935086298494,1.7390702549654));
#4880=CARTESIAN_POINT('Ctrl Pts',(4.14954483230037,7.77852294251982,1.83674277677165));
#4881=CARTESIAN_POINT('Ctrl Pts',(4.32086191153735,7.68493094131566,2.04828408093042));
#4882=CARTESIAN_POINT('Ctrl Pts',(4.41330776815671,7.61788381559311,2.15504246101199));
#4883=CARTESIAN_POINT('Ctrl Pts',(4.5,7.53852705245052,2.24610007178082));
#4884=CARTESIAN_POINT('',(4.49999999999997,13.2074459984979,3.15385020369642));
#4885=CARTESIAN_POINT('Ctrl Pts',(4.5,13.2074133461148,3.15360922860532));
#4886=CARTESIAN_POINT('Ctrl Pts',(4.5,12.430915324877,3.25882554271732));
#4887=CARTESIAN_POINT('Ctrl Pts',(4.5,11.6422741914071,3.26864645708977));
#4888=CARTESIAN_POINT('Ctrl Pts',(4.5,10.078296343382,3.1057343766057));
#4889=CARTESIAN_POINT('Ctrl Pts',(4.5,9.30301680019929,2.93177582994575));
#4890=CARTESIAN_POINT('Ctrl Pts',(4.5,8.16478268428852,2.53138985353916));
#4891=CARTESIAN_POINT('Ctrl Pts',(4.5,7.85511585970187,2.3989099135541));
#4892=CARTESIAN_POINT('Ctrl Pts',(4.5,7.53852705245811,2.24610007178449));
#4893=CARTESIAN_POINT('',(4.22398120738566,13.6685346285118,2.52609358061394));
#4894=CARTESIAN_POINT('Ctrl Pts',(4.22398075006875,13.6685335631204,2.52609446386818));
#4895=CARTESIAN_POINT('Ctrl Pts',(4.24379687701857,13.6608659895423,2.56756591076543));
#4896=CARTESIAN_POINT('Ctrl Pts',(4.26368777784822,13.6514302332704,2.60959995088229));
#4897=CARTESIAN_POINT('Ctrl Pts',(4.28327228047513,13.6399099926277,2.65135192344042));
#4898=CARTESIAN_POINT('Ctrl Pts',(4.30184954168502,13.6289822441064,2.69095656977822));
#4899=CARTESIAN_POINT('Ctrl Pts',(4.32015139857595,13.6161790670047,2.73030731286156));
#4900=CARTESIAN_POINT('Ctrl Pts',(4.33782429509777,13.6012653306989,2.76867648424209));
#4901=CARTESIAN_POINT('Ctrl Pts',(4.35143417478713,13.5897802774938,2.79822454421206));
#4902=CARTESIAN_POINT('Ctrl Pts',(4.36467066316444,13.5770441829986,2.8271903498075));
#4903=CARTESIAN_POINT('Ctrl Pts',(4.37735731905966,13.5629644946866,2.85523909063401));
#4904=CARTESIAN_POINT('Ctrl Pts',(4.39507445206303,13.5433019679711,2.89440963927227));
#4905=CARTESIAN_POINT('Ctrl Pts',(4.41095858968822,13.5218563270948,2.93004732888745));
#4906=CARTESIAN_POINT('Ctrl Pts',(4.42498522034668,13.4987668164721,2.9619976221767));
#4907=CARTESIAN_POINT('Ctrl Pts',(4.43883771746885,13.4759639504638,2.99355126870943));
#4908=CARTESIAN_POINT('Ctrl Pts',(4.45087914624461,13.4515568826237,3.02150873369342));
#4909=CARTESIAN_POINT('Ctrl Pts',(4.46104342102157,13.4256544861225,3.04572871374501));
#4910=CARTESIAN_POINT('Ctrl Pts',(4.46284069470748,13.4210743565358,3.05001135404894));
#4911=CARTESIAN_POINT('Ctrl Pts',(4.46457915443218,13.4164474280932,3.05417715170049));
#4912=CARTESIAN_POINT('Ctrl Pts',(4.46625827059791,13.4117742501487,3.05822534256377));
#4913=CARTESIAN_POINT('Ctrl Pts',(4.47391569009417,13.3904627503058,3.07668665945992));
#4914=CARTESIAN_POINT('Ctrl Pts',(4.48061476138248,13.3674262914792,3.09335511516016));
#4915=CARTESIAN_POINT('Ctrl Pts',(4.48599414715357,13.3425949730612,3.10753614423625));
#4916=CARTESIAN_POINT('Ctrl Pts',(4.48800551057657,13.3333104919445,3.11283846022508));
#4917=CARTESIAN_POINT('Ctrl Pts',(4.48983199619688,13.3237753870491,3.11779298921395));
#4918=CARTESIAN_POINT('Ctrl Pts',(4.49145312610487,13.3139871239717,3.12236328474938));
#4919=CARTESIAN_POINT('Ctrl Pts',(4.49703299451555,13.2802962891583,3.13809407076476));
#4920=CARTESIAN_POINT('Ctrl Pts',(4.5000001618834,13.2447090730655,3.14875012363752));
#4921=CARTESIAN_POINT('Ctrl Pts',(4.49999999999997,13.2074459984979,3.15385020369642));
#4922=CARTESIAN_POINT('Origin',(4.49999999999999,-5.02555344957236E-19,
1.54670631169432E-18));
#4923=CARTESIAN_POINT('Ctrl Pts',(0.5,8.49581410464974,9.26758254888243));
#4924=CARTESIAN_POINT('Ctrl Pts',(0.499999999999999,7.9026819870709,10.0041055891173));
#4925=CARTESIAN_POINT('Ctrl Pts',(0.500000000000001,7.30208369813467,10.7346525627083));
#4926=CARTESIAN_POINT('Ctrl Pts',(0.5,6.65255537421376,11.5192500601784));
#4927=CARTESIAN_POINT('Ctrl Pts',(0.5,6.60606102306229,11.5754311431699));
#4928=CARTESIAN_POINT('Ctrl Pts',(0.5,6.55953068513244,11.631581464633));
#4929=CARTESIAN_POINT('Ctrl Pts',(0.479296857201452,8.89197087473826,9.58660486976827));
#4930=CARTESIAN_POINT('Ctrl Pts',(0.475849846026054,8.32206205863585,10.346243154788));
#4931=CARTESIAN_POINT('Ctrl Pts',(0.472513981043513,7.74323363867178,11.098124525064));
#4932=CARTESIAN_POINT('Ctrl Pts',(0.469472871176188,7.11528422776555,11.9024168332602));
#4933=CARTESIAN_POINT('Ctrl Pts',(0.469237114999586,7.07062877129874,11.9599148755177));
#4934=CARTESIAN_POINT('Ctrl Pts',(0.469047728155348,7.0252584721597,12.0175358575098));
#4935=CARTESIAN_POINT('Ctrl Pts',(1.05986364712686,9.19906303076529,9.83390406982906));
#4936=CARTESIAN_POINT('Ctrl Pts',(1.12806984195513,8.62981999877681,10.5975152702787));
#4937=CARTESIAN_POINT('Ctrl Pts',(1.19475201088008,8.04625316275732,11.3478778562927));
#4938=CARTESIAN_POINT('Ctrl Pts',(1.25938603176379,7.41048776807145,12.146862180341));
#4939=CARTESIAN_POINT('Ctrl Pts',(1.26439732912552,7.36531621229309,12.2038039167851));
#4940=CARTESIAN_POINT('Ctrl Pts',(1.26846228831519,7.31929195150081,12.2612050483237));
#4941=CARTESIAN_POINT('Ctrl Pts',(1.52503523791443,9.03800888168004,9.70420827182976));
#4942=CARTESIAN_POINT('Ctrl Pts',(1.60005309210247,8.41871276979718,10.4257227576397));
#4943=CARTESIAN_POINT('Ctrl Pts',(1.66085033716092,7.78694166683753,11.1343389044409));
#4944=CARTESIAN_POINT('Ctrl Pts',(1.71240401941319,7.10564707447627,11.8944366711837));
#4945=CARTESIAN_POINT('Ctrl Pts',(1.7163640977477,7.05682988638958,11.9484959814575));
#4946=CARTESIAN_POINT('Ctrl Pts',(1.7195276091337,7.00808637067618,12.0033051240489));
#4947=CARTESIAN_POINT('',(1.71941585965573,7.0084942855105,12.0037913948038));
#4948=CARTESIAN_POINT('Ctrl Pts',(0.5,8.35369395163225,9.44377749818153));
#4949=CARTESIAN_POINT('Ctrl Pts',(0.5,8.38586750375456,9.46739869130203));
#4950=CARTESIAN_POINT('Ctrl Pts',(0.503179845993223,8.41265043910339,9.49611584532837));
#4951=CARTESIAN_POINT('Ctrl Pts',(0.516091975511001,8.4599797162093,9.56816911839591));
#4952=CARTESIAN_POINT('Ctrl Pts',(0.526588397707855,8.47730710091211,9.61141756430013));
#4953=CARTESIAN_POINT('Ctrl Pts',(0.55892319483487,8.5070222697128,9.72801442259234));
#4954=CARTESIAN_POINT('Ctrl Pts',(0.584353012710567,8.5098912660026,9.80530801749768));
#4955=CARTESIAN_POINT('Ctrl Pts',(0.65915923724041,8.49554274280476,10.0171848907092));
#4956=CARTESIAN_POINT('Ctrl Pts',(0.722329034759112,8.4552444390785,10.1769376271193));
#4957=CARTESIAN_POINT('Ctrl Pts',(0.924401307979871,8.27024921372402,10.6469351297148));
#4958=CARTESIAN_POINT('Ctrl Pts',(1.08010506554221,8.0747244430522,10.969873158074));
#4959=CARTESIAN_POINT('Ctrl Pts',(1.4134148271554,7.57837081658824,11.5778766394259));
#4960=CARTESIAN_POINT('Ctrl Pts',(1.58259512316862,7.28561543017368,11.8416421710726));
#4961=CARTESIAN_POINT('Ctrl Pts',(1.71930725278958,7.00822338207515,12.0034186670944));
#4962=CARTESIAN_POINT('',(1.70872576832559,7.15253589210754,11.8431051627417));
#4963=CARTESIAN_POINT('Ctrl Pts',(1.71951899940411,7.00821899965431,12.0031559928189));
#4964=CARTESIAN_POINT('Ctrl Pts',(1.71640819466614,7.05612867078209,11.9492859417541));
#4965=CARTESIAN_POINT('Ctrl Pts',(1.71252878124082,7.10410941511418,11.8961393119398));
#4966=CARTESIAN_POINT('Ctrl Pts',(1.70889266924885,7.15205314045836,11.8426626501982));
#4967=CARTESIAN_POINT('Ctrl Pts',(1.70862149688202,7.15226406948616,11.8427390577823));
#4968=CARTESIAN_POINT('Ctrl Pts',(1.61935620306781,7.33149710997756,11.7350874872471));
#4969=CARTESIAN_POINT('Ctrl Pts',(1.52399268719837,7.50253391228802,11.5942250038418));
#4970=CARTESIAN_POINT('Ctrl Pts',(1.3356425997439,7.81755768050346,11.2878847040276));
#4971=CARTESIAN_POINT('Ctrl Pts',(1.23512923556024,7.97179962337262,11.1072449951865));
#4972=CARTESIAN_POINT('Ctrl Pts',(1.04974255544539,8.23119378440394,10.7473945263659));
#4973=CARTESIAN_POINT('Ctrl Pts',(0.959472159404137,8.34606010072714,10.5599080039509));
#4974=CARTESIAN_POINT('Ctrl Pts',(0.758672334170362,8.56279724165521,10.110024550717));
#4975=CARTESIAN_POINT('Ctrl Pts',(0.661121738609518,8.63586949640937,9.86526850726433));
#4976=CARTESIAN_POINT('Ctrl Pts',(0.567303295903494,8.64404114388509,9.58578153664893));
#4977=CARTESIAN_POINT('Ctrl Pts',(0.541414329400594,8.63618603250672,9.50146284255926));
#4978=CARTESIAN_POINT('Ctrl Pts',(0.516052195218418,8.59569739111963,9.39397313282991));
#4979=CARTESIAN_POINT('Ctrl Pts',(0.509977297327445,8.58032163713928,9.36389593157912));
#4980=CARTESIAN_POINT('Ctrl Pts',(0.502028176803025,8.54221872347916,9.31047860736098));
#4981=CARTESIAN_POINT('Ctrl Pts',(0.5,8.52060900837681,9.28754980288172));
#4982=CARTESIAN_POINT('Ctrl Pts',(0.5,8.49562430195205,9.2678182422864));
#4983=CARTESIAN_POINT('Ctrl Pts',(6.21672644007283,18.2916152343381,-19.4896508947055));
#4984=CARTESIAN_POINT('Ctrl Pts',(5.64448429338188,14.4524487595846,-17.7485040727392));
#4985=CARTESIAN_POINT('Ctrl Pts',(5.07224214669095,10.613282284831,-16.0073572507728));
#4986=CARTESIAN_POINT('Ctrl Pts',(4.5,6.77411581007746,-14.2662104288064));
#4987=CARTESIAN_POINT('Ctrl Pts',(4.02480665924794,3.58604874198237,-12.8203515736794));
#4988=CARTESIAN_POINT('Ctrl Pts',(2.46374982790936,-3.50410554655945,-7.96620343268727));
#4989=CARTESIAN_POINT('Ctrl Pts',(0.668977222070563,-6.98782219646716,-5.19466560690717));
#4990=CARTESIAN_POINT('Ctrl Pts',(-4.12408319579909E-9,-6.94908166917822,
-5.21786474607384));
#4991=CARTESIAN_POINT('Ctrl Pts',(-0.512530927316677,-6.91940096042029,
-5.23563855921545));
#4992=CARTESIAN_POINT('Ctrl Pts',(-1.02506185050927,-6.88972025166237,-5.25341237235704));
#4993=CARTESIAN_POINT('Ctrl Pts',(-1.53759277370186,-6.86003954290444,-5.27118618549865));
#4994=CARTESIAN_POINT('Ctrl Pts',(6.64015439761005,11.2257924227761,-11.2183729476072));
#4995=CARTESIAN_POINT('Ctrl Pts',(5.9267695984067,9.06559002938694,-9.92643462287552));
#4996=CARTESIAN_POINT('Ctrl Pts',(5.21338479920335,6.90538763599781,-8.63449629814383));
#4997=CARTESIAN_POINT('Ctrl Pts',(4.5,4.74518524260868,-7.34255797341215));
#4998=CARTESIAN_POINT('Ctrl Pts',(3.90760094667012,2.95134010563108,-6.26972457215897));
#4999=CARTESIAN_POINT('Ctrl Pts',(2.34663970599558,-1.17822962056963,-2.99255337923602));
#5000=CARTESIAN_POINT('Ctrl Pts',(0.647072844127897,-2.96956242740904,-1.37124133380357));
#5001=CARTESIAN_POINT('Ctrl Pts',(-3.98903832706959E-9,-2.74015727569402,
-1.52742261809602));
#5002=CARTESIAN_POINT('Ctrl Pts',(-0.495749083677049,-2.56440056890379,
-1.64707951326292));
#5003=CARTESIAN_POINT('Ctrl Pts',(-0.99149816336506,-2.38864386211356,-1.76673640842981));
#5004=CARTESIAN_POINT('Ctrl Pts',(-1.48724724305307,-2.21288715532332,-1.88639330359671));
#5005=CARTESIAN_POINT('Ctrl Pts',(7.06358235514728,4.15996961121401,-2.94709500050888));
#5006=CARTESIAN_POINT('Ctrl Pts',(6.20905490343152,3.6787312991893,-2.10436517301188));
#5007=CARTESIAN_POINT('Ctrl Pts',(5.35452745171576,3.1974929871646,-1.26163534551487));
#5008=CARTESIAN_POINT('Ctrl Pts',(4.5,2.71625467513989,-0.418905518017866));
#5009=CARTESIAN_POINT('Ctrl Pts',(3.79039523409229,2.3166314692798,0.280902429361423));
#5010=CARTESIAN_POINT('Ctrl Pts',(2.2295295840818,1.14764630542019,1.98109667421523));
#5011=CARTESIAN_POINT('Ctrl Pts',(0.625168466185232,1.04869734164909,2.45218293930002));
#5012=CARTESIAN_POINT('Ctrl Pts',(-3.85399345834009E-9,1.46876711779018,
2.1630195098818));
#5013=CARTESIAN_POINT('Ctrl Pts',(-0.478967240037422,1.79059982261272,1.94147953268961));
#5014=CARTESIAN_POINT('Ctrl Pts',(-0.95793447622085,2.11243252743525,1.71993955549742));
#5015=CARTESIAN_POINT('Ctrl Pts',(-1.43690171240428,2.43426523225779,1.49839957830522));
#5016=CARTESIAN_POINT('Ctrl Pts',(7.4870103126845,-2.90585320034806,5.32418294658944));
#5017=CARTESIAN_POINT('Ctrl Pts',(6.49134020845633,-1.70812743100833,5.71770427685176));
#5018=CARTESIAN_POINT('Ctrl Pts',(5.49567010422817,-0.510401661668613,6.11122560711409));
#5019=CARTESIAN_POINT('Ctrl Pts',(4.5,0.68732410767111,6.50474693737642));
#5020=CARTESIAN_POINT('Ctrl Pts',(3.67318952151446,1.68192283292851,6.83152943088182));
#5021=CARTESIAN_POINT('Ctrl Pts',(2.11241946216801,3.47352223141001,6.95474672766648));
#5022=CARTESIAN_POINT('Ctrl Pts',(0.603264088242567,5.06695711070721,6.27560721240362));
#5023=CARTESIAN_POINT('Ctrl Pts',(-3.71894858961059E-9,5.67769151127438,
5.85346163785963));
#5024=CARTESIAN_POINT('Ctrl Pts',(-0.462185396397794,6.14560021412922,5.53003857864214));
#5025=CARTESIAN_POINT('Ctrl Pts',(-0.924370789076639,6.61350891698406,5.20661551942465));
#5026=CARTESIAN_POINT('Ctrl Pts',(-1.38655618175548,7.0814176198389,4.88319246020716));
#5027=CARTESIAN_POINT('Ctrl Pts',(7.63307546472074,-5.34327015607936,8.177432122444));
#5028=CARTESIAN_POINT('Ctrl Pts',(6.58871697648049,-3.56637114264342,8.41599507956021));
#5029=CARTESIAN_POINT('Ctrl Pts',(5.54435848824025,-1.78947212920747,8.65455803667643));
#5030=CARTESIAN_POINT('Ctrl Pts',(4.5,-0.0125731157715299,8.89312099379264));
#5031=CARTESIAN_POINT('Ctrl Pts',(3.63275839285973,1.46297457545732,9.09122511671906));
#5032=CARTESIAN_POINT('Ctrl Pts',(2.07202130834319,4.27585333567408,8.67045051694336));
#5033=CARTESIAN_POINT('Ctrl Pts',(0.595707982800065,6.45309072243728,7.59453062737631));
#5034=CARTESIAN_POINT('Ctrl Pts',(-3.67236368908249E-9,7.12959654139804,
7.12651170672905));
#5035=CARTESIAN_POINT('Ctrl Pts',(-0.456396353659738,7.64789542865529,6.76794319336513));
#5036=CARTESIAN_POINT('Ctrl Pts',(-0.912792703647113,8.16619431591253,6.4093746800012));
#5037=CARTESIAN_POINT('Ctrl Pts',(-1.36918905363449,8.68449320316977,6.05080616663727));
#5038=CARTESIAN_POINT('Ctrl Pts',(7.77914061675697,-6.27338374022082,11.6261469027926));
#5039=CARTESIAN_POINT('Ctrl Pts',(6.68609374450465,-4.09752960745711,11.600756264528));
#5040=CARTESIAN_POINT('Ctrl Pts',(5.59304687225232,-1.9216754746934,11.5753656262633));
#5041=CARTESIAN_POINT('Ctrl Pts',(4.5,0.254178658070315,11.5499749879987));
#5042=CARTESIAN_POINT('Ctrl Pts',(3.59232726420501,2.06102109411964,11.5288904483671));
#5043=CARTESIAN_POINT('Ctrl Pts',(1.96703235947095,5.19012906010533,10.8322945742238));
#5044=CARTESIAN_POINT('Ctrl Pts',(0.542617039350064,7.79371958138533,9.08943053827544));
#5045=CARTESIAN_POINT('Ctrl Pts',(-3.34506936978899E-9,8.7624659091598,
8.19286267813957));
#5046=CARTESIAN_POINT('Ctrl Pts',(-0.415721201231787,9.5046622504882,7.50596522473277));
#5047=CARTESIAN_POINT('Ctrl Pts',(-0.831442399118504,10.2468585918166,6.81906777132598));
#5048=CARTESIAN_POINT('Ctrl Pts',(-1.24716359700522,10.989054933145,6.13217031791918));
#5049=CARTESIAN_POINT('Ctrl Pts',(7.92520576879321,-5.77450277002584,14.4774771553546));
#5050=CARTESIAN_POINT('Ctrl Pts',(6.7834705125288,-3.37803055194232,14.2354975807868));
#5051=CARTESIAN_POINT('Ctrl Pts',(5.6417352562644,-0.981558333858791,13.993518006219));
#5052=CARTESIAN_POINT('Ctrl Pts',(4.5,1.41491388422474,13.7515384316513));
#5053=CARTESIAN_POINT('Ctrl Pts',(3.55189613555028,3.40495891309193,13.5505971289221));
#5054=CARTESIAN_POINT('Ctrl Pts',(1.89627841969376,6.80926325818878,12.4302503744719));
#5055=CARTESIAN_POINT('Ctrl Pts',(0.512294048994086,9.53127605823929,10.1486333178461));
#5056=CARTESIAN_POINT('Ctrl Pts',(-3.15813238821576E-9,10.5118349294917,
9.01041557231541));
#5057=CARTESIAN_POINT('Ctrl Pts',(-0.392489512837277,11.2630813454368,8.1383802188409));
#5058=CARTESIAN_POINT('Ctrl Pts',(-0.784979022516422,12.014327761382,7.26634486536638));
#5059=CARTESIAN_POINT('Ctrl Pts',(-1.17746853219557,12.7655741773271,6.39430951189187));
#5060=CARTESIAN_POINT('Ctrl Pts',(7.9590135731582,-5.65903326887074,15.1374375498413));
#5061=CARTESIAN_POINT('Ctrl Pts',(6.80600904877213,-3.21149744688242,14.8453269461808));
#5062=CARTESIAN_POINT('Ctrl Pts',(5.65300452438607,-0.763961624894105,14.5532163425204));
#5063=CARTESIAN_POINT('Ctrl Pts',(4.5,1.68357419709421,14.2611057388599));
#5064=CARTESIAN_POINT('Ctrl Pts',(3.5425380671215,3.71602275158543,14.0185353262729));
#5065=CARTESIAN_POINT('Ctrl Pts',(1.87990192385821,7.18402322965612,12.8001084571533));
#5066=CARTESIAN_POINT('Ctrl Pts',(0.505275580102463,9.93344569708668,10.3937932335096));
#5067=CARTESIAN_POINT('Ctrl Pts',(-3.11486451211043E-9,10.9167386644146,
9.19964392636849));
#5068=CARTESIAN_POINT('Ctrl Pts',(-0.387112375543673,11.6700797836334,8.28475710682709));
#5069=CARTESIAN_POINT('Ctrl Pts',(-0.774224747972482,12.4234209028521,7.3698702872857));
#5070=CARTESIAN_POINT('Ctrl Pts',(-1.16133712040129,13.1767620220709,6.4549834677443));
#5071=CARTESIAN_POINT('Ctrl Pts',(7.99282137752319,-5.54356376771563,15.797397944328));
#5072=CARTESIAN_POINT('Ctrl Pts',(6.82854758501546,-3.04496434182253,15.4551563115748));
#5073=CARTESIAN_POINT('Ctrl Pts',(5.66427379250773,-0.546364915929418,15.1129146788217));
#5074=CARTESIAN_POINT('Ctrl Pts',(4.5,1.95223450996369,14.7706730460685));
#5075=CARTESIAN_POINT('Ctrl Pts',(3.53317999869273,4.02708659007894,14.4864735236236));
#5076=CARTESIAN_POINT('Ctrl Pts',(1.86352542802266,7.55878320112346,13.1699665398347));
#5077=CARTESIAN_POINT('Ctrl Pts',(0.498257111210841,10.3356153359341,10.6389531491731));
#5078=CARTESIAN_POINT('Ctrl Pts',(-3.07159663600511E-9,11.3216423993375,
9.38887228042157));
#5079=CARTESIAN_POINT('Ctrl Pts',(-0.381735238250069,12.0770782218299,8.43113399481329));
#5080=CARTESIAN_POINT('Ctrl Pts',(-0.763470473428541,12.8325140443223,7.47339570920501));
#5081=CARTESIAN_POINT('Ctrl Pts',(-1.14520570860701,13.5879498668147,6.51565742359673));
#5082=CARTESIAN_POINT('Ctrl Pts',(8.02662918188818,-5.42809426656053,16.4573583388147));
#5083=CARTESIAN_POINT('Ctrl Pts',(6.85108612125879,-2.87843123676263,16.0649856769689));
#5084=CARTESIAN_POINT('Ctrl Pts',(5.67554306062939,-0.328768206964732,15.672613015123));
#5085=CARTESIAN_POINT('Ctrl Pts',(4.5,2.22089482283317,15.2802403532771));
#5086=CARTESIAN_POINT('Ctrl Pts',(3.52382193026395,4.33815042857244,14.9544117209744));
#5087=CARTESIAN_POINT('Ctrl Pts',(1.84714893218711,7.9335431725908,13.5398246225161));
#5088=CARTESIAN_POINT('Ctrl Pts',(0.491238642319218,10.7377849747815,10.8841130648367));
#5089=CARTESIAN_POINT('Ctrl Pts',(-3.02832875989978E-9,11.7265461342604,
9.57810063447465));
#5090=CARTESIAN_POINT('Ctrl Pts',(-0.376358100956465,12.4840766600265,8.57751088279949));
#5091=CARTESIAN_POINT('Ctrl Pts',(-0.752716198884601,13.2416071857925,7.57692113112433));
#5092=CARTESIAN_POINT('Ctrl Pts',(-1.12907429681274,13.9991377115585,6.57633137944916));
#5093=CARTESIAN_POINT('',(4.21370065506177,2.01460981685515,13.677649787347));
#5094=CARTESIAN_POINT('Origin',(4.54762352322366,0.0457204767762455,-0.0331686654360036));
#5095=CARTESIAN_POINT('',(4.50000000008658,1.25565863654646,13.4356370829035));
#5096=CARTESIAN_POINT('Ctrl Pts',(4.50000000008658,1.25565863654644,13.4356370829035));
#5097=CARTESIAN_POINT('Ctrl Pts',(4.50000293740467,1.27148373539596,13.4685068312513));
#5098=CARTESIAN_POINT('Ctrl Pts',(4.49721078869555,1.29174013032323,13.4981658725738));
#5099=CARTESIAN_POINT('Ctrl Pts',(4.49199026026057,1.31586906542311,13.5246101377754));
#5100=CARTESIAN_POINT('Ctrl Pts',(4.49091817389548,1.32082417727565,13.530040725217));
#5101=CARTESIAN_POINT('Ctrl Pts',(4.4897435156554,1.32594263347405,13.5353358051058));
#5102=CARTESIAN_POINT('Ctrl Pts',(4.48846923758298,1.33121963916791,13.5404954475729));
#5103=CARTESIAN_POINT('Ctrl Pts',(4.48343722995167,1.35205805230294,13.5608704040531));
#5104=CARTESIAN_POINT('Ctrl Pts',(4.47698465120399,1.37482728966616,13.5786135161225));
#5105=CARTESIAN_POINT('Ctrl Pts',(4.46951094814783,1.39884867750909,13.5940303686239));
#5106=CARTESIAN_POINT('Ctrl Pts',(4.46396167777237,1.41668470537007,13.605477476199));
#5107=CARTESIAN_POINT('Ctrl Pts',(4.45784818504757,1.43521137804595,13.6156427524015));
#5108=CARTESIAN_POINT('Ctrl Pts',(4.45131973532678,1.45415576682238,13.6246615344575));
#5109=CARTESIAN_POINT('Ctrl Pts',(4.4414270185212,1.48286265455763,13.638327911718));
#5110=CARTESIAN_POINT('Ctrl Pts',(4.4304948118557,1.5127683630719,13.649492614738));
#5111=CARTESIAN_POINT('Ctrl Pts',(4.41890544992018,1.54321187778014,13.6585297466001));
#5112=CARTESIAN_POINT('Ctrl Pts',(4.40648488448429,1.5758388393537,13.6682150328367));
#5113=CARTESIAN_POINT('Ctrl Pts',(4.39330890389976,1.60908342536834,13.6754565335267));
#5114=CARTESIAN_POINT('Ctrl Pts',(4.37980399023268,1.64214982180427,13.680750556013));
#5115=CARTESIAN_POINT('Ctrl Pts',(4.37500382733663,1.65390288392599,13.6826322541072));
#5116=CARTESIAN_POINT('Ctrl Pts',(4.37016176641248,1.66563359666993,13.6842682324878));
#5117=CARTESIAN_POINT('Ctrl Pts',(4.36529592016127,1.6773067486523,13.685681787402));
#5118=CARTESIAN_POINT('Ctrl Pts',(4.34821559258232,1.71828240826919,13.6906437158601));
#5119=CARTESIAN_POINT('Ctrl Pts',(4.33026592678624,1.75992792082973,13.6930366863093));
#5120=CARTESIAN_POINT('Ctrl Pts',(4.31181485151361,1.80163230751427,13.6932767434798));
#5121=CARTESIAN_POINT('Ctrl Pts',(4.2924131903656,1.84548527363592,13.6935291682198));
#5122=CARTESIAN_POINT('Ctrl Pts',(4.27245653885848,1.88940317965614,13.6914010102009));
#5123=CARTESIAN_POINT('Ctrl Pts',(4.25233137360973,1.93269497794823,13.6874118787172));
#5124=CARTESIAN_POINT('Ctrl Pts',(4.23949264610312,1.96031271895426,13.6848670364029));
#5125=CARTESIAN_POINT('Ctrl Pts',(4.22658456083259,1.98767604455246,13.6815655512755));
#5126=CARTESIAN_POINT('Ctrl Pts',(4.21370070409409,2.01460984555015,13.6776498233914));
#5127=CARTESIAN_POINT('',(4.49999999993309,0.397293141594013,7.8559858588111));
#5128=CARTESIAN_POINT('Ctrl Pts',(4.5,1.25590689297067,13.4355180143516));
#5129=CARTESIAN_POINT('Ctrl Pts',(4.5,1.02756791098837,12.9594341259688));
#5130=CARTESIAN_POINT('Ctrl Pts',(4.5,0.839604020572335,12.4642776149879));
#5131=CARTESIAN_POINT('Ctrl Pts',(4.5,0.692764100721747,11.9569423015706));
#5132=CARTESIAN_POINT('Ctrl Pts',(4.5,0.340687579648511,10.7405097922957));
#5133=CARTESIAN_POINT('Ctrl Pts',(4.5,0.225227377807475,9.45474173049878));
#5134=CARTESIAN_POINT('Ctrl Pts',(4.5,0.368710119770408,8.07292561547798));
#5135=CARTESIAN_POINT('Ctrl Pts',(4.5,0.382561221560759,7.96145856360485));
#5136=CARTESIAN_POINT('Ctrl Pts',(4.5,0.397293141395769,7.85598585878531));
#5137=CARTESIAN_POINT('',(3.99999999866613,1.13238520515738,7.9194509751081));
#5138=CARTESIAN_POINT('Ctrl Pts',(4.49999999988634,0.397293141565045,7.85598585880091));
#5139=CARTESIAN_POINT('Ctrl Pts',(4.41082879753789,0.525506958138636,7.9010506363092));
#5140=CARTESIAN_POINT('Ctrl Pts',(4.31378807792901,0.668412503323886,7.92847355057235));
#5141=CARTESIAN_POINT('Ctrl Pts',(4.14150724271103,0.923211443085108,7.93972462564585));
#5142=CARTESIAN_POINT('Ctrl Pts',(4.07059425492199,1.02834631325082,7.93432727190364));
#5143=CARTESIAN_POINT('Ctrl Pts',(3.99999999774701,1.13238520454614,7.9194509751955));
#5144=CARTESIAN_POINT('',(0.68628627560718,4.97143210813842,6.26776381113105));
#5145=CARTESIAN_POINT('Ctrl Pts',(0.686319558341631,4.97145530872673,6.26774537719368));
#5146=CARTESIAN_POINT('Ctrl Pts',(1.01929361741932,4.68044265927202,6.49857102405269));
#5147=CARTESIAN_POINT('Ctrl Pts',(1.36431799333414,4.36540250923997,6.7152281771824));
#5148=CARTESIAN_POINT('Ctrl Pts',(2.05016171624555,3.67041545286069,7.12046379872675));
#5149=CARTESIAN_POINT('Ctrl Pts',(2.38573393449951,3.29224599943663,7.30407986066725));
#5150=CARTESIAN_POINT('Ctrl Pts',(3.16199352124384,2.3327531016138,7.6754119043879));
#5151=CARTESIAN_POINT('Ctrl Pts',(3.58588548550508,1.74269001464345,7.83218480745456));
#5152=CARTESIAN_POINT('Ctrl Pts',(3.99999999774697,1.1323852045462,7.91945097519549));
#5153=CARTESIAN_POINT('Origin',(2.44468842702059,1.61963146823893,-1.53309140973023));
#5154=CARTESIAN_POINT('Ctrl Pts',(6.25272934517446,22.0785780314089,10.3708176933439));
#5155=CARTESIAN_POINT('Ctrl Pts',(5.6684862301163,19.4822151578818,7.60520907097211));
#5156=CARTESIAN_POINT('Ctrl Pts',(5.08424311505815,16.8858522843547,4.8396004486003));
#5157=CARTESIAN_POINT('Ctrl Pts',(4.5,14.2894894108276,2.07399182622848));
#5158=CARTESIAN_POINT('Ctrl Pts',(4.00251212783547,12.0786648276583,-0.280946919856149));
#5159=CARTESIAN_POINT('Ctrl Pts',(2.44147409537393,5.73046828319109,-5.08108753895201));
#5160=CARTESIAN_POINT('Ctrl Pts',(0.664810634697062,2.32557430327589,-7.29937949626313));
#5161=CARTESIAN_POINT('Ctrl Pts',(-4.09857721663832E-9,2.39487423425989,
-7.24302811966587));
#5162=CARTESIAN_POINT('Ctrl Pts',(-0.509338736961482,2.44796775740029,-7.19985501581314));
#5163=CARTESIAN_POINT('Ctrl Pts',(-1.01867746982439,2.50106128054068,-7.1566819119604));
#5164=CARTESIAN_POINT('Ctrl Pts',(-1.52801620268729,2.55415480368108,-7.11350880810766));
#5165=CARTESIAN_POINT('Ctrl Pts',(6.63948141721779,12.7317637022919,6.57233244544541));
#5166=CARTESIAN_POINT('Ctrl Pts',(5.92632094481186,10.9995082115198,5.13841552714383));
#5167=CARTESIAN_POINT('Ctrl Pts',(5.21316047240593,9.26725272074763,3.70449860884225));
#5168=CARTESIAN_POINT('Ctrl Pts',(4.5,7.53499722997547,2.27058169054068));
#5169=CARTESIAN_POINT('Ctrl Pts',(3.89273792572847,6.05996727080551,1.04958950738835));
#5170=CARTESIAN_POINT('Ctrl Pts',(2.33178942293785,1.9733221347172,-1.56984335577508));
#5171=CARTESIAN_POINT('Ctrl Pts',(0.644295119212191,0.082822443488007,-2.6135090453151));
#5172=CARTESIAN_POINT('Ctrl Pts',(-3.97208935039347E-9,0.325759600250667,
-2.425810536));
#5173=CARTESIAN_POINT('Ctrl Pts',(-0.493620957792756,0.511883733003673,
-2.28200699960052));
#5174=CARTESIAN_POINT('Ctrl Pts',(-0.987241911613423,0.69800786575668,-2.13820346320105));
#5175=CARTESIAN_POINT('Ctrl Pts',(-1.48086286543409,0.884131998509685,-1.99439992680157));
#5176=CARTESIAN_POINT('Ctrl Pts',(7.02623348926112,3.38494937317497,2.77384719754688));
#5177=CARTESIAN_POINT('Ctrl Pts',(6.18415565950741,2.51680126515776,2.67162198331555));
#5178=CARTESIAN_POINT('Ctrl Pts',(5.34207782975371,1.64865315714054,2.56939676908421));
#5179=CARTESIAN_POINT('Ctrl Pts',(4.5,0.780505049123327,2.46717155485287));
#5180=CARTESIAN_POINT('Ctrl Pts',(3.78296372362146,0.0412697139527018,2.38012593463286));
#5181=CARTESIAN_POINT('Ctrl Pts',(2.22210475050177,-1.78382401375669,1.94140082740185));
#5182=CARTESIAN_POINT('Ctrl Pts',(0.623779603727319,-2.15992941629987,2.07236140563294));
#5183=CARTESIAN_POINT('Ctrl Pts',(-3.84560148414863E-9,-1.74335503375855,
2.39140704766587));
#5184=CARTESIAN_POINT('Ctrl Pts',(-0.47790317862403,-1.42420029139294,2.63584101661209));
#5185=CARTESIAN_POINT('Ctrl Pts',(-0.955806353402459,-1.10504554902733,
2.8802749855583));
#5186=CARTESIAN_POINT('Ctrl Pts',(-1.43370952818089,-0.785890806661711,
3.12470895450452));
#5187=CARTESIAN_POINT('Ctrl Pts',(7.41298556130445,-5.961864955942,-1.02463805035164));
#5188=CARTESIAN_POINT('Ctrl Pts',(6.44199037420297,-5.96590568120427,0.204828439487263));
#5189=CARTESIAN_POINT('Ctrl Pts',(5.47099518710148,-5.96994640646655,1.43429492932617));
#5190=CARTESIAN_POINT('Ctrl Pts',(4.5,-5.97398713172882,2.66376141916507));
#5191=CARTESIAN_POINT('Ctrl Pts',(3.67318952151446,-5.97742784290011,3.71066236187736));
#5192=CARTESIAN_POINT('Ctrl Pts',(2.11242007806569,-5.54097016223058,5.45264501057878));
#5193=CARTESIAN_POINT('Ctrl Pts',(0.603264088242448,-4.40268127608775,6.75823185658097));
#5194=CARTESIAN_POINT('Ctrl Pts',(-3.71911361790379E-9,-3.81246966776778,
7.20862463133174));
#5195=CARTESIAN_POINT('Ctrl Pts',(-0.462185399455305,-3.36028431578955,
7.5536890328247));
#5196=CARTESIAN_POINT('Ctrl Pts',(-0.924370795191496,-2.90809896381133,
7.89875343431765));
#5197=CARTESIAN_POINT('Ctrl Pts',(-1.38655619092769,-2.45591361183311,8.24381783581061));
#5198=CARTESIAN_POINT('Ctrl Pts',(7.55543081108973,-9.40440450013476,-2.42366398726237));
#5199=CARTESIAN_POINT('Ctrl Pts',(6.53695387405982,-9.0901845078073,-0.703720080144082));
#5200=CARTESIAN_POINT('Ctrl Pts',(5.51847693702991,-8.77596451547984,1.01622382697421));
#5201=CARTESIAN_POINT('Ctrl Pts',(4.5,-8.46174452315237,2.7361677340925));
#5202=CARTESIAN_POINT('Ctrl Pts',(3.6327584165006,-8.19418358602608,4.20071427737432));
#5203=CARTESIAN_POINT('Ctrl Pts',(2.07202194786247,-6.92477043192683,6.74587674968035));
#5204=CARTESIAN_POINT('Ctrl Pts',(0.595707987218149,-5.22871265889591,8.48409200083366));
#5205=CARTESIAN_POINT('Ctrl Pts',(-3.67252667757568E-9,-4.57454845720679,
8.98286143981205));
#5206=CARTESIAN_POINT('Ctrl Pts',(-0.456396360063919,-4.07336639703968,
9.3649891905054));
#5207=CARTESIAN_POINT('Ctrl Pts',(-0.912792716455311,-3.57218433687256,
9.74711694119876));
#5208=CARTESIAN_POINT('Ctrl Pts',(-1.3691890728467,-3.07100227670545,10.1292446918921));
#5209=CARTESIAN_POINT('Ctrl Pts',(7.69787606087501,-12.9439165959193,-2.22039905250865));
#5210=CARTESIAN_POINT('Ctrl Pts',(6.63191737391667,-12.2646545945692,-0.209974178955142));
#5211=CARTESIAN_POINT('Ctrl Pts',(5.56595868695834,-11.5853925932192,1.80045069459836));
#5212=CARTESIAN_POINT('Ctrl Pts',(4.5,-10.9061305918692,3.81087556815187));
#5213=CARTESIAN_POINT('Ctrl Pts',(3.59232731148674,-10.3277333476668,5.52276907055321));
#5214=CARTESIAN_POINT('Ctrl Pts',(1.96703610433415,-8.69827699316864,8.28344299211192));
#5215=CARTESIAN_POINT('Ctrl Pts',(0.542617101436546,-6.23616916463839,10.2210542682992));
#5216=CARTESIAN_POINT('Ctrl Pts',(-3.34521819030649E-9,-5.0841239626765,
10.8653319004106));
#5217=CARTESIAN_POINT('Ctrl Pts',(-0.415721251549008,-4.20149482119487,
11.3589394536021));
#5218=CARTESIAN_POINT('Ctrl Pts',(-0.831442499752797,-3.31886567971323,
11.8525470067936));
#5219=CARTESIAN_POINT('Ctrl Pts',(-1.24716374795659,-2.43623653823159,12.3461545599851));
#5220=CARTESIAN_POINT('Ctrl Pts',(7.84032131066028,-15.4811466944504,-0.854204269212137));
#5221=CARTESIAN_POINT('Ctrl Pts',(6.72688087377352,-14.5345160479733,1.29557015849884));
#5222=CARTESIAN_POINT('Ctrl Pts',(5.61344043688676,-13.5878854014962,3.44534458620981));
#5223=CARTESIAN_POINT('Ctrl Pts',(4.5,-12.6412547550191,5.59511901392078));
#5224=CARTESIAN_POINT('Ctrl Pts',(3.55189620647288,-11.8351908855378,7.42566982078684));
#5225=CARTESIAN_POINT('Ctrl Pts',(1.89628216584896,-9.71767840888437,10.3171356093367));
#5226=CARTESIAN_POINT('Ctrl Pts',(0.512294102185321,-6.70659674314802,12.2008788957627));
#5227=CARTESIAN_POINT('Ctrl Pts',(-3.15827285877189E-9,-5.32107839364488,
12.7817172844929));
#5228=CARTESIAN_POINT('Ctrl Pts',(-0.392489556185795,-4.25957588554324,
13.2267214280034));
#5229=CARTESIAN_POINT('Ctrl Pts',(-0.784979109213316,-3.19807337744159,
13.6717255715139));
#5230=CARTESIAN_POINT('Ctrl Pts',(-1.17746866224084,-2.13657086933994,14.1167297150245));
#5231=CARTESIAN_POINT('Ctrl Pts',(7.87329311029476,-16.0684393037964,-0.537971185101436));
#5232=CARTESIAN_POINT('Ctrl Pts',(6.74886207352984,-15.0599208414113,1.64405848162775));
#5233=CARTESIAN_POINT('Ctrl Pts',(5.62443103676492,-14.0514023790263,3.82608814835694));
#5234=CARTESIAN_POINT('Ctrl Pts',(4.5,-13.0428839166413,6.00811781508613));
#5235=CARTESIAN_POINT('Ctrl Pts',(3.54253761925761,-12.1841220571359,7.86613422627297));
#5236=CARTESIAN_POINT('Ctrl Pts',(1.87990475286678,-9.95363923788179,10.7878744061328));
#5237=CARTESIAN_POINT('Ctrl Pts',(0.505275238045346,-6.81548660703981,12.6591488698512));
#5238=CARTESIAN_POINT('Ctrl Pts',(-3.11500062594383E-9,-5.37592623189971,
13.225302977955));
#5239=CARTESIAN_POINT('Ctrl Pts',(-0.387112116040618,-4.27301990855656,
13.6590568910229));
#5240=CARTESIAN_POINT('Ctrl Pts',(-0.774224228966236,-3.17011358521341,
14.0928108040907));
#5241=CARTESIAN_POINT('Ctrl Pts',(-1.16133634189185,-2.06720726187026,14.5265647171586));
#5242=CARTESIAN_POINT('Ctrl Pts',(7.90626490992923,-16.6557319131423,-0.221738100990735));
#5243=CARTESIAN_POINT('Ctrl Pts',(6.77084327328615,-15.5853256348493,1.99254680475667));
#5244=CARTESIAN_POINT('Ctrl Pts',(5.63542163664308,-14.5149193565564,4.20683171050407));
#5245=CARTESIAN_POINT('Ctrl Pts',(4.5,-13.4445130782634,6.42111661625147));
#5246=CARTESIAN_POINT('Ctrl Pts',(3.53317903204233,-12.5330532287339,8.3065986317591));
#5247=CARTESIAN_POINT('Ctrl Pts',(1.8635273398846,-10.1896000668792,11.2586132029289));
#5248=CARTESIAN_POINT('Ctrl Pts',(0.498256373905371,-6.9243764709316,13.1174188439397));
#5249=CARTESIAN_POINT('Ctrl Pts',(-3.07172839311577E-9,-5.43077407015453,
13.6688886714172));
#5250=CARTESIAN_POINT('Ctrl Pts',(-0.381734675895442,-4.28646393156988,
14.0913923540423));
#5251=CARTESIAN_POINT('Ctrl Pts',(-0.763469348719156,-3.14215379298523,
14.5138960366675));
#5252=CARTESIAN_POINT('Ctrl Pts',(-1.14520402154287,-1.99784365440058,14.9363997192926));
#5253=CARTESIAN_POINT('Ctrl Pts',(7.93923670956371,-17.2430245224882,0.0944949831199662));
#5254=CARTESIAN_POINT('Ctrl Pts',(6.79282447304247,-16.1107304282873,2.34103512788558));
#5255=CARTESIAN_POINT('Ctrl Pts',(5.64641223652123,-14.9784363340864,4.5875752726512));
#5256=CARTESIAN_POINT('Ctrl Pts',(4.5,-13.8461422398855,6.83411541741681));
#5257=CARTESIAN_POINT('Ctrl Pts',(3.52382044482705,-12.881984400332,8.74706303724523));
#5258=CARTESIAN_POINT('Ctrl Pts',(1.84714992690242,-10.4255608958766,11.729351999725));
#5259=CARTESIAN_POINT('Ctrl Pts',(0.491237509765395,-7.03326633482339,13.5756888180281));
#5260=CARTESIAN_POINT('Ctrl Pts',(-3.02845616028771E-9,-5.48562190840935,
14.1124743648794));
#5261=CARTESIAN_POINT('Ctrl Pts',(-0.376357235750266,-4.2999079545832,14.5237278170618));
#5262=CARTESIAN_POINT('Ctrl Pts',(-0.752714468472075,-3.11419400075705,
14.9349812692443));
#5263=CARTESIAN_POINT('Ctrl Pts',(-1.12907170119388,-1.9284800469309,15.3462347214267));
#5264=CARTESIAN_POINT('',(4.21370065508049,-12.3856692874605,6.14263402145221));
#5265=CARTESIAN_POINT('Origin',(4.54762352322366,0.04567367971451,0.0332330760657074));
#5266=CARTESIAN_POINT('',(4.50000000008697,-12.3900303404457,5.34604251740129));
#5267=CARTESIAN_POINT('Ctrl Pts',(4.50000000008697,-12.3900303404457,5.34604251740129));
#5268=CARTESIAN_POINT('Ctrl Pts',(4.50000293740505,-12.416401104322,5.37125039162678));
#5269=CARTESIAN_POINT('Ctrl Pts',(4.49721078869517,-12.4383489585639,5.39968051582868));
#5270=CARTESIAN_POINT('Ctrl Pts',(4.49199026025883,-12.4560426983018,5.43080022414259));
#5271=CARTESIAN_POINT('Ctrl Pts',(4.4909181738943,-12.4596762801014,5.43719095936383));
#5272=CARTESIAN_POINT('Ctrl Pts',(4.48974351565491,-12.4631305103814,5.44369517015278));
#5273=CARTESIAN_POINT('Ctrl Pts',(4.48846923758331,-12.4664069375305,5.45030831800741));
#5274=CARTESIAN_POINT('Ctrl Pts',(4.48343722995202,-12.4793452488656,5.47642303442056));
#5275=CARTESIAN_POINT('Ctrl Pts',(4.47698465120437,-12.4891838699244,5.50356078914828));
#5276=CARTESIAN_POINT('Ctrl Pts',(4.46951094814826,-12.4964231508846,5.53117055600923));
#5277=CARTESIAN_POINT('Ctrl Pts',(4.46396167777273,-12.5017983614156,5.55167097730859));
#5278=CARTESIAN_POINT('Ctrl Pts',(4.45784818504786,-12.5057410568819,5.57243213318154));
#5279=CARTESIAN_POINT('Ctrl Pts',(4.45131973532699,-12.5084642902453,5.59323627449866));
#5280=CARTESIAN_POINT('Ctrl Pts',(4.44142701852143,-12.5125908712273,5.62476128996671));
#5281=CARTESIAN_POINT('Ctrl Pts',(4.43049481185598,-12.5139677626273,5.65665339189378));
#5282=CARTESIAN_POINT('Ctrl Pts',(4.41890544992051,-12.5131550223599,5.68839952226157));
#5283=CARTESIAN_POINT('Ctrl Pts',(4.40648488448465,-12.5122839913464,5.72242252471537));
#5284=CARTESIAN_POINT('Ctrl Pts',(4.39330890390016,-12.508897925716,5.75627775165398));
#5285=CARTESIAN_POINT('Ctrl Pts',(4.37980399023314,-12.5037147618576,5.78936170637151));
#5286=CARTESIAN_POINT('Ctrl Pts',(4.37500382733696,-12.5018724671602,5.80112100937849));
#5287=CARTESIAN_POINT('Ctrl Pts',(4.37016176641268,-12.4998033854655,5.81278312529675));
#5288=CARTESIAN_POINT('Ctrl Pts',(4.36529592016133,-12.4975405537373,5.82432176504658));
#5289=CARTESIAN_POINT('Ctrl Pts',(4.34821559258235,-12.4895974529534,5.86482525335317));
#5290=CARTESIAN_POINT('Ctrl Pts',(4.33026592678624,-12.4790041319717,5.9051719579842));
#5291=CARTESIAN_POINT('Ctrl Pts',(4.31181485151358,-12.4663450756825,5.94490936844396));
#5292=CARTESIAN_POINT('Ctrl Pts',(4.29241319036558,-12.453033834091,5.98669402116723));
#5293=CARTESIAN_POINT('Ctrl Pts',(4.27245653885847,-12.4374384562218,6.02780479487518));
#5294=CARTESIAN_POINT('Ctrl Pts',(4.25233137360974,-12.4202666653406,6.0677450323217));
#5295=CARTESIAN_POINT('Ctrl Pts',(4.23949264611357,-12.4093120251664,6.09322466532696));
#5296=CARTESIAN_POINT('Ctrl Pts',(4.22658456085361,-12.3977163936001,6.11822851941365));
#5297=CARTESIAN_POINT('Ctrl Pts',(4.21370070412556,-12.3856693128589,6.14263405988066));
#5298=CARTESIAN_POINT('',(4.49999999996295,-7.34871621044154,2.80548136904329));
#5299=CARTESIAN_POINT('Ctrl Pts',(4.5,-7.34871621046086,2.80548136893428));
#5300=CARTESIAN_POINT('Ctrl Pts',(4.5,-7.39241842344664,2.81322550985623));
#5301=CARTESIAN_POINT('Ctrl Pts',(4.5,-7.43606742158318,2.82127157762724));
#5302=CARTESIAN_POINT('Ctrl Pts',(4.5,-7.47965942007037,2.82961790440875));
#5303=CARTESIAN_POINT('Ctrl Pts',(4.5,-8.39549634221797,3.00496830118098));
#5304=CARTESIAN_POINT('Ctrl Pts',(4.5,-9.28598647220381,3.31281155852934));
#5305=CARTESIAN_POINT('Ctrl Pts',(4.5,-10.9456977805669,4.16200693617458));
#5306=CARTESIAN_POINT('Ctrl Pts',(4.5,-11.7152808149511,4.70334479078423));
#5307=CARTESIAN_POINT('Ctrl Pts',(4.5,-12.3898403840695,5.34624182908517));
#5308=CARTESIAN_POINT('',(3.99999999866604,-7.18191937826429,3.52420686738334));
#5309=CARTESIAN_POINT('Ctrl Pts',(4.49999999993705,-7.34871621044113,2.80548136902629));
#5310=CARTESIAN_POINT('Ctrl Pts',(4.47131921063903,-7.34975796232523,2.8491804243741));
#5311=CARTESIAN_POINT('Ctrl Pts',(4.44198229373516,-7.34859410364348,2.89351613801931));
#5312=CARTESIAN_POINT('Ctrl Pts',(4.28173315476869,-7.33071543485876,3.13336738109485));
#5313=CARTESIAN_POINT('Ctrl Pts',(4.14198773368758,-7.27503940021558,3.33443920819104));
#5314=CARTESIAN_POINT('Ctrl Pts',(3.99999999775042,-7.18191937853865,3.52420686682423));
#5315=CARTESIAN_POINT('',(0.68628631247828,-4.42474063041252,6.66495841115048));
#5316=CARTESIAN_POINT('Ctrl Pts',(0.686319986527812,-4.42471558646168,6.6649750171267));
#5317=CARTESIAN_POINT('Ctrl Pts',(1.0192934777296,-4.73417069272555,6.45953526251736));
#5318=CARTESIAN_POINT('Ctrl Pts',(1.36431773275701,-5.03757652057935,6.22686530666437));
#5319=CARTESIAN_POINT('Ctrl Pts',(2.05016125752234,-5.63774218663835,5.69111746302377));
#5320=CARTESIAN_POINT('Ctrl Pts',(2.38573330589178,-5.92923286043577,5.38819676598937));
#5321=CARTESIAN_POINT('Ctrl Pts',(3.16199252215762,-6.57889041978411,4.59041236959421));
#5322=CARTESIAN_POINT('Ctrl Pts',(3.58588512495299,-6.91032982507002,4.07767445563788));
#5323=CARTESIAN_POINT('Ctrl Pts',(3.99999999774683,-7.18191937853629,3.52420686682904));
#5324=CARTESIAN_POINT('Origin',(2.44468842702059,1.95855022361033,1.06660976232843));
#5325=CARTESIAN_POINT('Ctrl Pts',(6.00355906600558,-3.75998419146745,31.9183602853704));
#5326=CARTESIAN_POINT('Ctrl Pts',(5.50237271067038,-1.13417875699527,27.5840382745043));
#5327=CARTESIAN_POINT('Ctrl Pts',(5.0011863553352,1.49162667747691,23.2497162636383));
#5328=CARTESIAN_POINT('Ctrl Pts',(4.5,4.1174321119491,18.9153942527723));
#5329=CARTESIAN_POINT('Ctrl Pts',(4.08332495224593,6.30046760993238,15.3119365535872));
#5330=CARTESIAN_POINT('Ctrl Pts',(2.52222143416023,9.91623598822417,5.71167522847146));
#5331=CARTESIAN_POINT('Ctrl Pts',(0.679913607151296,11.4517442493789,0.460376955243513));
#5332=CARTESIAN_POINT('Ctrl Pts',(-4.19123765571898E-9,11.4720267095072,
0.392247708489359));
#5333=CARTESIAN_POINT('Ctrl Pts',(-0.520909667845749,11.4875659328839,0.340051102303367));
#5334=CARTESIAN_POINT('Ctrl Pts',(-1.04181933150026,11.5031051562607,0.287854496117375));
#5335=CARTESIAN_POINT('Ctrl Pts',(-1.56272899515477,11.5186443796374,0.235657889931383));
#5336=CARTESIAN_POINT('Ctrl Pts',(6.49687941919232,-2.76758913986732,19.2742334128663));
#5337=CARTESIAN_POINT('Ctrl Pts',(5.83125294612821,-1.4166802020822,16.5130819044812));
#5338=CARTESIAN_POINT('Ctrl Pts',(5.16562647306411,-0.0657712642970704,
13.7519303960961));
#5339=CARTESIAN_POINT('Ctrl Pts',(4.5,1.28513767348806,10.9907788877109));
#5340=CARTESIAN_POINT('Ctrl Pts',(3.94661314200211,2.40825293824134,8.69521971223592));
#5341=CARTESIAN_POINT('Ctrl Pts',(2.3856211233684,4.31148345094123,2.61284656804979));
#5342=CARTESIAN_POINT('Ctrl Pts',(0.654363767515109,5.03850823926518,-0.392678770232503));
#5343=CARTESIAN_POINT('Ctrl Pts',(-4.03372795329826E-9,4.97004202399383,
-0.204597062192854));
#5344=CARTESIAN_POINT('Ctrl Pts',(-0.501334889023225,4.9175872524262,-0.0604999627377571));
#5345=CARTESIAN_POINT('Ctrl Pts',(-1.00266977401272,4.86513248085856,0.0835971367173402));
#5346=CARTESIAN_POINT('Ctrl Pts',(-1.50400465900222,4.81267770929093,0.227694236172437));
#5347=CARTESIAN_POINT('Ctrl Pts',(6.99019977237905,-1.7751940882672,6.63010654036223));
#5348=CARTESIAN_POINT('Ctrl Pts',(6.16013318158603,-1.69918164716912,5.44212553445801));
#5349=CARTESIAN_POINT('Ctrl Pts',(5.33006659079302,-1.62316920607105,4.25414452855381));
#5350=CARTESIAN_POINT('Ctrl Pts',(4.5,-1.54715676497298,3.0661635226496));
#5351=CARTESIAN_POINT('Ctrl Pts',(3.80990133175828,-1.48396173344971,2.07850287088464));
#5352=CARTESIAN_POINT('Ctrl Pts',(2.24902081257658,-1.29326908634171,-0.48598209237188));
#5353=CARTESIAN_POINT('Ctrl Pts',(0.628813927878923,-1.37472777084849,-1.24573449570852));
#5354=CARTESIAN_POINT('Ctrl Pts',(-3.87621825087755E-9,-1.53194266151953,
-0.801441832875068));
#5355=CARTESIAN_POINT('Ctrl Pts',(-0.481760110200701,-1.65239142803153,
-0.461051027778881));
#5356=CARTESIAN_POINT('Ctrl Pts',(-0.963520216525183,-1.77284019454354,
-0.120660222682695));
#5357=CARTESIAN_POINT('Ctrl Pts',(-1.44528032284967,-1.89328896105555,0.219730582413492));
#5358=CARTESIAN_POINT('Ctrl Pts',(7.48352012556578,-0.782799036667068,-6.01402033214186));
#5359=CARTESIAN_POINT('Ctrl Pts',(6.48901341704385,-1.98168309225605,-5.62883083556516));
#5360=CARTESIAN_POINT('Ctrl Pts',(5.49450670852193,-3.18056714784504,-5.24364133898845));
#5361=CARTESIAN_POINT('Ctrl Pts',(4.5,-4.37945120343402,-4.85845184241175));
#5362=CARTESIAN_POINT('Ctrl Pts',(3.67318952151446,-5.37617640514075,-4.53821397046665));
#5363=CARTESIAN_POINT('Ctrl Pts',(2.11242050178476,-6.89802162362465,-3.58481075279355));
#5364=CARTESIAN_POINT('Ctrl Pts',(0.603264088242736,-7.78796378096216,-2.09879022118453));
#5365=CARTESIAN_POINT('Ctrl Pts',(-3.71870854845684E-9,-8.03392734703289,
-1.39828660355728));
#5366=CARTESIAN_POINT('Ctrl Pts',(-0.462185331378176,-8.22237010848926,
-0.861602092820005));
#5367=CARTESIAN_POINT('Ctrl Pts',(-0.924370659037644,-8.41081286994564,
-0.324917582082729));
#5368=CARTESIAN_POINT('Ctrl Pts',(-1.38655598669711,-8.59925563140202,0.211766928654546));
#5369=CARTESIAN_POINT('Ctrl Pts',(7.62941446304938,-0.489308574252668,-9.75338867809853));
#5370=CARTESIAN_POINT('Ctrl Pts',(6.58627630869959,-2.06522994148471,-8.90295045070101));
#5371=CARTESIAN_POINT('Ctrl Pts',(5.5431381543498,-3.64115130871674,-8.0525122233035));
#5372=CARTESIAN_POINT('Ctrl Pts',(4.5,-5.21707267594878,-7.20207399590598));
#5373=CARTESIAN_POINT('Ctrl Pts',(3.6327584327648,-6.52725820665602,-6.49503880781561));
#5374=CARTESIAN_POINT('Ctrl Pts',(2.07202238783246,-8.55556859671078,-4.50125693521225));
#5375=CARTESIAN_POINT('Ctrl Pts',(0.59570799025802,-9.68461128957888,-2.35107253449467));
#5376=CARTESIAN_POINT('Ctrl Pts',(-3.67212670050861E-9,-9.95682134865632,
-1.5747972053128));
#5377=CARTESIAN_POINT('Ctrl Pts',(-0.456396295168232,-10.1653726233358,
-0.98006088310715));
#5378=CARTESIAN_POINT('Ctrl Pts',(-0.912792586664338,-10.3739238980152,
-0.385324560901499));
#5379=CARTESIAN_POINT('Ctrl Pts',(-1.36918887816044,-10.5824751726947,0.209411761304152));
#5380=CARTESIAN_POINT('Ctrl Pts',(7.77530880053299,-1.7645193046083,-13.0885911451429));
#5381=CARTESIAN_POINT('Ctrl Pts',(6.68353920035533,-3.50785830560607,-11.7906339800268));
#5382=CARTESIAN_POINT('Ctrl Pts',(5.59176960017766,-5.25119730660384,-10.4926768149106));
#5383=CARTESIAN_POINT('Ctrl Pts',(4.5,-6.99453630760161,-9.19471964979444));
#5384=CARTESIAN_POINT('Ctrl Pts',(3.59232734401514,-8.44390908832398,-8.11562729622107));
#5385=CARTESIAN_POINT('Ctrl Pts',(1.96703868068224,-10.5659187467866,-5.71282786222762));
#5386=CARTESIAN_POINT('Ctrl Pts',(0.542617144150489,-11.647880937415,-2.77246951238538));
#5387=CARTESIAN_POINT('Ctrl Pts',(-3.34485410636412E-9,-11.9046238444874,
-1.47771709571037));
#5388=CARTESIAN_POINT('Ctrl Pts',(-0.415721223040472,-12.1013251005553,
-0.485754242438032));
#5389=CARTESIAN_POINT('Ctrl Pts',(-0.831442442736089,-12.2980263566233,
0.506208610834309));
#5390=CARTESIAN_POINT('Ctrl Pts',(-1.24716366243171,-12.4947276126912,1.49817146410665));
#5391=CARTESIAN_POINT('Ctrl Pts',(7.9212031380166,-3.84426810925537,-15.1010627374299));
#5392=CARTESIAN_POINT('Ctrl Pts',(6.78080209201107,-5.63872349024952,-13.4985616656089));
#5393=CARTESIAN_POINT('Ctrl Pts',(5.64040104600553,-7.43317887124367,-11.8960605937879));
#5394=CARTESIAN_POINT('Ctrl Pts',(4.5,-9.22763425223782,-10.2935595219669));
#5395=CARTESIAN_POINT('Ctrl Pts',(3.55189625526548,-10.7195040400101,-8.96127622351121));
#5396=CARTESIAN_POINT('Ctrl Pts',(1.89628474309006,-12.8150925685163,-6.05388553902175));
#5397=CARTESIAN_POINT('Ctrl Pts',(0.512294138779641,-13.6761752986319,-2.6080738080286));
#5398=CARTESIAN_POINT('Ctrl Pts',(-3.15792909787717E-9,-13.8004368770131,
-1.11087886449374));
#5399=CARTESIAN_POINT('Ctrl Pts',(-0.392489526410664,-13.89563876137,0.0361834996822141));
#5400=CARTESIAN_POINT('Ctrl Pts',(-0.784979049663399,-13.990840645727,1.18324586385817));
#5401=CARTESIAN_POINT('Ctrl Pts',(-1.17746857291613,-14.0860425300839,2.33030822803413));
#5402=CARTESIAN_POINT('Ctrl Pts',(7.95497454135316,-4.32568525629418,-15.5669066558351));
#5403=CARTESIAN_POINT('Ctrl Pts',(6.80331636090211,-6.13197298058374,-13.8939102153493));
#5404=CARTESIAN_POINT('Ctrl Pts',(5.65165818045105,-7.93826070487331,-12.2209137748634));
#5405=CARTESIAN_POINT('Ctrl Pts',(4.5,-9.74454842916287,-10.5479173343776));
#5406=CARTESIAN_POINT('Ctrl Pts',(3.54253732722857,-11.2462553606546,-9.15702577416021));
#5407=CARTESIAN_POINT('Ctrl Pts',(1.87990672729254,-13.3357279654604,-6.13283306065082));
#5408=CARTESIAN_POINT('Ctrl Pts',(0.505275014786081,-14.1456818479565,-2.57001973592141));
#5409=CARTESIAN_POINT('Ctrl Pts',(-3.11465997609913E-9,-14.2392768462431,
-1.02596369863214));
#5410=CARTESIAN_POINT('Ctrl Pts',(-0.387111887973078,-14.3109838076333,
0.157000868675028));
#5411=CARTESIAN_POINT('Ctrl Pts',(-0.774223772831497,-14.3826907690235,
1.3399654359822));
#5412=CARTESIAN_POINT('Ctrl Pts',(-1.16133565768992,-14.4543977304137,2.52293000328936));
#5413=CARTESIAN_POINT('Ctrl Pts',(7.98874594468973,-4.807102403333,-16.0327505742404));
#5414=CARTESIAN_POINT('Ctrl Pts',(6.82583062979315,-6.62522247091797,-14.2892587650897));
#5415=CARTESIAN_POINT('Ctrl Pts',(5.66291531489658,-8.44334253850295,-12.545766955939));
#5416=CARTESIAN_POINT('Ctrl Pts',(4.5,-10.2614626060879,-10.8022751467883));
#5417=CARTESIAN_POINT('Ctrl Pts',(3.53317839919166,-11.7730066812991,-9.35277532480921));
#5418=CARTESIAN_POINT('Ctrl Pts',(1.86352871149501,-13.8563633624045,-6.21178058227989));
#5419=CARTESIAN_POINT('Ctrl Pts',(0.49825589079252,-14.6151883972812,-2.53196566381423));
#5420=CARTESIAN_POINT('Ctrl Pts',(-3.0713908543211E-9,-14.6781168154732,
-0.941048532770538));
#5421=CARTESIAN_POINT('Ctrl Pts',(-0.381734249535493,-14.7263288538966,
0.277818237667843));
#5422=CARTESIAN_POINT('Ctrl Pts',(-0.763468495999595,-14.7745408923201,
1.49668500810622));
#5423=CARTESIAN_POINT('Ctrl Pts',(-1.1452027424637,-14.8227529307436,2.7155517785446));
#5424=CARTESIAN_POINT('Ctrl Pts',(8.0225173480263,-5.28851955037181,-16.4985944926456));
#5425=CARTESIAN_POINT('Ctrl Pts',(6.8483448986842,-7.1184719612522,-14.6846073148301));
#5426=CARTESIAN_POINT('Ctrl Pts',(5.6741724493421,-8.94842437213259,-12.8706201370145));
#5427=CARTESIAN_POINT('Ctrl Pts',(4.5,-10.778376783013,-11.056632959199));
#5428=CARTESIAN_POINT('Ctrl Pts',(3.52381947115475,-12.2997580019436,-9.54852487545821));
#5429=CARTESIAN_POINT('Ctrl Pts',(1.84715069569749,-14.3769987593487,-6.29072810390897));
#5430=CARTESIAN_POINT('Ctrl Pts',(0.49123676679896,-15.0846949466059,-2.49391159170704));
#5431=CARTESIAN_POINT('Ctrl Pts',(-3.02812173254306E-9,-15.1169567847032,
-0.856133366908935));
#5432=CARTESIAN_POINT('Ctrl Pts',(-0.376356611097907,-15.1416739001599,
0.398635606660657));
#5433=CARTESIAN_POINT('Ctrl Pts',(-0.752713219167692,-15.1663910156167,
1.65340458023025));
#5434=CARTESIAN_POINT('Ctrl Pts',(-1.12906982723748,-15.1911081310734,2.90817355379984));
#5435=CARTESIAN_POINT('',(4.21370065509336,-9.66937440982219,-9.88129318170295));
#5436=CARTESIAN_POINT('Origin',(4.54762352322366,-0.0174925903214017,0.0537078359953214));
#5437=CARTESIAN_POINT('',(4.50000000008683,-8.91311850858442,-10.1316011018474));
#5438=CARTESIAN_POINT('Ctrl Pts',(4.50000000008683,-8.91311850858436,-10.1316011018474));
#5439=CARTESIAN_POINT('Ctrl Pts',(4.50000293740491,-8.94524163582168,-10.1488915271444));
#5440=CARTESIAN_POINT('Ctrl Pts',(4.49721078869491,-8.97906255065464,-10.1609797854095));
#5441=CARTESIAN_POINT('Ctrl Pts',(4.49199026025834,-9.01412681830574,-10.1681910131558));
#5442=CARTESIAN_POINT('Ctrl Pts',(4.4909181738939,-9.02132760720752,-10.1696719090137));
#5443=CARTESIAN_POINT('Ctrl Pts',(4.48974351565464,-9.02858089511985,-10.1709471655612));
#5444=CARTESIAN_POINT('Ctrl Pts',(4.48846923758319,-9.03588284414928,-10.1720196578781));
#5445=CARTESIAN_POINT('Ctrl Pts',(4.48343722995193,-9.06471757344609,-10.1762548320082));
#5446=CARTESIAN_POINT('Ctrl Pts',(4.47698465120434,-9.09356741302568,-10.1772258892775));
#5447=CARTESIAN_POINT('Ctrl Pts',(4.4695109481483,-9.12206292255576,-10.1755789674372));
#5448=CARTESIAN_POINT('Ctrl Pts',(4.46396167777274,-9.14322101322192,-10.1743561178659));
#5449=CARTESIAN_POINT('Ctrl Pts',(4.45784818504783,-9.16418440570361,-10.1716902940932));
#5450=CARTESIAN_POINT('Ctrl Pts',(4.4513197353269,-9.18481184525832,-10.1678514097085));
#5451=CARTESIAN_POINT('Ctrl Pts',(4.44142701852136,-9.21606910029763,-10.1620342559139));
#5452=CARTESIAN_POINT('Ctrl Pts',(4.43049481185591,-9.24682577449571,-10.1534885559702));
#5453=CARTESIAN_POINT('Ctrl Pts',(4.41890544992044,-9.27676698809455,-10.1429055002536));
#5454=CARTESIAN_POINT('Ctrl Pts',(4.40648488448456,-9.30885562289644,-10.1315634145744));
#5455=CARTESIAN_POINT('Ctrl Pts',(4.39330890390004,-9.34000750526329,-10.1178812343195));
#5456=CARTESIAN_POINT('Ctrl Pts',(4.37980399023298,-9.36987053026541,-10.1027282483081));
#5457=CARTESIAN_POINT('Ctrl Pts',(4.37500382733685,-9.38048499164704,-10.09734229746));
#5458=CARTESIAN_POINT('Ctrl Pts',(4.37016176641261,-9.39093694157839,-10.0917706918225));
#5459=CARTESIAN_POINT('Ctrl Pts',(4.36529592016131,-9.40121158664214,-10.0860529751875));
#5460=CARTESIAN_POINT('Ctrl Pts',(4.34821559258236,-9.4372781399985,-10.0659823712092));
#5461=CARTESIAN_POINT('Ctrl Pts',(4.33026592678629,-9.47237662013861,-10.0434397068624));
#5462=CARTESIAN_POINT('Ctrl Pts',(4.31181485151366,-9.50625727977089,-10.0191206937439));
#5463=CARTESIAN_POINT('Ctrl Pts',(4.29241319036566,-9.54188344615653,-9.99354878289279));
#5464=CARTESIAN_POINT('Ctrl Pts',(4.27245653885854,-9.57616287858617,-9.96601276941853));
#5465=CARTESIAN_POINT('Ctrl Pts',(4.25233137360979,-9.60884192646592,-9.9373392136741));
#5466=CARTESIAN_POINT('Ctrl Pts',(4.2394926461208,-9.62968932747565,-9.91904709215395));
#5467=CARTESIAN_POINT('Ctrl Pts',(4.22658456086809,-9.64988615861186,-9.90029237536534));
#5468=CARTESIAN_POINT('Ctrl Pts',(4.21370070414721,-9.66937445421499,-9.88129319397386));
#5469=CARTESIAN_POINT('',(4.49999999998706,-4.93904953316793,-6.12210301792863));
#5470=CARTESIAN_POINT('Ctrl Pts',(4.5,-4.93904953313382,-6.1221030179468));
#5471=CARTESIAN_POINT('Ctrl Pts',(4.5,-4.95991938053354,-6.1612732310074));
#5472=CARTESIAN_POINT('Ctrl Pts',(4.5,-4.98105992807715,-6.20029952338776));
#5473=CARTESIAN_POINT('Ctrl Pts',(4.5,-5.00246841955179,-6.23917881107642));
#5474=CARTESIAN_POINT('Ctrl Pts',(4.5,-5.4522457300566,-7.05600523117559));
#5475=CARTESIAN_POINT('Ctrl Pts',(4.5,-6.02019864944407,-7.80778287387076));
#5476=CARTESIAN_POINT('Ctrl Pts',(4.5,-7.34071044700178,-9.12384632562122));
#5477=CARTESIAN_POINT('Ctrl Pts',(4.5,-8.09336757735286,-9.68848068852962));
#5478=CARTESIAN_POINT('Ctrl Pts',(4.5,-8.91324936551169,-10.1313588519006));
#5479=CARTESIAN_POINT('',(3.99999999866598,-5.57105482701957,-5.74137162308294));
#5480=CARTESIAN_POINT('Ctrl Pts',(4.49999999997802,-4.93904953316224,-6.12210301793033));
#5481=CARTESIAN_POINT('Ctrl Pts',(4.37643886868157,-5.11948427541941,-6.06819520291627));
#5482=CARTESIAN_POINT('Ctrl Pts',(4.23715689081841,-5.30371806874989,-5.96981571117062));
#5483=CARTESIAN_POINT('Ctrl Pts',(4.06034247322725,-5.50547012803503,-5.80259032731318));
#5484=CARTESIAN_POINT('Ctrl Pts',(4.03011649282383,-5.53887745017724,-5.77259446369697));
#5485=CARTESIAN_POINT('Ctrl Pts',(3.99999999774682,-5.57105482657632,-5.74137162351303));
#5486=CARTESIAN_POINT('',(0.686286155454575,-7.70607226467973,-2.14859282992095));
#5487=CARTESIAN_POINT('Ctrl Pts',(0.686320120574319,-7.70608035150034,-2.14856361698239));
#5488=CARTESIAN_POINT('Ctrl Pts',(1.01929327028609,-7.60632264595627,-2.50635655759058));
#5489=CARTESIAN_POINT('Ctrl Pts',(1.36431749991451,-7.47879807147662,-2.86681152957372));
#5490=CARTESIAN_POINT('Ctrl Pts',(2.05016094160412,-7.15473277303222,-3.60315893691643));
#5491=CARTESIAN_POINT('Ctrl Pts',(2.38573287326664,-6.95671334644117,-3.97399123964715));
#5492=CARTESIAN_POINT('Ctrl Pts',(3.16199183481815,-6.39873034426597,-4.83838142572956));
#5493=CARTESIAN_POINT('Ctrl Pts',(3.5858848769052,-6.01350797716076,-5.31204376917199));
#5494=CARTESIAN_POINT('Ctrl Pts',(3.99999999774673,-5.57105482657643,-5.74137162351293));
#5495=CARTESIAN_POINT('Origin',(2.44468842702059,-0.409180861374034,2.19229249558165));
#5496=CARTESIAN_POINT('Ctrl Pts',(6.01376073253542,-31.412084307546,6.24204032958026));
#5497=CARTESIAN_POINT('Ctrl Pts',(5.50917382169028,-26.487188418284,7.3945077123854));
#5498=CARTESIAN_POINT('Ctrl Pts',(5.00458691084514,-21.562292529022,8.54697509519054));
#5499=CARTESIAN_POINT('Ctrl Pts',(4.5,-16.63739663976,9.69944247799568));
#5500=CARTESIAN_POINT('Ctrl Pts',(4.08168610430846,-12.5545472018667,10.6548638537725));
#5501=CARTESIAN_POINT('Ctrl Pts',(2.52058389708216,-2.35326890544688,11.1205296589577));
#5502=CARTESIAN_POINT('Ctrl Pts',(0.679607325624911,3.08690765033748,10.9572436245539));
#5503=CARTESIAN_POINT('Ctrl Pts',(-4.18863752973193E-9,3.15472024665035,
10.955417582577));
#5504=CARTESIAN_POINT('Ctrl Pts',(-0.520674918586952,3.20667424454207,10.9540185772863));
#5505=CARTESIAN_POINT('Ctrl Pts',(-1.04134983298527,3.25862824243379,10.9526195719955));
#5506=CARTESIAN_POINT('Ctrl Pts',(-1.56202474738358,3.3105822403255,10.9512205667048));
#5507=CARTESIAN_POINT('Ctrl Pts',(6.50650560887301,-19.113371480439,3.29662085453618));
#5508=CARTESIAN_POINT('Ctrl Pts',(5.83767040591534,-16.0764094140244,3.7235733658587));
#5509=CARTESIAN_POINT('Ctrl Pts',(5.16883520295767,-13.0394473476097,4.15052587718123));
#5510=CARTESIAN_POINT('Ctrl Pts',(4.5,-10.002485281195,4.57747838850376));
#5511=CARTESIAN_POINT('Ctrl Pts',(3.94552057671046,-7.48477543624182,4.93143162123322));
#5512=CARTESIAN_POINT('Ctrl Pts',(2.38452942339882,-1.14292863750541,4.85762767453203));
#5513=CARTESIAN_POINT('Ctrl Pts',(0.654159579831003,1.92109008565856,4.61971056685975));
#5514=CARTESIAN_POINT('Ctrl Pts',(-4.03178387485686E-9,1.71888999915202,
4.61267396227017));
#5515=CARTESIAN_POINT('Ctrl Pts',(-0.501178361575455,1.56397625982844,4.60728293228622));
#5516=CARTESIAN_POINT('Ctrl Pts',(-1.00235671911913,1.40906252050486,4.60189190230227));
#5517=CARTESIAN_POINT('Ctrl Pts',(-1.5035350766628,1.25414878118129,4.59650087231832));
#5518=CARTESIAN_POINT('Ctrl Pts',(6.9992504852106,-6.81465865333201,0.351201379492094));
#5519=CARTESIAN_POINT('Ctrl Pts',(6.1661669901404,-5.66563040976469,0.052639019332007));
#5520=CARTESIAN_POINT('Ctrl Pts',(5.3330834950702,-4.51660216619736,-0.245923340828075));
#5521=CARTESIAN_POINT('Ctrl Pts',(4.5,-3.36757392263003,-0.544485700988162));
#5522=CARTESIAN_POINT('Ctrl Pts',(3.80935504911246,-2.41500367061696,-0.79200061130607));
#5523=CARTESIAN_POINT('Ctrl Pts',(2.24847494971549,0.0674116304360635,-1.40527430989359));
#5524=CARTESIAN_POINT('Ctrl Pts',(0.628711834037096,0.755272520979642,-1.71782249083441));
#5525=CARTESIAN_POINT('Ctrl Pts',(-3.8749302199818E-9,0.283059751653684,
-1.73006965803665));
#5526=CARTESIAN_POINT('Ctrl Pts',(-0.481681804563957,-0.078721724885186,
-1.73945271271382));
#5527=CARTESIAN_POINT('Ctrl Pts',(-0.963363605252984,-0.440503201424056,
-1.748835767391));
#5528=CARTESIAN_POINT('Ctrl Pts',(-1.44504540594201,-0.802284677962926,
-1.75821882206817));
#5529=CARTESIAN_POINT('Ctrl Pts',(7.49199536154818,5.484054173775,-2.59421809555199));
#5530=CARTESIAN_POINT('Ctrl Pts',(6.49466357436546,4.74514859449499,-3.61829532719469));
#5531=CARTESIAN_POINT('Ctrl Pts',(5.49733178718273,4.00624301521498,-4.64237255883738));
#5532=CARTESIAN_POINT('Ctrl Pts',(4.5,3.26733743593497,-5.66644979048008));
#5533=CARTESIAN_POINT('Ctrl Pts',(3.67318952151446,2.6547680950079,-6.51543284384536));
#5534=CARTESIAN_POINT('Ctrl Pts',(2.11242047603216,1.27775189837753,-7.66817629431922));
#5535=CARTESIAN_POINT('Ctrl Pts',(0.603264088243188,-0.410545043699278,
-8.05535554852857));
#5536=CARTESIAN_POINT('Ctrl Pts',(-3.71807656510673E-9,-1.15277049584465,
-8.07281327834347));
#5537=CARTESIAN_POINT('Ctrl Pts',(-0.462185247552459,-1.72141970959881,
-8.08618835771387));
#5538=CARTESIAN_POINT('Ctrl Pts',(-0.924370491386842,-2.29006892335298,
-8.09956343708427));
#5539=CARTESIAN_POINT('Ctrl Pts',(-1.38655573522123,-2.85871813710714,-8.11293851645467));
#5540=CARTESIAN_POINT('Ctrl Pts',(7.63830414222609,9.13586216621165,-3.46878981140973));
#5541=CARTESIAN_POINT('Ctrl Pts',(6.59220276148406,7.83637988915967,-4.7082912946434));
#5542=CARTESIAN_POINT('Ctrl Pts',(5.54610138074203,6.5368976121077,-5.94779277787707));
#5543=CARTESIAN_POINT('Ctrl Pts',(4.5,5.23741533505572,-7.18729426111074));
#5544=CARTESIAN_POINT('Ctrl Pts',(3.63275843177629,4.16011530603742,-8.2148688632709));
#5545=CARTESIAN_POINT('Ctrl Pts',(2.07202236109215,1.6371334309144,-9.52779492629217));
#5546=CARTESIAN_POINT('Ctrl Pts',(0.595707990073722,-0.756706626644292,
-9.93713408891449));
#5547=CARTESIAN_POINT('Ctrl Pts',(-3.67150263183681E-9,-1.57910587315666,
-9.9561389704079));
#5548=CARTESIAN_POINT('Ctrl Pts',(-0.456396212250923,-2.20917950316966,
-9.97069938582815));
#5549=CARTESIAN_POINT('Ctrl Pts',(-0.912792420830343,-2.83925313318265,
-9.9852598012484));
#5550=CARTESIAN_POINT('Ctrl Pts',(-1.36918862940976,-3.46932676319565,-9.99982021666866));
#5551=CARTESIAN_POINT('Ctrl Pts',(7.78461292290401,11.9178344718585,-5.71204322717044));
#5552=CARTESIAN_POINT('Ctrl Pts',(6.68974194860267,10.1396454870499,-6.9725368437397));
#5553=CARTESIAN_POINT('Ctrl Pts',(5.59487097430134,8.36145650224123,-8.23303046030896));
#5554=CARTESIAN_POINT('Ctrl Pts',(4.5,6.58326751743261,-9.49352407687822));
#5555=CARTESIAN_POINT('Ctrl Pts',(3.59232734203812,5.10910886304895,-10.5385016296218));
#5556=CARTESIAN_POINT('Ctrl Pts',(1.96703852409697,2.16817338084002,-11.814147883559));
#5557=CARTESIAN_POINT('Ctrl Pts',(0.542617141554858,-0.962617972201274,
-11.9345333599417));
#5558=CARTESIAN_POINT('Ctrl Pts',(-3.34428564114345E-9,-2.27333864041722,
-11.7786098659114));
#5559=CARTESIAN_POINT('Ctrl Pts',(-0.415721145652935,-3.27753524305051,
-11.6591505129211));
#5560=CARTESIAN_POINT('Ctrl Pts',(-0.831442287961585,-4.28173184568379,
-11.5396911599309));
#5561=CARTESIAN_POINT('Ctrl Pts',(-1.24716343027023,-5.28592844831707,-11.4202318069407));
#5562=CARTESIAN_POINT('Ctrl Pts',(7.93092170358192,13.1917338526765,-8.31227759174106));
#5563=CARTESIAN_POINT('Ctrl Pts',(6.78728113572128,11.1072429296039,-9.52714729154691));
#5564=CARTESIAN_POINT('Ctrl Pts',(5.64364056786064,9.02275200653132,-10.7420169913528));
#5565=CARTESIAN_POINT('Ctrl Pts',(4.5,6.93826108345872,-11.9568866911586));
#5566=CARTESIAN_POINT('Ctrl Pts',(3.55189625229995,5.21017123446982,-12.9640409909644));
#5567=CARTESIAN_POINT('Ctrl Pts',(1.89628458645042,1.79750595848451,-14.0586317369911));
#5568=CARTESIAN_POINT('Ctrl Pts',(0.512294136555936,-1.74574505266322,-13.8127549027868));
#5569=CARTESIAN_POINT('Ctrl Pts',(-3.15739240152474E-9,-3.20806101046254,
-13.468275991357));
#5570=CARTESIAN_POINT('Ctrl Pts',(-0.392489453521584,-4.32840095199809,
-13.2043566369705));
#5571=CARTESIAN_POINT('Ctrl Pts',(-0.784978903885776,-5.44874089353365,
-12.940437282584));
#5572=CARTESIAN_POINT('Ctrl Pts',(-1.17746835424997,-6.56908083506921,-12.6765179281975));
#5573=CARTESIAN_POINT('Ctrl Pts',(7.96478889280211,13.4866128830241,-8.91417331415578));
#5574=CARTESIAN_POINT('Ctrl Pts',(6.80985926186807,11.3312199563012,-10.1184821042552));
#5575=CARTESIAN_POINT('Ctrl Pts',(5.65492963093404,9.17582702957833,-11.3227908943547));
#5576=CARTESIAN_POINT('Ctrl Pts',(4.5,7.02043410285543,-12.5270996844541));
#5577=CARTESIAN_POINT('Ctrl Pts',(3.54253736515595,5.2335648984734,-13.5254987526311));
#5578=CARTESIAN_POINT('Ctrl Pts',(1.87990664260285,1.71170479417634,-14.578179224255));
#5579=CARTESIAN_POINT('Ctrl Pts',(0.505275043489445,-1.92702134308522,-14.2475209099549));
#5580=CARTESIAN_POINT('Ctrl Pts',(-3.11413082364259E-9,-3.42442819791355,
-13.8593956639034));
#5581=CARTESIAN_POINT('Ctrl Pts',(-0.387111839753825,-4.57165270794214,
-13.5620370710832));
#5582=CARTESIAN_POINT('Ctrl Pts',(-0.77422367639352,-5.71887721797073,-13.264678478263));
#5583=CARTESIAN_POINT('Ctrl Pts',(-1.16133551303321,-6.86610172799932,-12.9673198854428));
#5584=CARTESIAN_POINT('Ctrl Pts',(7.9986560820223,13.7814919133717,-9.51606903657049));
#5585=CARTESIAN_POINT('Ctrl Pts',(6.83243738801486,11.5551969829985,-10.7098169169635));
#5586=CARTESIAN_POINT('Ctrl Pts',(5.66621869400743,9.32890205262534,-11.9035647973566));
#5587=CARTESIAN_POINT('Ctrl Pts',(4.5,7.10260712225214,-13.0973126777497));
#5588=CARTESIAN_POINT('Ctrl Pts',(3.53317847801195,5.25695856247697,-14.0869565142978));
#5589=CARTESIAN_POINT('Ctrl Pts',(1.86352869875528,1.62590362986818,-15.0977267115188));
#5590=CARTESIAN_POINT('Ctrl Pts',(0.498255950422953,-2.10829763350722,-14.682286917123));
#5591=CARTESIAN_POINT('Ctrl Pts',(-3.07086924576043E-9,-3.64079538536456,
-14.2505153364498));
#5592=CARTESIAN_POINT('Ctrl Pts',(-0.381734225986066,-4.81490446388618,
-13.9197175051959));
#5593=CARTESIAN_POINT('Ctrl Pts',(-0.763468448901263,-5.98901354240781,
-13.5889196739419));
#5594=CARTESIAN_POINT('Ctrl Pts',(-1.14520267181646,-7.16312262092944,-13.258121842688));
#5595=CARTESIAN_POINT('Ctrl Pts',(8.03252327124249,14.0763709437194,-10.1179647589852));
#5596=CARTESIAN_POINT('Ctrl Pts',(6.85501551416166,11.7791740096959,-11.3011517296719));
#5597=CARTESIAN_POINT('Ctrl Pts',(5.67750775708083,9.48197707567236,-12.4843387003585));
#5598=CARTESIAN_POINT('Ctrl Pts',(4.5,7.18478014164885,-13.6675256710452));
#5599=CARTESIAN_POINT('Ctrl Pts',(3.52381959086795,5.28035222648054,-14.6484142759644));
#5600=CARTESIAN_POINT('Ctrl Pts',(1.84715075490771,1.54010246556001,-15.6172741987826));
#5601=CARTESIAN_POINT('Ctrl Pts',(0.491236857356462,-2.28957392392922,-15.1170529242911));
#5602=CARTESIAN_POINT('Ctrl Pts',(-3.02760766787827E-9,-3.85716257281557,
-14.6416350089962));
#5603=CARTESIAN_POINT('Ctrl Pts',(-0.376356612218307,-5.05815621983023,
-14.2773979393086));
#5604=CARTESIAN_POINT('Ctrl Pts',(-0.752713221409006,-6.25914986684489,
-13.9131608696209));
#5605=CARTESIAN_POINT('Ctrl Pts',(-1.12906983059971,-7.46014351385955,-13.5489237999332));
#5606=CARTESIAN_POINT('',(4.21370065509258,6.40966725226924,-12.2496090605074));
#5607=CARTESIAN_POINT('Origin',(4.54762352322366,-0.0564846950844137,-3.98079583937725E-5));
#5608=CARTESIAN_POINT('',(4.50000000008695,6.88142015638493,-11.6077163587989));
#5609=CARTESIAN_POINT('Ctrl Pts',(4.50000000008695,6.88142015638493,-11.6077163587989));
#5610=CARTESIAN_POINT('Ctrl Pts',(4.50000293740502,6.88793773580671,-11.6436103035514));
#5611=CARTESIAN_POINT('Ctrl Pts',(4.49721078869299,6.88898311514991,-11.6795113822398));
#5612=CARTESIAN_POINT('Ctrl Pts',(4.49199026025275,6.8850059456839,-11.7150878744151));
#5613=CARTESIAN_POINT('Ctrl Pts',(4.49091817388985,6.88418919519661,-11.7223938535966));
#5614=CARTESIAN_POINT('Ctrl Pts',(4.48974351565249,6.88316064701756,-11.7296862162627));
#5615=CARTESIAN_POINT('Ctrl Pts',(4.48846923758329,6.8819242214842,-11.7369622008082));
#5616=CARTESIAN_POINT('Ctrl Pts',(4.48343722995199,6.87704169005735,-11.765694398782));
#5617=CARTESIAN_POINT('Ctrl Pts',(4.47698465120434,6.8690501296858,-11.7934322999071));
#5618=CARTESIAN_POINT('Ctrl Pts',(4.46951094814823,6.85867821722956,-11.820024213094));
#5619=CARTESIAN_POINT('Ctrl Pts',(4.46396167777271,6.85097700859193,-11.8397688717951));
#5620=CARTESIAN_POINT('Ctrl Pts',(4.45784818504785,6.84196361498513,-11.8588824579685));
#5621=CARTESIAN_POINT('Ctrl Pts',(4.45131973532698,6.83193838960301,-11.877314038257));
#5622=CARTESIAN_POINT('Ctrl Pts',(4.44142701852141,6.81674692457568,-11.9052438549623));
#5623=CARTESIAN_POINT('Ctrl Pts',(4.43049481185594,6.79911514594028,-11.9318544238665));
#5624=CARTESIAN_POINT('Ctrl Pts',(4.41890544992045,6.77979771800442,-11.9570598660967));
#5625=CARTESIAN_POINT('Ctrl Pts',(4.40648488448457,6.75909482003077,-11.9840730740975));
#5626=CARTESIAN_POINT('Ctrl Pts',(4.39330890390007,6.73645583228414,-12.0094722485984));
#5627=CARTESIAN_POINT('Ctrl Pts',(4.37980399023301,6.71281630396753,-12.0331911429299));
#5628=CARTESIAN_POINT('Ctrl Pts',(4.37500382733688,6.70441391136399,-12.0416217452509));
#5629=CARTESIAN_POINT('Ctrl Pts',(4.37016176641263,6.69588516936303,-12.0498404195132));
#5630=CARTESIAN_POINT('Ctrl Pts',(4.36529592016133,6.68727225776313,-12.0578453160445));
#5631=CARTESIAN_POINT('Ctrl Pts',(4.34821559258248,6.65703880114814,-12.0859444889175));
#5632=CARTESIAN_POINT('Ctrl Pts',(4.33026592678651,6.62475342648663,-12.112359060785));
#5633=CARTESIAN_POINT('Ctrl Pts',(4.311814851514,6.59115497098363,-12.1370664945645));
#5634=CARTESIAN_POINT('Ctrl Pts',(4.29241319036598,6.55582554767693,-12.1630468372246));
#5635=CARTESIAN_POINT('Ctrl Pts',(4.27245653885884,6.51904431545111,-12.1871394186909));
#5636=CARTESIAN_POINT('Ctrl Pts',(4.25233137361006,6.48167576226012,-12.2093584241091));
#5637=CARTESIAN_POINT('Ctrl Pts',(4.23949264612054,6.45783671969,-12.2235329042749));
#5638=CARTESIAN_POINT('Ctrl Pts',(4.2265845608673,6.43375876002232,-12.2369457059237));
#5639=CARTESIAN_POINT('Ctrl Pts',(4.2137007041459,6.40966725022192,-12.2496091065198));
#5640=CARTESIAN_POINT('',(4.49999999996854,4.29621572679061,-6.58914911672446));
#5641=CARTESIAN_POINT('Ctrl Pts',(4.5,6.88114932597984,-11.6077659517819));
#5642=CARTESIAN_POINT('Ctrl Pts',(4.5,6.71172452414515,-10.6825264327595));
#5643=CARTESIAN_POINT('Ctrl Pts',(4.5,6.45174041136194,-9.81710184440107));
#5644=CARTESIAN_POINT('Ctrl Pts',(4.5,5.85836491132075,-8.72442749779709));
#5645=CARTESIAN_POINT('Ctrl Pts',(4.5,5.52911391892239,-8.11812657542564));
#5646=CARTESIAN_POINT('Ctrl Pts',(4.5,5.125344839766,-7.52961868848117));
#5647=CARTESIAN_POINT('Ctrl Pts',(4.5,4.66914609759306,-6.9988298754393));
#5648=CARTESIAN_POINT('Ctrl Pts',(4.5,4.54875254226209,-6.85875155775776));
#5649=CARTESIAN_POINT('Ctrl Pts',(4.5,4.42439232766978,-6.72210558003655));
#5650=CARTESIAN_POINT('Ctrl Pts',(4.5,4.29621572684225,-6.58914911664257));
#5651=CARTESIAN_POINT('',(3.99999999866599,3.73881826005802,-7.0725694071007));
#5652=CARTESIAN_POINT('Ctrl Pts',(4.49999999994654,4.29621572679882,-6.58914911671258));
#5653=CARTESIAN_POINT('Ctrl Pts',(4.39740624449151,4.20735056969674,-6.7178013105631));
#5654=CARTESIAN_POINT('Ctrl Pts',(4.28278221993992,4.08758432115485,-6.84110178802376));
#5655=CARTESIAN_POINT('Ctrl Pts',(4.10699127249762,3.87669624808983,-6.99347751421547));
#5656=CARTESIAN_POINT('Ctrl Pts',(4.05350983994303,3.80924562753261,-7.03533893095407));
#5657=CARTESIAN_POINT('Ctrl Pts',(3.99999999774678,3.73881826060398,-7.07256940681209));
#5658=CARTESIAN_POINT('',(0.68628631381473,-0.33787389785282,-7.99286190923913));
#5659=CARTESIAN_POINT('Ctrl Pts',(0.686320263202455,-0.33790416507172,-7.99286061277358));
#5660=CARTESIAN_POINT('Ctrl Pts',(1.01929338747059,0.033203962606613,-8.0085494866461));
#5661=CARTESIAN_POINT('Ctrl Pts',(1.36431756437996,0.41542422449468,-7.99865311140641));
#5662=CARTESIAN_POINT('Ctrl Pts',(2.05016096109559,1.21587380326841,-7.91799256415339));
#5663=CARTESIAN_POINT('Ctrl Pts',(2.38573289970323,1.62974761147892,-7.84425838843662));
#5664=CARTESIAN_POINT('Ctrl Pts',(3.16199187659333,2.6242577460136,-7.58069628229039));
#5665=CARTESIAN_POINT('Ctrl Pts',(3.58588489198106,3.19377766105855,-7.36069775580901));
#5666=CARTESIAN_POINT('Ctrl Pts',(3.99999999774673,3.73881826060391,-7.07256940681212));
#5667=CARTESIAN_POINT('Origin',(2.44468842702059,-2.21143790348544,0.288301513222354));
#5668=CARTESIAN_POINT('Ctrl Pts',(6.10893116467232,-14.4469537923978,-26.0316948317345));
#5669=CARTESIAN_POINT('Ctrl Pts',(5.57262077644821,-14.0002105361481,-21.3430508264244));
#5670=CARTESIAN_POINT('Ctrl Pts',(5.03631038822411,-13.5534672798985,-16.6544068211143));
#5671=CARTESIAN_POINT('Ctrl Pts',(4.5,-13.1067240236488,-11.9657628158042));
#5672=CARTESIAN_POINT('Ctrl Pts',(4.05691371399031,-12.7376358714186,-8.09212190869136));
#5673=CARTESIAN_POINT('Ctrl Pts',(2.49583128743797,-10.1517900088978,1.05574005476485));
#5674=CARTESIAN_POINT('Ctrl Pts',(0.674977655379302,-8.4360449872896,5.7637936135947));
#5675=CARTESIAN_POINT('Ctrl Pts',(-4.16080849037624E-9,-8.42763136222415,
5.78071126284166));
#5676=CARTESIAN_POINT('Ctrl Pts',(-0.51712804875742,-8.42118533928313,5.79367256719091));
#5677=CARTESIAN_POINT('Ctrl Pts',(-1.03425609335403,-8.41473931634212,5.80663387154017));
#5678=CARTESIAN_POINT('Ctrl Pts',(-1.55138413795064,-8.4082932934011,5.81959517588942));
#5679=CARTESIAN_POINT('Ctrl Pts',(6.57338984266715,-8.24656763810062,-15.8796212536099));
#5680=CARTESIAN_POINT('Ctrl Pts',(5.88225989511144,-7.69934189826051,-13.0947622085464));
#5681=CARTESIAN_POINT('Ctrl Pts',(5.19112994755572,-7.15211615842041,-10.3099031634829));
#5682=CARTESIAN_POINT('Ctrl Pts',(4.5,-6.60489041858031,-7.52504411841936));
#5683=CARTESIAN_POINT('Ctrl Pts',(3.92900564983169,-6.1527861409109,-5.2242629319433));
#5684=CARTESIAN_POINT('Ctrl Pts',(2.36802754256995,-4.20528540245208,0.31903273791495));
#5685=CARTESIAN_POINT('Ctrl Pts',(0.651073133000447,-3.11261899484544,2.88263130930606));
#5686=CARTESIAN_POINT('Ctrl Pts',(-4.01344184306977E-9,-3.17792890835865,
2.65681204613095));
#5687=CARTESIAN_POINT('Ctrl Pts',(-0.498813814329435,-3.22796550940833,
2.48380265486079));
#5688=CARTESIAN_POINT('Ctrl Pts',(-0.997627624645429,-3.27800211045802,
2.31079326359064));
#5689=CARTESIAN_POINT('Ctrl Pts',(-1.49644143496142,-3.32803871150771,2.13778387232048));
#5690=CARTESIAN_POINT('Ctrl Pts',(7.03784852066198,-2.04618148380345,-5.72754767548529));
#5691=CARTESIAN_POINT('Ctrl Pts',(6.19189901377466,-1.39847326037289,-4.84647359066836));
#5692=CARTESIAN_POINT('Ctrl Pts',(5.34594950688733,-0.750765036942331,-3.96539950585144));
#5693=CARTESIAN_POINT('Ctrl Pts',(4.5,-0.103056813511774,-3.08432542103451));
#5694=CARTESIAN_POINT('Ctrl Pts',(3.80109758567308,0.432063589596768,-2.35640395519524));
#5695=CARTESIAN_POINT('Ctrl Pts',(2.24022379770193,1.74121920399364,-0.417674578934951));
#5696=CARTESIAN_POINT('Ctrl Pts',(0.627168610621592,2.21080699759872,0.0014690050174071));
#5697=CARTESIAN_POINT('Ctrl Pts',(-3.8660751957633E-9,2.07177354550685,
-0.467087170579754));
#5698=CARTESIAN_POINT('Ctrl Pts',(-0.480499579901451,1.96525432046646,-0.826067257469323));
#5699=CARTESIAN_POINT('Ctrl Pts',(-0.960999155936827,1.85873509542607,-1.18504734435889));
#5700=CARTESIAN_POINT('Ctrl Pts',(-1.4414987319722,1.75221587038569,-1.54402743124846));
#5701=CARTESIAN_POINT('Ctrl Pts',(7.50230719865682,4.15420467049372,4.42452590263934));
#5702=CARTESIAN_POINT('Ctrl Pts',(6.50153813243788,4.90239537751474,3.40181502720967));
#5703=CARTESIAN_POINT('Ctrl Pts',(5.50076906621894,5.65058608453575,2.37910415178001));
#5704=CARTESIAN_POINT('Ctrl Pts',(4.5,6.39877679155676,1.35639327635034));
#5705=CARTESIAN_POINT('Ctrl Pts',(3.67318952151446,7.01691332010444,0.511455021552826));
#5706=CARTESIAN_POINT('Ctrl Pts',(2.1124200528339,7.68772381043936,-1.15438189578485));
#5707=CARTESIAN_POINT('Ctrl Pts',(0.603264088242737,7.53423299004288,-2.87969329927124));
#5708=CARTESIAN_POINT('Ctrl Pts',(-3.71870854845684E-9,7.32147599937234,
-3.59098638729046));
#5709=CARTESIAN_POINT('Ctrl Pts',(-0.462185345473467,7.15847415034126,-4.13593716979944));
#5710=CARTESIAN_POINT('Ctrl Pts',(-0.924370687228225,6.99547230131017,-4.68088795230842));
#5711=CARTESIAN_POINT('Ctrl Pts',(-1.38655602898298,6.83247045227908,-5.2258387348174));
#5712=CARTESIAN_POINT('Ctrl Pts',(7.64912028787029,6.11411604422187,7.63354611163096));
#5713=CARTESIAN_POINT('Ctrl Pts',(6.59941352524686,6.89406876695426,6.00905823330706));
#5714=CARTESIAN_POINT('Ctrl Pts',(5.54970676262343,7.67402148968665,4.38457035498315));
#5715=CARTESIAN_POINT('Ctrl Pts',(4.5,8.45397421241904,2.76008247665925));
#5716=CARTESIAN_POINT('Ctrl Pts',(3.63275841553209,9.09835172731855,1.41797104924917));
#5717=CARTESIAN_POINT('Ctrl Pts',(2.07202192166294,9.56738448351252,-1.38725143220916));
#5718=CARTESIAN_POINT('Ctrl Pts',(0.59570798703743,9.21694159724156,-3.79041444295656));
#5719=CARTESIAN_POINT('Ctrl Pts',(-3.67212668065431E-9,8.98088096093088,
-4.57843546753339));
#5720=CARTESIAN_POINT('Ctrl Pts',(-0.456396306619547,8.80002523402467,-5.1821706664407));
#5721=CARTESIAN_POINT('Ctrl Pts',(-0.912792609566968,8.61916950711847,-5.78590586534801));
#5722=CARTESIAN_POINT('Ctrl Pts',(-1.36918891251439,8.43831378021227,-6.38964106425531));
#5723=CARTESIAN_POINT('Ctrl Pts',(7.79593337708377,9.1085782341926,9.5909302312763));
#5724=CARTESIAN_POINT('Ctrl Pts',(6.69728891805585,9.76012601412285,7.50308670437524));
#5725=CARTESIAN_POINT('Ctrl Pts',(5.59864445902792,10.4116737940531,5.41524317747419));
#5726=CARTESIAN_POINT('Ctrl Pts',(4.5,11.0632215739833,3.32739965057313));
#5727=CARTESIAN_POINT('Ctrl Pts',(3.59232730954971,11.6015141230483,1.6024753261213));
#5728=CARTESIAN_POINT('Ctrl Pts',(1.96703595091582,11.9059404757939,-1.5887278602791));
#5729=CARTESIAN_POINT('Ctrl Pts',(0.542617098893271,11.0529518837389,-4.60347837665984));
#5730=CARTESIAN_POINT('Ctrl Pts',(-3.34485382738103E-9,10.4996246124008,
-5.80186512948127));
#5731=CARTESIAN_POINT('Ctrl Pts',(-0.415721201045333,10.0756979152653,-6.71999832899971));
#5732=CARTESIAN_POINT('Ctrl Pts',(-0.831442398745812,9.65177121812986,-7.63813152851815));
#5733=CARTESIAN_POINT('Ctrl Pts',(-1.24716359644629,9.2278445209944,-8.5562647280366));
#5734=CARTESIAN_POINT('Ctrl Pts',(7.94274646629725,11.9766329686991,10.0018290644121));
#5735=CARTESIAN_POINT('Ctrl Pts',(6.79516431086483,12.4896614939606,7.63581828201416));
#5736=CARTESIAN_POINT('Ctrl Pts',(5.64758215543242,13.0026900192221,5.26980749961619));
#5737=CARTESIAN_POINT('Ctrl Pts',(4.5,13.5157185444836,2.90379671721823));
#5738=CARTESIAN_POINT('Ctrl Pts',(3.55189620356734,13.9395699351453,0.949057533994471));
#5739=CARTESIAN_POINT('Ctrl Pts',(1.89628201237756,13.9260280185028,-2.6348302152523));
#5740=CARTESIAN_POINT('Ctrl Pts',(0.512294100006456,12.5972475305417,-5.92867980952112));
#5741=CARTESIAN_POINT('Ctrl Pts',(-3.15792885886133E-9,11.8177478623828,
-7.21297519578128));
#5742=CARTESIAN_POINT('Ctrl Pts',(-0.392489508674711,11.2205412238204,-8.19692651979055));
#5743=CARTESIAN_POINT('Ctrl Pts',(-0.784979014191494,10.623334585258,-9.18087784379982));
#5744=CARTESIAN_POINT('Ctrl Pts',(-1.17746851970828,10.0261279466955,-10.1648291678091));
#5745=CARTESIAN_POINT('Ctrl Pts',(7.97672899462385,12.6404957876055,10.0969389848641));
#5746=CARTESIAN_POINT('Ctrl Pts',(6.81781932974924,13.1214615416197,7.66654139138482));
#5747=CARTESIAN_POINT('Ctrl Pts',(5.65890966487462,13.6024272956339,5.23614379790549));
#5748=CARTESIAN_POINT('Ctrl Pts',(4.5,14.0833930496481,2.80574620442617));
#5749=CARTESIAN_POINT('Ctrl Pts',(3.54253769737636,14.4807549772246,0.797812241432228));
#5750=CARTESIAN_POINT('Ctrl Pts',(1.87990474156693,14.3936135894495,-2.87696940802357));
#5751=CARTESIAN_POINT('Ctrl Pts',(0.505275296886521,12.954702515266,-6.23542150041482));
#5752=CARTESIAN_POINT('Ctrl Pts',(-3.11466171509574E-9,12.1228511806254,
-7.53960198401182));
#5753=CARTESIAN_POINT('Ctrl Pts',(-0.38711211590756,11.4855357850746,-8.5387880959538));
#5754=CARTESIAN_POINT('Ctrl Pts',(-0.774224228700458,10.8482203895238,-9.53797420789578));
#5755=CARTESIAN_POINT('Ctrl Pts',(-1.16133634149336,10.210904993973,-10.5371603198378));
#5756=CARTESIAN_POINT('Ctrl Pts',(8.01071152295046,13.304358606512,10.1920489053162));
#5757=CARTESIAN_POINT('Ctrl Pts',(6.84047434863364,13.7532615892789,7.69726450075547));
#5758=CARTESIAN_POINT('Ctrl Pts',(5.67023717431682,14.2021645720458,5.2024800961948));
#5759=CARTESIAN_POINT('Ctrl Pts',(4.5,14.6510675548127,2.70769569163412));
#5760=CARTESIAN_POINT('Ctrl Pts',(3.53317919118537,15.0219400193038,0.646566948869984));
#5761=CARTESIAN_POINT('Ctrl Pts',(1.86352747075629,14.8611991603962,-3.11910860079484));
#5762=CARTESIAN_POINT('Ctrl Pts',(0.498256493766586,13.3121574999903,-6.54216319130851));
#5763=CARTESIAN_POINT('Ctrl Pts',(-3.07139457133014E-9,12.427954498868,
-7.86622877224235));
#5764=CARTESIAN_POINT('Ctrl Pts',(-0.381734723140409,11.7505303463288,-8.88064967211705));
#5765=CARTESIAN_POINT('Ctrl Pts',(-0.763469443209423,11.0731061937896,-9.89507057199174));
#5766=CARTESIAN_POINT('Ctrl Pts',(-1.14520416327844,10.3956820412504,-10.9094914718664));
#5767=CARTESIAN_POINT('Ctrl Pts',(8.04469405127707,13.9682214254185,10.2871588257682));
#5768=CARTESIAN_POINT('Ctrl Pts',(6.86312936751805,14.3850616369381,7.72798761012613));
#5769=CARTESIAN_POINT('Ctrl Pts',(5.68156468375902,14.8019018484577,5.1688163944841));
#5770=CARTESIAN_POINT('Ctrl Pts',(4.5,15.2187420599773,2.60964517884206));
#5771=CARTESIAN_POINT('Ctrl Pts',(3.52382068499439,15.563125061383,0.49532165630774));
#5772=CARTESIAN_POINT('Ctrl Pts',(1.84715019994565,15.3287847313429,-3.36124779356611));
#5773=CARTESIAN_POINT('Ctrl Pts',(0.49123769064665,13.6696124847146,-6.84890488220221));
#5774=CARTESIAN_POINT('Ctrl Pts',(-3.02812742756454E-9,12.7330578171106,
-8.19285556047289));
#5775=CARTESIAN_POINT('Ctrl Pts',(-0.376357330373258,12.015524907583,-9.22251124828029));
#5776=CARTESIAN_POINT('Ctrl Pts',(-0.752714657718388,11.2979919980555,-10.2521669360877));
#5777=CARTESIAN_POINT('Ctrl Pts',(-1.12907198506352,10.5804590885279,-11.2818226238951));
#5778=CARTESIAN_POINT('',(4.21370065507972,13.630766628303,2.31061843335753));
#5779=CARTESIAN_POINT('Origin',(4.54762352322366,-0.0174168710849401,-0.0537324386666315));
#5780=CARTESIAN_POINT('',(4.50000000008674,13.1660700560988,2.95763786034153));
#5781=CARTESIAN_POINT('Ctrl Pts',(4.50000000008674,13.1660700560987,2.95763786034154));
#5782=CARTESIAN_POINT('Ctrl Pts',(4.50000293740482,13.2022212689457,2.95274460779864));
#5783=CARTESIAN_POINT('Ctrl Pts',(4.49721078869419,13.2366882637487,2.94264477920787));
#5784=CARTESIAN_POINT('Ctrl Pts',(4.49199026025648,13.2692945054972,2.92786852559446));
#5785=CARTESIAN_POINT('Ctrl Pts',(4.49091817389252,13.2759905148333,2.9248340779905));
#5786=CARTESIAN_POINT('Ctrl Pts',(4.48974351565386,13.2826081250073,2.92160240654585));
#5787=CARTESIAN_POINT('Ctrl Pts',(4.48846923758311,13.2891459210276,2.9181780931059));
#5788=CARTESIAN_POINT('Ctrl Pts',(4.48343722995158,13.314963079953,2.90465579231605));
#5789=CARTESIAN_POINT('Ctrl Pts',(4.47698465120355,13.3388738636011,2.88848388391244));
#5790=CARTESIAN_POINT('Ctrl Pts',(4.46951094814698,13.360959178706,2.87040225589574));
#5791=CARTESIAN_POINT('Ctrl Pts',(4.46396167777175,13.3773576606782,2.85697653615154));
#5792=CARTESIAN_POINT('Ctrl Pts',(4.45784818504726,13.3927504695557,2.84249786647773));
#5793=CARTESIAN_POINT('Ctrl Pts',(4.45131973532683,13.4071819790782,2.8272676390094));
#5794=CARTESIAN_POINT('Ctrl Pts',(4.44142701852128,13.4290503923917,2.80418890919141));
#5795=CARTESIAN_POINT('Ctrl Pts',(4.43049481185584,13.448910028111,2.77919697320495));
#5796=CARTESIAN_POINT('Ctrl Pts',(4.41890544992037,13.4669124146703,2.75303609748867));
#5797=CARTESIAN_POINT('Ctrl Pts',(4.40648488448441,13.486205954859,2.72499893111956));
#5798=CARTESIAN_POINT('Ctrl Pts',(4.3933089038998,13.5033661733276,2.69561919773665));
#5799=CARTESIAN_POINT('Ctrl Pts',(4.37980399023263,13.5186191663521,2.66580712885254));
#5800=CARTESIAN_POINT('Ctrl Pts',(4.37500382733661,13.5240406635178,2.65521077922468));
#5801=CARTESIAN_POINT('Ctrl Pts',(4.37016176641247,13.5292215610112,2.64455975355084));
#5802=CARTESIAN_POINT('Ctrl Pts',(4.36529592016128,13.534173133964,2.63389473878334));
#5803=CARTESIAN_POINT('Ctrl Pts',(4.34821559258207,13.5515543835351,2.59645789091307));
#5804=CARTESIAN_POINT('Ctrl Pts',(4.33026592678571,13.5666994047949,2.55759012335315));
#5805=CARTESIAN_POINT('Ctrl Pts',(4.31181485151279,13.5798150769568,2.51800107638343));
#5806=CARTESIAN_POINT('Ctrl Pts',(4.29241319036469,13.593606458936,2.47637243072885));
#5807=CARTESIAN_POINT('Ctrl Pts',(4.27245653885749,13.605153839702,2.43394638303155));
#5808=CARTESIAN_POINT('Ctrl Pts',(4.25233137360865,13.6147378515993,2.39154072674229));
#5809=CARTESIAN_POINT('Ctrl Pts',(4.23949264611242,13.6208519140454,2.36448829469191));
#5810=CARTESIAN_POINT('Ctrl Pts',(4.22658456085239,13.6261677477304,2.33744401058507));
#5811=CARTESIAN_POINT('Ctrl Pts',(4.21370070412427,13.6307666714389,2.31061841719743));
#5812=CARTESIAN_POINT('',(4.49999999990781,7.59425687549281,2.04978490668828));
#5813=CARTESIAN_POINT('Ctrl Pts',(4.5,7.59425687537227,2.04978490693595));
#5814=CARTESIAN_POINT('Ctrl Pts',(4.5,7.63416460702007,2.06920728493023));
#5815=CARTESIAN_POINT('Ctrl Pts',(4.5,7.67420674912907,2.08835411704656));
#5816=CARTESIAN_POINT('Ctrl Pts',(4.5,7.71437925924237,2.10722452817713));
#5817=CARTESIAN_POINT('Ctrl Pts',(4.5,8.55837526984097,2.50367851294532));
#5818=CARTESIAN_POINT('Ctrl Pts',(4.5,9.45974264416213,2.77804505147558));
#5819=CARTESIAN_POINT('Ctrl Pts',(4.5,11.3016218167932,3.06658538939605));
#5820=CARTESIAN_POINT('Ctrl Pts',(4.5,12.2424179776398,3.08098342334387));
#5821=CARTESIAN_POINT('Ctrl Pts',(4.5,13.1660335306306,2.95736496024565));
#5822=CARTESIAN_POINT('',(3.99999999866605,7.88177165503617,1.37028302838077));
#5823=CARTESIAN_POINT('Ctrl Pts',(4.49999999984338,7.59425687546713,2.0497849067219));
#5824=CARTESIAN_POINT('Ctrl Pts',(4.4211641678725,7.66717651580597,1.95429130549248));
#5825=CARTESIAN_POINT('Ctrl Pts',(4.33728797913564,7.72947966414504,1.84498828169977));
#5826=CARTESIAN_POINT('Ctrl Pts',(4.16707864548216,7.82636133635322,1.61211316240752));
#5827=CARTESIAN_POINT('Ctrl Pts',(4.08302284656609,7.86060078206745,1.49205640252426));
#5828=CARTESIAN_POINT('Ctrl Pts',(3.99999999774681,7.88177165493042,1.37028302898905));
#5829=CARTESIAN_POINT('',(0.686286155426487,7.49725460162974,-2.79126751266751));
#5830=CARTESIAN_POINT('Ctrl Pts',(0.686319809952787,7.49724407027647,-2.79129564014712));
#5831=CARTESIAN_POINT('Ctrl Pts',(1.01929337314823,7.62684409587295,-2.44319814397516));
#5832=CARTESIAN_POINT('Ctrl Pts',(1.36431769036315,7.73554461683169,-2.07662665600213));
#5833=CARTESIAN_POINT('Ctrl Pts',(2.05016127601005,7.90618415650096,-1.29042899787346));
#5834=CARTESIAN_POINT('Ctrl Pts',(2.38573333149483,7.96395274184766,-0.874027123664724));
#5835=CARTESIAN_POINT('Ctrl Pts',(3.16199256308787,8.02061084703528,0.153253127836784));
#5836=CARTESIAN_POINT('Ctrl Pts',(3.58588513972395,7.98737117612491,0.762882006487182));
#5837=CARTESIAN_POINT('Ctrl Pts',(3.99999999774683,7.88177165493041,1.37028302898909));
#5838=CARTESIAN_POINT('Origin',(2.44468842702059,-0.957562926989781,-2.0141123614022));
#5839=CARTESIAN_POINT('Ctrl Pts',(4.22429902239739,3.57110740905766,20.7400611312497));
#5840=CARTESIAN_POINT('Ctrl Pts',(2.80114961455965,6.70091048705664,20.4931661737524));
#5841=CARTESIAN_POINT('Ctrl Pts',(1.62300594081805,9.88012304876811,19.500086811084));
#5842=CARTESIAN_POINT('Ctrl Pts',(0.82333088488814,12.7487656068687,17.893421783079));
#5843=CARTESIAN_POINT('Ctrl Pts',(0.489322172156589,13.9469417923242,17.2223490594574));
#5844=CARTESIAN_POINT('Ctrl Pts',(0.155313459425038,15.1451179777798,16.5512763358373));
#5845=CARTESIAN_POINT('Ctrl Pts',(-0.178695253306513,16.343294163235,15.8802036122158));
#5846=CARTESIAN_POINT('Ctrl Pts',(4.24561740881215,-1.77004312199333,15.8277281439585));
#5847=CARTESIAN_POINT('Ctrl Pts',(2.92873061274147,0.652494983687746,16.3638807629212));
#5848=CARTESIAN_POINT('Ctrl Pts',(1.77935465376533,3.28892543820962,16.315217541236));
#5849=CARTESIAN_POINT('Ctrl Pts',(0.931298248964685,5.83564666980977,15.6945472401646));
#5850=CARTESIAN_POINT('Ctrl Pts',(0.57708158809633,6.89936258034755,15.4353053308984));
#5851=CARTESIAN_POINT('Ctrl Pts',(0.222864927227976,7.96307849088534,15.1760634216332));
#5852=CARTESIAN_POINT('Ctrl Pts',(-0.131351733640379,9.02679440142288,14.916821512367));
#5853=CARTESIAN_POINT('Ctrl Pts',(4.26693579522692,-7.11119365304432,10.9153951566673));
#5854=CARTESIAN_POINT('Ctrl Pts',(3.05631161092329,-5.39592051968115,12.23459535209));
#5855=CARTESIAN_POINT('Ctrl Pts',(1.93570336671262,-3.30227217234888,13.1303482713881));
#5856=CARTESIAN_POINT('Ctrl Pts',(1.03926561304123,-1.07747226724913,13.4956726972502));
#5857=CARTESIAN_POINT('Ctrl Pts',(0.664841004036072,-0.148216631629131,
13.6482616023394));
#5858=CARTESIAN_POINT('Ctrl Pts',(0.290416395030913,0.781039003990872,13.800850507429));
#5859=CARTESIAN_POINT('Ctrl Pts',(-0.0840082139742448,1.71029463961076,
13.9534394125182));
#5860=CARTESIAN_POINT('Ctrl Pts',(4.28825418164168,-12.4523441840953,6.00306216937609));
#5861=CARTESIAN_POINT('Ctrl Pts',(3.1838926091051,-11.44433602305,8.10530994125884));
#5862=CARTESIAN_POINT('Ctrl Pts',(2.0920520796599,-9.89346978290737,9.94547900154014));
#5863=CARTESIAN_POINT('Ctrl Pts',(1.14723297711778,-7.99059120430804,11.2967981543358));
#5864=CARTESIAN_POINT('Ctrl Pts',(0.752600419975813,-7.19579584360581,11.8612178737803));
#5865=CARTESIAN_POINT('Ctrl Pts',(0.357967862833851,-6.40100048290359,12.4256375932248));
#5866=CARTESIAN_POINT('Ctrl Pts',(-0.0366646943081106,-5.60620512220137,
12.9900573126694));
#5867=CARTESIAN_POINT('Ctrl Pts',(4.28845292076107,-12.5021366745958,5.95726729949125));
#5868=CARTESIAN_POINT('Ctrl Pts',(3.18508197375661,-11.5007219402309,8.06681497591435));
#5869=CARTESIAN_POINT('Ctrl Pts',(2.09350962925693,-9.95491574712471,9.91578828753719));
#5870=CARTESIAN_POINT('Ctrl Pts',(1.14823949508032,-8.05503825686739,11.2762993050423));
#5871=CARTESIAN_POINT('Ctrl Pts',(0.753418550799706,-7.26149639237775,11.8445582875431));
#5872=CARTESIAN_POINT('Ctrl Pts',(0.358597606519096,-6.46795452788812,12.4128172700438));
#5873=CARTESIAN_POINT('Ctrl Pts',(-0.0362233377615145,-5.67441266339848,
12.9810762525446));
#5874=CARTESIAN_POINT('Ctrl Pts',(4.28865283862078,-12.5519321522457,5.91147098682458));
#5875=CARTESIAN_POINT('Ctrl Pts',(3.18628667285605,-11.5571464959595,8.0283007786863));
#5876=CARTESIAN_POINT('Ctrl Pts',(2.0950295935577,-10.0165269648721,9.88603594461455));
#5877=CARTESIAN_POINT('Ctrl Pts',(1.14927770226968,-8.11957012729484,11.2557710736551));
#5878=CARTESIAN_POINT('Ctrl Pts',(0.754255537416487,-7.32724816260673,11.8278827880839));
#5879=CARTESIAN_POINT('Ctrl Pts',(0.359233372563298,-6.53492619791863,12.3999945025127));
#5880=CARTESIAN_POINT('Ctrl Pts',(-0.0357887922898911,-5.74260423323052,
12.9721062169415));
#5881=CARTESIAN_POINT('Ctrl Pts',(4.28885161206019,-12.6017247297196,5.86567607493193));
#5882=CARTESIAN_POINT('Ctrl Pts',(3.1874764839831,-11.6135335381347,7.9898052533891));
#5883=CARTESIAN_POINT('Ctrl Pts',(2.09648896041208,-10.0779777405869,9.85634343623304));
#5884=CARTESIAN_POINT('Ctrl Pts',(1.15028514289109,-8.18401964939878,11.2352713688769));
#5885=CARTESIAN_POINT('Ctrl Pts',(0.755074217242872,-7.39295020273511,11.8112227385197));
#5886=CARTESIAN_POINT('Ctrl Pts',(0.359863291594651,-6.60188075607143,12.3871741081624));
#5887=CARTESIAN_POINT('Ctrl Pts',(-0.0353476340535701,-5.81081130940775,
12.9631254778051));
#5888=CARTESIAN_POINT('Ctrl Pts',(4.29210036284311,-13.415534037084,5.11720456735162));
#5889=CARTESIAN_POINT('Ctrl Pts',(3.2069227432112,-12.5351226999121,7.36063483546521));
#5890=CARTESIAN_POINT('Ctrl Pts',(2.12034083531418,-11.082328504468,9.37104942443877));
#5891=CARTESIAN_POINT('Ctrl Pts',(1.16675074069542,-9.23738188940143,10.9002244323035));
#5892=CARTESIAN_POINT('Ctrl Pts',(0.768454710807657,-8.46678358276776,11.5389310821241));
#5893=CARTESIAN_POINT('Ctrl Pts',(0.370158680919895,-7.6961852761341,12.1776377319447));
#5894=CARTESIAN_POINT('Ctrl Pts',(-0.028137348967867,-6.92558696950041,
12.8163443817654));
#5895=CARTESIAN_POINT('Ctrl Pts',(4.29534911362603,-14.2293433444484,4.36873305977132));
#5896=CARTESIAN_POINT('Ctrl Pts',(3.2263690024393,-13.4567118616895,6.73146441754131));
#5897=CARTESIAN_POINT('Ctrl Pts',(2.14419271021628,-12.086679268349,8.8857554126445));
#5898=CARTESIAN_POINT('Ctrl Pts',(1.18321633849974,-10.2907441294041,10.56517749573));
#5899=CARTESIAN_POINT('Ctrl Pts',(0.781835204372442,-9.54061696280041,11.2666394257285));
#5900=CARTESIAN_POINT('Ctrl Pts',(0.380454070245139,-8.79048979619678,11.9681013557271));
#5901=CARTESIAN_POINT('Ctrl Pts',(-0.0209270638821639,-8.04036262959307,
12.6695632857256));
#5902=CARTESIAN_POINT('Ctrl Pts',(4.29859786440895,-15.0431526518128,3.62026155219101));
#5903=CARTESIAN_POINT('Ctrl Pts',(3.2458152616674,-14.3783010234669,6.10229399961741));
#5904=CARTESIAN_POINT('Ctrl Pts',(2.16804458511838,-13.0910300322301,8.40046140085022));
#5905=CARTESIAN_POINT('Ctrl Pts',(1.19968193630407,-11.3441063694067,10.2301305591565));
#5906=CARTESIAN_POINT('Ctrl Pts',(0.795215697937227,-10.6144503428331,10.9943477693329));
#5907=CARTESIAN_POINT('Ctrl Pts',(0.390749459570383,-9.88479431625945,11.7585649795095));
#5908=CARTESIAN_POINT('Ctrl Pts',(-0.0137167787964609,-9.15513828968573,
12.5227821896859));
#5909=CARTESIAN_POINT('Ctrl Pts',(4.21370056359761,-12.38566922373,6.14263394920677));
#5910=CARTESIAN_POINT('Ctrl Pts',(4.21720472628359,-12.4380865636155,6.09195737563913));
#5911=CARTESIAN_POINT('Ctrl Pts',(4.22063423055847,-12.4904889361505,6.04124749535339));
#5912=CARTESIAN_POINT('Ctrl Pts',(4.22398127371068,-12.5428773777709,5.99051142108929));
#5913=CARTESIAN_POINT('Ctrl Pts',(4.22429902239688,-18.6214374091121,9.80535632575697));
#5914=CARTESIAN_POINT('Ctrl Pts',(2.8011496145585,-17.4194640108176,12.7056812001184));
#5915=CARTESIAN_POINT('Ctrl Pts',(1.62300594081745,-15.4925587014237,15.422413623794));
#5916=CARTESIAN_POINT('Ctrl Pts',(0.823330884887597,-13.0780701557802,17.6541680236702));
#5917=CARTESIAN_POINT('Ctrl Pts',(0.489329514008296,-12.0696074330314,18.5863079266184));
#5918=CARTESIAN_POINT('Ctrl Pts',(0.155328143128995,-11.0611447102825,19.5184478295667));
#5919=CARTESIAN_POINT('Ctrl Pts',(-0.178673227750307,-10.0526819875337,
20.4505877325151));
#5920=CARTESIAN_POINT('Ctrl Pts',(4.24561740881176,-15.600037394942,3.20762593356896));
#5921=CARTESIAN_POINT('Ctrl Pts',(2.92873061274068,-15.3613433927737,5.67727685578971));
#5922=CARTESIAN_POINT('Ctrl Pts',(1.77935465376495,-14.5003601037307,8.16963345681995));
#5923=CARTESIAN_POINT('Ctrl Pts',(0.931298248964368,-13.1230874289155,10.3999116083818));
#5924=CARTESIAN_POINT('Ctrl Pts',(0.577089374139574,-12.5478400730655,11.3314349246839));
#5925=CARTESIAN_POINT('Ctrl Pts',(0.22288049931478,-11.9725927172154,12.2629582409861));
#5926=CARTESIAN_POINT('Ctrl Pts',(-0.131328375510014,-11.3973453613653,
13.1944815572882));
#5927=CARTESIAN_POINT('Ctrl Pts',(4.26693579522664,-12.5786373807719,-3.39010445861905));
#5928=CARTESIAN_POINT('Ctrl Pts',(3.05631161092286,-13.3032227747299,-1.35112748853901));
#5929=CARTESIAN_POINT('Ctrl Pts',(1.93570336671246,-13.5081615060377,0.916853289845846));
#5930=CARTESIAN_POINT('Ctrl Pts',(1.03926561304114,-13.1681047020508,3.14565519309346));
#5931=CARTESIAN_POINT('Ctrl Pts',(0.664849234270852,-13.0260727130995,4.07656192274939));
#5932=CARTESIAN_POINT('Ctrl Pts',(0.290432855500565,-12.8840407241482,5.00746865240539));
#5933=CARTESIAN_POINT('Ctrl Pts',(-0.0839835232697218,-12.7420087351969,
5.93837538206139));
#5934=CARTESIAN_POINT('Ctrl Pts',(4.28825418164151,-9.55723736660178,-9.98783485080707));
#5935=CARTESIAN_POINT('Ctrl Pts',(3.18389260910504,-11.245102156686,-8.37953183286774));
#5936=CARTESIAN_POINT('Ctrl Pts',(2.09205207965996,-12.5159629083447,-6.33592687712825));
#5937=CARTESIAN_POINT('Ctrl Pts',(1.14723297711791,-13.2131219751861,-4.10860122219493));
#5938=CARTESIAN_POINT('Ctrl Pts',(0.75260909440213,-13.5043053531336,-3.17831107918511));
#5939=CARTESIAN_POINT('Ctrl Pts',(0.357985211686351,-13.7954887310811,-2.24802093617529));
#5940=CARTESIAN_POINT('Ctrl Pts',(-0.0366386710294295,-14.0866721090285,
-1.31773079316546));
#5941=CARTESIAN_POINT('Ctrl Pts',(4.2884529207609,-9.52907058294184,-10.0493417164097));
#5942=CARTESIAN_POINT('Ctrl Pts',(3.18508197375655,-11.2259154757029,-8.44505362531921));
#5943=CARTESIAN_POINT('Ctrl Pts',(2.09350962925698,-12.5067132084976,-6.40354039699924));
#5944=CARTESIAN_POINT('Ctrl Pts',(1.14823949508045,-13.2135416454673,-4.17622850428432));
#5945=CARTESIAN_POINT('Ctrl Pts',(0.753427229366965,-13.5087636424193,-3.24594410935903));
#5946=CARTESIAN_POINT('Ctrl Pts',(0.358614963653479,-13.8039856393713,-2.31565971443373));
#5947=CARTESIAN_POINT('Ctrl Pts',(-0.036197302060008,-14.0992076363233,
-1.38537531950844));
#5948=CARTESIAN_POINT('Ctrl Pts',(4.2886528386206,-9.50090335019475,-10.1108518688045));
#5949=CARTESIAN_POINT('Ctrl Pts',(3.18628667285599,-11.2067224440795,-8.51061810819219));
#5950=CARTESIAN_POINT('Ctrl Pts',(2.09502959355775,-12.4974559622141,-6.47133012670024));
#5951=CARTESIAN_POINT('Ctrl Pts',(1.14927770226981,-13.2139595818793,-4.24394553252617));
#5952=CARTESIAN_POINT('Ctrl Pts',(0.75426422040678,-13.5132226255789,-3.3136307722833));
#5953=CARTESIAN_POINT('Ctrl Pts',(0.359250738543748,-13.8124856692785,-2.38331601204044));
#5954=CARTESIAN_POINT('Ctrl Pts',(-0.0357627433192845,-14.111748712978,
-1.45300125179758));
#5955=CARTESIAN_POINT('Ctrl Pts',(4.28885161206002,-9.47273655345925,-10.1723588301049));
#5956=CARTESIAN_POINT('Ctrl Pts',(3.18747648398303,-11.1875355781921,-8.5761411436117));
#5957=CARTESIAN_POINT('Ctrl Pts',(2.09648896041213,-12.4882060426461,-6.53894877707076));
#5958=CARTESIAN_POINT('Ctrl Pts',(1.15028514289123,-13.2143792016774,-4.31157542765135));
#5959=CARTESIAN_POINT('Ctrl Pts',(0.755082904382324,-13.5176809350673,-3.3812653640205));
#5960=CARTESIAN_POINT('Ctrl Pts',(0.35988066587342,-13.8209826684573,-2.45095530038965));
#5961=CARTESIAN_POINT('Ctrl Pts',(-0.0353215726354836,-14.1242844018472,
-1.5206452367588));
#5962=CARTESIAN_POINT('Ctrl Pts',(4.29161803939244,-9.08072544480634,-11.0283813418468));
#5963=CARTESIAN_POINT('Ctrl Pts',(3.20403566830843,-10.9205025662838,-9.48805732628257));
#5964=CARTESIAN_POINT('Ctrl Pts',(2.11679968384609,-12.3594703806237,-7.48003065962476));
#5965=CARTESIAN_POINT('Ctrl Pts',(1.16430618754931,-13.2202192559724,-5.25281380896466));
#5966=CARTESIAN_POINT('Ctrl Pts',(0.766476930330797,-13.5797294122758,-4.32256911038398));
#5967=CARTESIAN_POINT('Ctrl Pts',(0.368647673112286,-13.9392395685793,-3.3923244118033));
#5968=CARTESIAN_POINT('Ctrl Pts',(-0.0291815841062247,-14.2987497248827,
-2.46207971322262));
#5969=CARTESIAN_POINT('Ctrl Pts',(4.29438446672486,-8.68871433615342,-11.8844038535887));
#5970=CARTESIAN_POINT('Ctrl Pts',(3.22059485263382,-10.6534695543754,-10.3999735089534));
#5971=CARTESIAN_POINT('Ctrl Pts',(2.13711040728005,-12.2307347186013,-8.42111254217876));
#5972=CARTESIAN_POINT('Ctrl Pts',(1.17832723220739,-13.2260593102674,-6.19405219027797));
#5973=CARTESIAN_POINT('Ctrl Pts',(0.777870956279269,-13.6417778894844,-5.26387285674745));
#5974=CARTESIAN_POINT('Ctrl Pts',(0.377414680351152,-14.0574964687013,-4.33369352321695));
#5975=CARTESIAN_POINT('Ctrl Pts',(-0.0230415955769658,-14.4732150479182,
-3.40351418968643));
#5976=CARTESIAN_POINT('Ctrl Pts',(4.29715089405728,-8.29670322750051,-12.7404263653307));
#5977=CARTESIAN_POINT('Ctrl Pts',(3.23715403695921,-10.3864365424671,-11.3118896916243));
#5978=CARTESIAN_POINT('Ctrl Pts',(2.157421130714,-12.1019990565789,-9.36219442473276));
#5979=CARTESIAN_POINT('Ctrl Pts',(1.19234827686547,-13.2318993645624,-7.13529057159128));
#5980=CARTESIAN_POINT('Ctrl Pts',(0.789264982227742,-13.7038263666929,-6.20517660311092));
#5981=CARTESIAN_POINT('Ctrl Pts',(0.386181687590018,-14.1757533688233,-5.2750626346306));
#5982=CARTESIAN_POINT('Ctrl Pts',(-0.0169016070477069,-14.6476803709537,
-4.34494866615024));
#5983=CARTESIAN_POINT('Ctrl Pts',(4.21370056360001,-9.66937432142608,-9.88129314342082));
#5984=CARTESIAN_POINT('Ctrl Pts',(4.21720472628517,-9.63737588474298,-9.94680491851972));
#5985=CARTESIAN_POINT('Ctrl Pts',(4.22063423055924,-9.60534114632297,-10.0123127511644));
#5986=CARTESIAN_POINT('Ctrl Pts',(4.2239812737107,-9.57327719105978,-10.0778154291064));
#5987=CARTESIAN_POINT('Ctrl Pts',(4.22429902239726,-15.0797886472695,-14.6800176501384));
#5988=CARTESIAN_POINT('Ctrl Pts',(2.80114961455955,-17.4667313115371,-12.6406233418931));
#5989=CARTESIAN_POINT('Ctrl Pts',(1.62300594081839,-19.4550508989595,-9.96851100302532));
#5990=CARTESIAN_POINT('Ctrl Pts',(0.82333088488827,-20.8314574704054,-6.98254590138137));
#5991=CARTESIAN_POINT('Ctrl Pts',(0.489330013848259,-21.4063422193532,-5.73539565272934));
#5992=CARTESIAN_POINT('Ctrl Pts',(0.155329142808158,-21.981226968301,-4.48824540407659));
#5993=CARTESIAN_POINT('Ctrl Pts',(-0.178671728231898,-22.5561117172488,
-3.24109515542456));
#5994=CARTESIAN_POINT('Ctrl Pts',(4.24561740881197,-7.87131021385147,-13.8453062938243));
#5995=CARTESIAN_POINT('Ctrl Pts',(2.92873061274137,-10.1463273132737,-12.855130702523));
#5996=CARTESIAN_POINT('Ctrl Pts',(1.77935465376559,-12.2506408314338,-11.2661063892966));
#5997=CARTESIAN_POINT('Ctrl Pts',(0.93129824896485,-13.9461607382218,-9.26704838621139));
#5998=CARTESIAN_POINT('Ctrl Pts',(0.57708990422029,-14.6543297895551,-8.43210035408436));
#5999=CARTESIAN_POINT('Ctrl Pts',(0.222881559475669,-15.3624988408884,-7.59715232195686));
#6000=CARTESIAN_POINT('Ctrl Pts',(-0.131326785268921,-16.0706678922217,
-6.76220428982984));
#6001=CARTESIAN_POINT('Ctrl Pts',(4.26693579522669,-0.662831780433495,-13.0105949375102));
#6002=CARTESIAN_POINT('Ctrl Pts',(3.05631161092319,-2.82592331501028,-13.069638063153));
#6003=CARTESIAN_POINT('Ctrl Pts',(1.9357033667128,-5.04623076390815,-12.5637017755679));
#6004=CARTESIAN_POINT('Ctrl Pts',(1.03926561304143,-7.06086400603823,-11.5515508710414));
#6005=CARTESIAN_POINT('Ctrl Pts',(0.664849794592321,-7.90231735975706,-11.1288050554394));
#6006=CARTESIAN_POINT('Ctrl Pts',(0.290433976143181,-8.74377071347588,-10.7060592398371));
#6007=CARTESIAN_POINT('Ctrl Pts',(-0.0839818423059441,-9.58522406719471,
-10.2833134242351));
#6008=CARTESIAN_POINT('Ctrl Pts',(4.2882541816414,6.54564665298448,-12.175883581196));
#6009=CARTESIAN_POINT('Ctrl Pts',(3.18389260910501,4.49448068325312,-13.284145423783));
#6010=CARTESIAN_POINT('Ctrl Pts',(2.09205207966001,2.15817930361752,-13.8612971618392));
#6011=CARTESIAN_POINT('Ctrl Pts',(1.14723297711801,-0.175567273854628,-13.8360533558714));
#6012=CARTESIAN_POINT('Ctrl Pts',(0.752609684964352,-1.15030492995897,-13.8255097567944));
#6013=CARTESIAN_POINT('Ctrl Pts',(0.357986392810692,-2.12504258606332,-13.8149661577174));
#6014=CARTESIAN_POINT('Ctrl Pts',(-0.0366368993429673,-3.09978024216766,
-13.8044225586404));
#6015=CARTESIAN_POINT('Ctrl Pts',(4.28845292076079,6.61284717314057,-12.1681020447952));
#6016=CARTESIAN_POINT('Ctrl Pts',(3.18508197375651,4.56272462141285,-13.2861451531773));
#6017=CARTESIAN_POINT('Ctrl Pts',(2.09350962925703,2.22534189672608,-13.8733939012156));
#6018=CARTESIAN_POINT('Ctrl Pts',(1.14823949508055,-0.111379591793085,-13.8573504654759));
#6019=CARTESIAN_POINT('Ctrl Pts',(0.753427820211105,-1.08735978119092,-13.8506495918251));
#6020=CARTESIAN_POINT('Ctrl Pts',(0.358616145341658,-2.06333997058876,-13.8439487181743));
#6021=CARTESIAN_POINT('Ctrl Pts',(-0.0361955295277894,-3.0393201599866,
-13.8372478445234));
#6022=CARTESIAN_POINT('Ctrl Pts',(4.2886528386205,6.68005095799727,-12.1603210969615));
#6023=CARTESIAN_POINT('Ctrl Pts',(3.18628667285596,4.63101112303193,-13.2881520348195));
#6024=CARTESIAN_POINT('Ctrl Pts',(2.0950295935578,2.29267440731885,-13.8855379153364));
#6025=CARTESIAN_POINT('Ctrl Pts',(1.14927770226991,-0.0471060202734365,
-13.8786736591594));
#6026=CARTESIAN_POINT('Ctrl Pts',(0.754264811552044,-1.02436383901247,-13.8758066602138));
#6027=CARTESIAN_POINT('Ctrl Pts',(0.359251920834175,-2.00162165775151,-13.8729396612682));
#6028=CARTESIAN_POINT('Ctrl Pts',(-0.0357609698836946,-2.97887947649055,
-13.8700726623227));
#6029=CARTESIAN_POINT('Ctrl Pts',(4.28885161205991,6.7472515732079,-12.1525395776973));
#6030=CARTESIAN_POINT('Ctrl Pts',(3.187476483983,4.6992563004631,-13.2901519724576));
#6031=CARTESIAN_POINT('Ctrl Pts',(2.09648896041218,2.35984194771992,-13.8976360311572));
#6032=CARTESIAN_POINT('Ctrl Pts',(1.15028514289133,0.0170841625329595,-13.8999715282241));
#6033=CARTESIAN_POINT('Ctrl Pts',(0.755083495810066,-0.961417211350937,
-13.9009469970085));
#6034=CARTESIAN_POINT('Ctrl Pts',(0.359881848728803,-1.93991858523483,-13.9019224657928));
#6035=CARTESIAN_POINT('Ctrl Pts',(-0.0353197983524603,-2.91841995911873,
-13.9028979345772));
#6036=CARTESIAN_POINT('Ctrl Pts',(4.29200449384606,7.81316659857508,-12.0291115662434));
#6037=CARTESIAN_POINT('Ctrl Pts',(3.20634889391091,5.78173984328084,-13.3218743543375));
#6038=CARTESIAN_POINT('Ctrl Pts',(2.11963697851777,3.42523235085914,-14.0895325397179));
#6039=CARTESIAN_POINT('Ctrl Pts',(1.1662648492105,1.03524865581847,-14.2377916296216));
#6040=CARTESIAN_POINT('Ctrl Pts',(0.768069208052766,0.0370224012973283,
-14.2997151131669));
#6041=CARTESIAN_POINT('Ctrl Pts',(0.369873566895038,-0.961203853223805,
-14.3616385967122));
#6042=CARTESIAN_POINT('Ctrl Pts',(-0.0283220742626892,-1.95943010774495,
-14.4235620802575));
#6043=CARTESIAN_POINT('Ctrl Pts',(4.29515737563221,8.87908162394227,-11.9056835547895));
#6044=CARTESIAN_POINT('Ctrl Pts',(3.22522130383881,6.86422338609857,-13.3535967362174));
#6045=CARTESIAN_POINT('Ctrl Pts',(2.14278499662336,4.49062275399837,-14.2814290482785));
#6046=CARTESIAN_POINT('Ctrl Pts',(1.18224455552966,2.05341314910397,-14.5756117310191));
#6047=CARTESIAN_POINT('Ctrl Pts',(0.781054920295467,1.03546201394559,-14.6984832293254));
#6048=CARTESIAN_POINT('Ctrl Pts',(0.379865285061272,0.0175108787872238,
-14.8213547276317));
#6049=CARTESIAN_POINT('Ctrl Pts',(-0.021324350172918,-1.00044025637118,
-14.9442262259378));
#6050=CARTESIAN_POINT('Ctrl Pts',(4.29831025741836,9.94499664930946,-11.7822555433356));
#6051=CARTESIAN_POINT('Ctrl Pts',(3.24409371376672,7.9467069289163,-13.3853191180973));
#6052=CARTESIAN_POINT('Ctrl Pts',(2.16593301472894,5.5560131571376,-14.4733255568392));
#6053=CARTESIAN_POINT('Ctrl Pts',(1.19822426184883,3.07157764238948,-14.9134318324166));
#6054=CARTESIAN_POINT('Ctrl Pts',(0.794040632538167,2.03390162659386,-15.0972513454839));
#6055=CARTESIAN_POINT('Ctrl Pts',(0.389857003227507,0.996225610798252,-15.2810708585511));
#6056=CARTESIAN_POINT('Ctrl Pts',(-0.0143266260831469,-0.0414504049974007,
-15.4648903716182));
#6057=CARTESIAN_POINT('Ctrl Pts',(4.21370056359987,6.40966724317658,-12.2496089646074));
#6058=CARTESIAN_POINT('Ctrl Pts',(4.21720472628509,6.48186070450796,-12.2394208947258));
#6059=CARTESIAN_POINT('Ctrl Pts',(4.22063423055915,6.55406163419616,-12.2291970815554));
#6060=CARTESIAN_POINT('Ctrl Pts',(4.2239812737107,6.62626668997192,-12.2189438886251));
#6061=CARTESIAN_POINT('Ctrl Pts',(4.22429902239739,9.30161548194862,-18.8781061888993));
#6062=CARTESIAN_POINT('Ctrl Pts',(2.8011496145605,6.62443038790401,-20.5180160642885));
#6063=CARTESIAN_POINT('Ctrl Pts',(1.62300594081991,3.46867599301973,-21.5832922408077));
#6064=CARTESIAN_POINT('Ctrl Pts',(0.823330884889302,0.203521403912672,-21.9696187186257));
#6065=CARTESIAN_POINT('Ctrl Pts',(0.489324101012014,-1.16026226681954,-22.1309788403723));
#6066=CARTESIAN_POINT('Ctrl Pts',(0.15531731713468,-2.52404593755103,-22.292338962119));
#6067=CARTESIAN_POINT('Ctrl Pts',(-0.178689466742653,-3.88782960828325,
-22.4536990838657));
#6068=CARTESIAN_POINT('Ctrl Pts',(4.24561740881205,10.7353001467969,-11.7644958077443));
#6069=CARTESIAN_POINT('Ctrl Pts',(2.928730612742,9.09056825217476,-13.6221845597012));
#6070=CARTESIAN_POINT('Ctrl Pts',(1.77935465376662,6.92904768594541,-15.132470126222));
#6071=CARTESIAN_POINT('Ctrl Pts',(0.931298248965561,4.50388608015241,-16.1272624863806));
#6072=CARTESIAN_POINT('Ctrl Pts',(0.57708363364971,3.49094910990878,-16.5427655014841));
#6073=CARTESIAN_POINT('Ctrl Pts',(0.222869018333828,2.47801213966564,-16.9582685165877));
#6074=CARTESIAN_POINT('Ctrl Pts',(-0.131345596982053,1.46507516942202,-17.3737715316914));
#6075=CARTESIAN_POINT('Ctrl Pts',(4.2669357952267,12.1689848116451,-4.65088542658919));
#6076=CARTESIAN_POINT('Ctrl Pts',(3.0563116109235,11.5567061164455,-6.72635305511387));
#6077=CARTESIAN_POINT('Ctrl Pts',(1.93570336671333,10.3894193788711,-8.68164801163636));
#6078=CARTESIAN_POINT('Ctrl Pts',(1.03926561304182,8.80425075639214,-10.2849062541354));
#6079=CARTESIAN_POINT('Ctrl Pts',(0.664843166287406,8.14216048663711,-10.9545521625959));
#6080=CARTESIAN_POINT('Ctrl Pts',(0.290420719532977,7.48007021688231,-11.6241980710565));
#6081=CARTESIAN_POINT('Ctrl Pts',(-0.0840017272214527,6.81797994712728,
-12.2938439795171));
#6082=CARTESIAN_POINT('Ctrl Pts',(4.28825418164135,13.6026694764934,2.46272495456588));
#6083=CARTESIAN_POINT('Ctrl Pts',(3.183892609105,14.0228439807163,0.169478449473442));
#6084=CARTESIAN_POINT('Ctrl Pts',(2.09205207966004,13.8497910717968,-2.23082589705069));
#6085=CARTESIAN_POINT('Ctrl Pts',(1.14723297711808,13.1046154326319,-4.44255002189024));
#6086=CARTESIAN_POINT('Ctrl Pts',(0.752602698925102,12.7933718633654,-5.36633882370777));
#6087=CARTESIAN_POINT('Ctrl Pts',(0.357972420732125,12.482128294099,-6.29012762552529));
#6088=CARTESIAN_POINT('Ctrl Pts',(-0.0366578574608528,12.1708847248325,
-7.21391642734282));
#6089=CARTESIAN_POINT('Ctrl Pts',(4.28845292076074,13.6160348983515,2.52904107414898));
#6090=CARTESIAN_POINT('Ctrl Pts',(3.18508197375651,14.045834373042,0.233764341190902));
#6091=CARTESIAN_POINT('Ctrl Pts',(2.09350962925707,13.8820501372635,-2.17068857326733));
#6092=CARTESIAN_POINT('Ctrl Pts',(1.14823949508062,13.1447052720861,-4.38808507739862));
#6093=CARTESIAN_POINT('Ctrl Pts',(0.753420830836905,12.8367324458739,-5.31424310800491));
#6094=CARTESIAN_POINT('Ctrl Pts',(0.35860216659319,12.5287596196618,-6.24040113861119));
#6095=CARTESIAN_POINT('Ctrl Pts',(-0.0362164976505253,12.2207867934496,
-7.16655916921748));
#6096=CARTESIAN_POINT('Ctrl Pts',(4.28865283862044,13.6294018888185,2.59536011676954));
#6097=CARTESIAN_POINT('Ctrl Pts',(3.18628667285595,14.0688447203921,0.298088502997572));
#6098=CARTESIAN_POINT('Ctrl Pts',(2.09502959355784,13.9144066710741,-2.11040425705281));
#6099=CARTESIAN_POINT('Ctrl Pts',(1.14927770226998,13.1848464602756,-4.33354650760181));
#6100=CARTESIAN_POINT('Ctrl Pts',(0.754257818615708,12.8801251139657,-5.26210441084101));
#6101=CARTESIAN_POINT('Ctrl Pts',(0.359237934961435,12.5754037676558,-6.19066231408022));
#6102=CARTESIAN_POINT('Ctrl Pts',(-0.0357819486928378,12.2706824213458,
-7.11922021731942));
#6103=CARTESIAN_POINT('Ctrl Pts',(4.28885161205986,13.6427673563482,2.66167632145937));
#6104=CARTESIAN_POINT('Ctrl Pts',(3.18747648398299,14.0918356937253,0.362375508981331));
#6105=CARTESIAN_POINT('Ctrl Pts',(2.09648896041221,13.9466685744146,-2.05026265345942));
#6106=CARTESIAN_POINT('Ctrl Pts',(1.1502851428914,13.2249377947921,-4.2790794194466));
#6107=CARTESIAN_POINT('Ctrl Pts',(0.755076499532165,12.9234866306734,-5.21000744369622));
#6108=CARTESIAN_POINT('Ctrl Pts',(0.359867856172933,12.6220354665547,-6.14093546794584));
#6109=CARTESIAN_POINT('Ctrl Pts',(-0.0353407871862985,12.3205843024359,
-7.07186349219546));
#6110=CARTESIAN_POINT('Ctrl Pts',(4.29238250583446,13.8801836139433,3.83967814597221));
#6111=CARTESIAN_POINT('Ctrl Pts',(3.20861158489891,14.5002337415406,1.50433184824311));
#6112=CARTESIAN_POINT('Ctrl Pts',(2.12241228978743,14.5197499377885,-0.981942789656902));
#6113=CARTESIAN_POINT('Ctrl Pts',(1.16818072204385,13.9370965413376,-3.31155829059376));
#6114=CARTESIAN_POINT('Ctrl Pts',(0.769619062964306,13.6937349588792,-4.2845877422041));
#6115=CARTESIAN_POINT('Ctrl Pts',(0.371057403884764,13.4503733764208,-5.25761719381446));
#6116=CARTESIAN_POINT('Ctrl Pts',(-0.0275042551947774,13.2070117939624,
-6.23064664542479));
#6117=CARTESIAN_POINT('Ctrl Pts',(4.29591339960907,14.1175998715385,5.01767997048505));
#6118=CARTESIAN_POINT('Ctrl Pts',(3.22974668581483,14.908631789356,2.64628818750489));
#6119=CARTESIAN_POINT('Ctrl Pts',(2.14833561916264,15.0928313011624,0.0863770741456127));
#6120=CARTESIAN_POINT('Ctrl Pts',(1.1860763011963,14.649255287883,-2.34403716174093));
#6121=CARTESIAN_POINT('Ctrl Pts',(0.784161626396447,14.463983287085,-3.35916804071199));
#6122=CARTESIAN_POINT('Ctrl Pts',(0.382246951596595,14.2787112862869,-4.37429891968307));
#6123=CARTESIAN_POINT('Ctrl Pts',(-0.0196677232032562,14.0934392854888,
-5.38942979865411));
#6124=CARTESIAN_POINT('Ctrl Pts',(4.29944429338367,14.3550161291337,6.19568179499788));
#6125=CARTESIAN_POINT('Ctrl Pts',(3.25088178673075,15.3170298371713,3.78824452676667));
#6126=CARTESIAN_POINT('Ctrl Pts',(2.17425894853785,15.6659126645363,1.15469693794813));
#6127=CARTESIAN_POINT('Ctrl Pts',(1.20397188034875,15.3614140344285,-1.3765160328881));
#6128=CARTESIAN_POINT('Ctrl Pts',(0.798704189828588,15.2342316152908,-2.43374833921988));
#6129=CARTESIAN_POINT('Ctrl Pts',(0.393436499308426,15.107049196153,-3.49098064555168));
#6130=CARTESIAN_POINT('Ctrl Pts',(-0.0118311912117351,14.9798667770153,
-4.54821295188344));
#6131=CARTESIAN_POINT('Ctrl Pts',(4.21370056359745,13.6307665342787,2.31061845434556));
#6132=CARTESIAN_POINT('Ctrl Pts',(4.21720472628348,13.6433861104663,2.38242680292855));
#6133=CARTESIAN_POINT('Ctrl Pts',(4.22063423055845,13.6559740006154,2.45425329962464));
#6134=CARTESIAN_POINT('Ctrl Pts',(4.22398127371075,13.6685352239837,2.52609279930836));
#6135=CARTESIAN_POINT('Ctrl Pts',(4.22429902239654,20.8285031653664,3.01270638213414));
#6136=CARTESIAN_POINT('Ctrl Pts',(2.80114961455955,21.5608544473469,-0.0402079675753009));
#6137=CARTESIAN_POINT('Ctrl Pts',(1.62300594081851,21.5988105585856,-3.37069719093243));
#6138=CARTESIAN_POINT('Ctrl Pts',(0.823330884888583,20.957240615428,-6.59542518663213));
#6139=CARTESIAN_POINT('Ctrl Pts',(0.48931344249534,20.6892623285714,-7.94236653430854));
#6140=CARTESIAN_POINT('Ctrl Pts',(0.155296000102097,20.4212840417151,-9.28930788198494));
#6141=CARTESIAN_POINT('Ctrl Pts',(-0.178721442291147,20.1533057548592,-10.6362492296613));
#6142=CARTESIAN_POINT('Ctrl Pts',(4.24561740881142,14.5060905839841,6.57444802410951));
#6143=CARTESIAN_POINT('Ctrl Pts',(2.92873061274135,15.7646074701534,4.43615764358914));
#6144=CARTESIAN_POINT('Ctrl Pts',(1.7793546537657,16.5330278110029,1.91372551753784));
#6145=CARTESIAN_POINT('Ctrl Pts',(0.931298248965122,16.729715417191,-0.700147975880803));
#6146=CARTESIAN_POINT('Ctrl Pts',(0.577072330279574,16.8118701507695,-1.79194061407415));
#6147=CARTESIAN_POINT('Ctrl Pts',(0.222846411594026,16.8940248843482,-2.8837332522675));
#6148=CARTESIAN_POINT('Ctrl Pts',(-0.131379507091522,16.9761796179272,-3.97552589046085));
#6149=CARTESIAN_POINT('Ctrl Pts',(4.2669357952263,8.18367800260185,10.1361896660849));
#6150=CARTESIAN_POINT('Ctrl Pts',(3.05631161092314,9.96836049296,8.91252325475359));
#6151=CARTESIAN_POINT('Ctrl Pts',(1.9357033667129,11.4672450634203,7.19814822600811));
#6152=CARTESIAN_POINT('Ctrl Pts',(1.03926561304166,12.5021902189541,5.19512923487053));
#6153=CARTESIAN_POINT('Ctrl Pts',(0.664831218063807,12.9344779729676,4.35848530616023));
#6154=CARTESIAN_POINT('Ctrl Pts',(0.290396823085955,13.3667657269813,3.52184137744993));
#6155=CARTESIAN_POINT('Ctrl Pts',(-0.0840375718918979,13.7990534809951,
2.68519744873963));
#6156=CARTESIAN_POINT('Ctrl Pts',(4.28825418164118,1.86126542121959,13.6979313080603));
#6157=CARTESIAN_POINT('Ctrl Pts',(3.18389260910494,4.17211351576657,13.388888865918));
#6158=CARTESIAN_POINT('Ctrl Pts',(2.09205207966009,6.40146231583757,12.4825709344784));
#6159=CARTESIAN_POINT('Ctrl Pts',(1.1472329771182,8.27466502071709,11.0904064456219));
#6160=CARTESIAN_POINT('Ctrl Pts',(0.752590105848041,9.05708579516572,10.5089112263946));
#6161=CARTESIAN_POINT('Ctrl Pts',(0.357947234577884,9.83950656961434,9.92741600716737));
#6162=CARTESIAN_POINT('Ctrl Pts',(-0.0366956366922734,10.621927344063,9.34592078794012));
#6163=CARTESIAN_POINT('Ctrl Pts',(4.28845292076057,1.80232518604585,13.7311353875638));
#6164=CARTESIAN_POINT('Ctrl Pts',(3.18508197375644,4.11807842147884,13.4306194613908));
#6165=CARTESIAN_POINT('Ctrl Pts',(2.09350962925711,6.3542369216327,12.5318345839453));
#6166=CARTESIAN_POINT('Ctrl Pts',(1.14823949508074,8.23525422204179,11.1453647421176));
#6167=CARTESIAN_POINT('Ctrl Pts',(0.753408231748243,9.02093908631387,10.5662481283274));
#6168=CARTESIAN_POINT('Ctrl Pts',(0.358576968415745,9.80662395058594,9.98713151453718));
#6169=CARTESIAN_POINT('Ctrl Pts',(-0.036254294916752,10.592308814858,9.40801490074696));
#6170=CARTESIAN_POINT('Ctrl Pts',(4.28865283862028,1.74338265562506,13.7643418621711));
#6171=CARTESIAN_POINT('Ctrl Pts',(3.18628667285589,4.06401309661501,13.4723808613275));
#6172=CARTESIAN_POINT('Ctrl Pts',(2.09502959355788,6.30690184869303,12.5812363544752));
#6173=CARTESIAN_POINT('Ctrl Pts',(1.1492777022701,8.1957892691721,11.2003946256332));
#6174=CARTESIAN_POINT('Ctrl Pts',(0.754245213105916,8.98476141539401,10.6236288265784));
#6175=CARTESIAN_POINT('Ctrl Pts',(0.359212723941733,9.77373356161593,10.0468630275236));
#6176=CARTESIAN_POINT('Ctrl Pts',(-0.0358197652224503,10.5627057078378,
9.47009722846873));
#6177=CARTESIAN_POINT('Ctrl Pts',(4.28885161205969,1.68444235362324,13.79754601141));
#6178=CARTESIAN_POINT('Ctrl Pts',(3.18747648398293,4.00997712213826,13.5141123536985));
#6179=CARTESIAN_POINT('Ctrl Pts',(2.09648896041226,6.25967326109823,12.6305040254546));
#6180=CARTESIAN_POINT('Ctrl Pts',(1.15028514289152,8.15637689375122,11.2553550064462));
#6181=CARTESIAN_POINT('Ctrl Pts',(0.755063887998849,8.94861380505513,10.6809670036784));
#6182=CARTESIAN_POINT('Ctrl Pts',(0.359842633106181,9.74085071635904,10.1065790009107));
#6183=CARTESIAN_POINT('Ctrl Pts',(-0.0353786217864863,10.5330876276629,
9.53219099814292));
#6184=CARTESIAN_POINT('Ctrl Pts',(4.29241539512258,0.627709368506307,14.3928588712339));
#6185=CARTESIAN_POINT('Ctrl Pts',(3.20880845245444,3.04117318538977,14.262310836042));
#6186=CARTESIAN_POINT('Ctrl Pts',(2.12265375835235,5.41291807565027,13.5138176708827));
#6187=CARTESIAN_POINT('Ctrl Pts',(1.16834741436012,7.44975755665041,12.2407325037961));
#6188=CARTESIAN_POINT('Ctrl Pts',(0.769741803348222,8.3005280151813,11.7089757004473));
#6189=CARTESIAN_POINT('Ctrl Pts',(0.371136192336323,9.15129847371221,11.1772188970985));
#6190=CARTESIAN_POINT('Ctrl Pts',(-0.0274694186755732,10.0020689322431,
10.6454620937498));
#6191=CARTESIAN_POINT('Ctrl Pts',(4.29597917818546,-0.429023616610624,14.9881717310577));
#6192=CARTESIAN_POINT('Ctrl Pts',(3.23014042092596,2.07236924864127,15.0105093183855));
#6193=CARTESIAN_POINT('Ctrl Pts',(2.14881855629244,4.56616289020232,14.3971313163108));
#6194=CARTESIAN_POINT('Ctrl Pts',(1.18640968582871,6.74313821954959,13.226110001146));
#6195=CARTESIAN_POINT('Ctrl Pts',(0.784419718697595,7.65244222530746,12.7369843972162));
#6196=CARTESIAN_POINT('Ctrl Pts',(0.382429751566465,8.56174623106537,12.2478587932864));
#6197=CARTESIAN_POINT('Ctrl Pts',(-0.0195602155646601,9.47105023682325,
11.7587331893566));
#6198=CARTESIAN_POINT('Ctrl Pts',(4.29954296124835,-1.48575660172755,15.5834845908816));
#6199=CARTESIAN_POINT('Ctrl Pts',(3.25147238939747,1.10356531189278,15.758707800729));
#6200=CARTESIAN_POINT('Ctrl Pts',(2.17498335423253,3.71940770475436,15.2804449617388));
#6201=CARTESIAN_POINT('Ctrl Pts',(1.20447195729731,6.03651888244878,14.2114874984959));
#6202=CARTESIAN_POINT('Ctrl Pts',(0.799097634046968,7.00435643543363,13.764993093985));
#6203=CARTESIAN_POINT('Ctrl Pts',(0.393723310796607,7.97219398841854,13.3184986894743));
#6204=CARTESIAN_POINT('Ctrl Pts',(-0.011651012453747,8.9400315414034,12.8720042849635));
#6205=CARTESIAN_POINT('',(4.22398120738681,1.82135172779594,13.7801547724435));
#6206=CARTESIAN_POINT('Origin',(4.49999999999999,-1.62630325873747E-18,
-6.15013210267065E-50));
#6207=CARTESIAN_POINT('Ctrl Pts',(4.21370056359405,2.01460976783446,13.6776497043997));
#6208=CARTESIAN_POINT('Ctrl Pts',(4.21720472628125,1.95021563347332,13.7118416346271));
#6209=CARTESIAN_POINT('Ctrl Pts',(4.22063423055729,1.88579444770652,13.7460090377163));
#6210=CARTESIAN_POINT('Ctrl Pts',(4.22398127371063,1.82135265487531,13.780155097334));
#6211=CARTESIAN_POINT('Ctrl Pts',(7.904391622728,-5.52689416675172,16.1252576205164));
#6212=CARTESIAN_POINT('Ctrl Pts',(6.769594415152,-3.04347441330568,15.7984217578104));
#6213=CARTESIAN_POINT('Ctrl Pts',(5.634797207576,-0.560054659859648,15.4715858951045));
#6214=CARTESIAN_POINT('Ctrl Pts',(4.5,1.92336509358639,15.1447500323986));
#6215=CARTESIAN_POINT('Ctrl Pts',(3.53210902094609,4.04152291113963,14.8659852618894));
#6216=CARTESIAN_POINT('Ctrl Pts',(1.86173864446412,7.65329167312632,13.540804670442));
#6217=CARTESIAN_POINT('Ctrl Pts',(0.497453552942269,10.501771746148,10.9713219046102));
#6218=CARTESIAN_POINT('Ctrl Pts',(-2.10446279260755E-7,11.514593652294,
9.6998085102186));
#6219=CARTESIAN_POINT('Ctrl Pts',(-0.0461420279073516,11.6085389532515,
9.58186802356176));
#6220=CARTESIAN_POINT('Ctrl Pts',(-0.0922838453684239,11.7024842542089,
9.46392753690491));
#6221=CARTESIAN_POINT('Ctrl Pts',(-0.138425662829496,11.7964295551664,9.34598705024806));
#6222=CARTESIAN_POINT('Ctrl Pts',(7.87797184729672,-5.61899271430465,15.5749839158254));
#6223=CARTESIAN_POINT('Ctrl Pts',(6.75198123153115,-3.1810253948409,15.2871354495749));
#6224=CARTESIAN_POINT('Ctrl Pts',(5.62599061576557,-0.743058075377153,14.9992869833243));
#6225=CARTESIAN_POINT('Ctrl Pts',(4.5,1.6949092440866,14.7114385170738));
#6226=CARTESIAN_POINT('Ctrl Pts',(3.53962033725232,3.77429978187056,14.4659268679805));
#6227=CARTESIAN_POINT('Ctrl Pts',(1.87488343545157,7.32623917907405,13.2206956679847));
#6228=CARTESIAN_POINT('Ctrl Pts',(0.503087038474146,10.144642320619,10.7550065657393));
#6229=CARTESIAN_POINT('Ctrl Pts',(-2.12829509840015E-7,11.1521161789578,
9.53040781396987));
#6230=CARTESIAN_POINT('Ctrl Pts',(-0.0466645700524233,11.2455654164338,
9.41681894154421));
#6231=CARTESIAN_POINT('Ctrl Pts',(-0.0933289272753368,11.3390146539099,
9.30323006911856));
#6232=CARTESIAN_POINT('Ctrl Pts',(-0.13999328449825,11.432463891386,9.18964119669291));
#6233=CARTESIAN_POINT('Ctrl Pts',(7.85155207186545,-5.71109126185758,15.0247102111345));
#6234=CARTESIAN_POINT('Ctrl Pts',(6.7343680479103,-3.31857637637612,14.7758491413393));
#6235=CARTESIAN_POINT('Ctrl Pts',(5.61718402395515,-0.926061490894659,14.5269880715442));
#6236=CARTESIAN_POINT('Ctrl Pts',(4.5,1.4664533945868,14.278127001749));
#6237=CARTESIAN_POINT('Ctrl Pts',(3.54713165355854,3.50707665260148,14.0658684740716));
#6238=CARTESIAN_POINT('Ctrl Pts',(1.88802822643902,6.99918668502179,12.9005866655275));
#6239=CARTESIAN_POINT('Ctrl Pts',(0.508720524006023,9.7875128950899,10.5386912268684));
#6240=CARTESIAN_POINT('Ctrl Pts',(-2.15212740419275E-7,10.7896387056215,
9.36100711772113));
#6241=CARTESIAN_POINT('Ctrl Pts',(-0.0471871121974951,10.8825918796162,
9.25176985952667));
#6242=CARTESIAN_POINT('Ctrl Pts',(-0.0943740091822498,10.9755450536109,
9.14253260133222));
#6243=CARTESIAN_POINT('Ctrl Pts',(-0.141560906167004,11.0684982276056,9.03329534313776));
#6244=CARTESIAN_POINT('Ctrl Pts',(7.82513229643417,-5.80318980941052,14.4744365064436));
#6245=CARTESIAN_POINT('Ctrl Pts',(6.71675486428945,-3.45612735791134,14.2645628331038));
#6246=CARTESIAN_POINT('Ctrl Pts',(5.60837743214472,-1.10906490641216,14.054689159764));
#6247=CARTESIAN_POINT('Ctrl Pts',(4.5,1.23799754508701,13.8448154864242));
#6248=CARTESIAN_POINT('Ctrl Pts',(3.55464296986476,3.23985352333241,13.6658100801627));
#6249=CARTESIAN_POINT('Ctrl Pts',(1.90117301742647,6.67213419096953,12.5804776630702));
#6250=CARTESIAN_POINT('Ctrl Pts',(0.5143540095379,9.43038346956086,10.3223758879975));
#6251=CARTESIAN_POINT('Ctrl Pts',(-2.17595970998535E-7,10.4271612322853,
9.19160642147239));
#6252=CARTESIAN_POINT('Ctrl Pts',(-0.0477096543425668,10.5196183427986,
9.08672077750913));
#6253=CARTESIAN_POINT('Ctrl Pts',(-0.0954190910891627,10.6120754533119,
8.98183513354587));
#6254=CARTESIAN_POINT('Ctrl Pts',(-0.143128527835759,10.7045325638252,8.87694948958261));
#6255=CARTESIAN_POINT('Ctrl Pts',(7.69254833499484,-6.265373536488,11.7129645994017));
#6256=CARTESIAN_POINT('Ctrl Pts',(6.62836555666323,-4.14640779118935,11.6987437423285));
#6257=CARTESIAN_POINT('Ctrl Pts',(5.56418277833161,-2.0274420458907,11.6845228852552));
#6258=CARTESIAN_POINT('Ctrl Pts',(4.5,0.0915236994079464,11.6703020281819));
#6259=CARTESIAN_POINT('Ctrl Pts',(3.59233746405504,1.89883148630294,11.6581727779655));
#6260=CARTESIAN_POINT('Ctrl Pts',(1.96713831928689,5.03086682392245,10.9740552410258));
#6261=CARTESIAN_POINT('Ctrl Pts',(0.542624871660492,7.63817921308017,9.23682750314465));
#6262=CARTESIAN_POINT('Ctrl Pts',(-2.29555881560363E-7,8.60811854312785,
8.34149263312233));
#6263=CARTESIAN_POINT('Ctrl Pts',(-0.0503319592820179,8.69808622818568,
8.25844495878634));
#6264=CARTESIAN_POINT('Ctrl Pts',(-0.100663689008154,8.78805391324352,8.17539728445035));
#6265=CARTESIAN_POINT('Ctrl Pts',(-0.150995418734291,8.87802159830135,8.09234961011437));
#6266=CARTESIAN_POINT('Ctrl Pts',(7.56109592886848,-4.38601929565383,8.6115243349645));
#6267=CARTESIAN_POINT('Ctrl Pts',(6.54073061924565,-2.99177005861061,8.7612436822657));
#6268=CARTESIAN_POINT('Ctrl Pts',(5.52036530962283,-1.59752082156738,8.9109630295669));
#6269=CARTESIAN_POINT('Ctrl Pts',(4.5,-0.203271584524157,9.0606823768681));
#6270=CARTESIAN_POINT('Ctrl Pts',(3.62971024961098,0.985911161148531,9.18838096889426));
#6271=CARTESIAN_POINT('Ctrl Pts',(2.03647767294987,3.63938378547999,8.96935964599961));
#6272=CARTESIAN_POINT('Ctrl Pts',(0.57089573337526,6.07462676490239,7.86068633623338));
#6273=CARTESIAN_POINT('Ctrl Pts',(-2.4151579162206E-7,6.9138898290844,7.22487162622076));
#6274=CARTESIAN_POINT('Ctrl Pts',(-0.0529542641836403,6.99173650742797,
7.16589600185595));
#6275=CARTESIAN_POINT('Ctrl Pts',(-0.105908286851489,7.06958318577154,7.10692037749113));
#6276=CARTESIAN_POINT('Ctrl Pts',(-0.158862309519338,7.14742986411511,7.04794475312631));
#6277=CARTESIAN_POINT('Ctrl Pts',(7.42738046788626,-3.09496599102194,5.63217712931775));
#6278=CARTESIAN_POINT('Ctrl Pts',(6.45158697859084,-1.92024007010645,5.98318767543682));
#6279=CARTESIAN_POINT('Ctrl Pts',(5.47579348929542,-0.745514149190956,6.33419822155589));
#6280=CARTESIAN_POINT('Ctrl Pts',(4.5,0.429211771724534,6.68520876767496));
#6281=CARTESIAN_POINT('Ctrl Pts',(3.6677264365798,1.43115873997943,6.98459260372364));
#6282=CARTESIAN_POINT('Ctrl Pts',(2.10268430378518,3.22764601680178,7.05683221039524));
#6283=CARTESIAN_POINT('Ctrl Pts',(0.599166595468684,4.81127965242178,6.32960099087272));
#6284=CARTESIAN_POINT('Ctrl Pts',(-2.5347570116379E-7,5.41535428493638,
5.88845807818758));
#6285=CARTESIAN_POINT('Ctrl Pts',(-0.0555765691203847,5.47138582691626,
5.84753942956241));
#6286=CARTESIAN_POINT('Ctrl Pts',(-0.111152884765068,5.52741736889614,5.80662078093724));
#6287=CARTESIAN_POINT('Ctrl Pts',(-0.166729200409752,5.58344891087602,5.76570213231207));
#6288=CARTESIAN_POINT('Ctrl Pts',(7.04516472223383,0.595414297705493,-2.8840662833652));
#6289=CARTESIAN_POINT('Ctrl Pts',(6.19677648148922,1.14264907178189,-1.95767974793051));
#6290=CARTESIAN_POINT('Ctrl Pts',(5.34838824074461,1.68988384585828,-1.03129321249582));
#6291=CARTESIAN_POINT('Ctrl Pts',(4.5,2.23711861993468,-0.104906677061133));
#6292=CARTESIAN_POINT('Ctrl Pts',(3.77639289251853,2.70386598035914,0.68522671838449));
#6293=CARTESIAN_POINT('Ctrl Pts',(2.29193105644916,2.05072408785949,1.59001412884659));
#6294=CARTESIAN_POINT('Ctrl Pts',(0.679976761741911,1.20009546274304,1.95310688438853));
#6295=CARTESIAN_POINT('Ctrl Pts',(-2.8766221714219E-7,1.13190137540833,
2.06841889192319));
#6296=CARTESIAN_POINT('Ctrl Pts',(-0.0630722336408775,1.12557596516661,
2.07911477160956));
#6297=CARTESIAN_POINT('Ctrl Pts',(-0.126144179619538,1.11925055492488,2.08981065129593));
#6298=CARTESIAN_POINT('Ctrl Pts',(-0.189216125598198,1.11292514468316,2.1005065309823));
#6299=CARTESIAN_POINT('Ctrl Pts',(6.66294897658141,4.28579458643292,-11.4003096960481));
#6300=CARTESIAN_POINT('Ctrl Pts',(5.94196598438761,4.20553821367022,-9.89854717129784));
#6301=CARTESIAN_POINT('Ctrl Pts',(5.2209829921938,4.12528184090753,-8.39678464654753));
#6302=CARTESIAN_POINT('Ctrl Pts',(4.5,4.04502546814483,-6.89502212179723));
#6303=CARTESIAN_POINT('Ctrl Pts',(3.88505934845725,3.97657322073885,-5.61413916695466));
#6304=CARTESIAN_POINT('Ctrl Pts',(2.48117780911313,0.873802158917207,-3.87680395270207));
#6305=CARTESIAN_POINT('Ctrl Pts',(0.760786928015138,-2.41108872693569,-2.42338722209567));
#6306=CARTESIAN_POINT('Ctrl Pts',(-3.21848733120589E-7,-3.15155153411971,
-1.75162029434119));
#6307=CARTESIAN_POINT('Ctrl Pts',(-0.0705678981613703,-3.22023389658304,
-1.68930988634328));
#6308=CARTESIAN_POINT('Ctrl Pts',(-0.141135474474007,-3.28891625904637,
-1.62699947834538));
#6309=CARTESIAN_POINT('Ctrl Pts',(-0.211703050786645,-3.3575986215097,-1.56468907034748));
#6310=CARTESIAN_POINT('Ctrl Pts',(6.28073323092899,7.97617487516035,-19.9165531087311));
#6311=CARTESIAN_POINT('Ctrl Pts',(5.68715548728599,7.26842735555856,-17.8394145946652));
#6312=CARTESIAN_POINT('Ctrl Pts',(5.093577743643,6.56067983595677,-15.7622760805992));
#6313=CARTESIAN_POINT('Ctrl Pts',(4.5,5.85293231635498,-13.6851375665333));
#6314=CARTESIAN_POINT('Ctrl Pts',(3.99372580439598,5.24928046111857,-11.9135050522938));
#6315=CARTESIAN_POINT('Ctrl Pts',(2.6704245617771,-0.30311977002508,-9.34362203425072));
#6316=CARTESIAN_POINT('Ctrl Pts',(0.841597094288365,-6.02227291661442,-6.79988132857986));
#6317=CARTESIAN_POINT('Ctrl Pts',(-3.56035249098989E-7,-7.43500444364776,
-5.57165948060557));
#6318=CARTESIAN_POINT('Ctrl Pts',(-0.0780635626818631,-7.56604375833269,
-5.45773454429613));
#6319=CARTESIAN_POINT('Ctrl Pts',(-0.156126769328477,-7.69708307301762,
-5.34380960798669));
#6320=CARTESIAN_POINT('Ctrl Pts',(-0.234189975975091,-7.82812238770255,
-5.22988467167726));
#6321=CARTESIAN_POINT('',(3.99999999999893,0.860297382959705,7.9536085151881));
#6322=CARTESIAN_POINT('Ctrl Pts',(3.99999999999823,0.860297382959197,7.95360851518816));
#6323=CARTESIAN_POINT('Ctrl Pts',(3.80720252867936,1.12294707333621,7.92519916604369));
#6324=CARTESIAN_POINT('Ctrl Pts',(3.61413220589162,1.383882934587,7.88380939515831));
#6325=CARTESIAN_POINT('Ctrl Pts',(3.05814839531004,2.12169629473697,7.72907385567128));
#6326=CARTESIAN_POINT('Ctrl Pts',(2.69551810881498,2.58647107349681,7.5856454676648));
#6327=CARTESIAN_POINT('Ctrl Pts',(1.63820535510001,3.847222864215,7.06928837989371));
#6328=CARTESIAN_POINT('Ctrl Pts',(1.0039124415059,4.48179752337309,6.65412605312646));
#6329=CARTESIAN_POINT('Ctrl Pts',(0.499999999999999,4.95537853520914,6.28046364313882));
#6330=CARTESIAN_POINT('',(4.5,0.193364862244329,7.86364836974743));
#6331=CARTESIAN_POINT('Ctrl Pts',(3.99999999999823,0.860297382959197,7.95360851518816));
#6332=CARTESIAN_POINT('Ctrl Pts',(4.12971541010626,0.683584939227717,7.9727225126385));
#6333=CARTESIAN_POINT('Ctrl Pts',(4.25454657501083,0.514556522457164,7.95978505290727));
#6334=CARTESIAN_POINT('Ctrl Pts',(4.41563345240343,0.30234396280308,7.90531124693015));
#6335=CARTESIAN_POINT('Ctrl Pts',(4.4590334230004,0.245876491539854,7.88601633765161));
#6336=CARTESIAN_POINT('Ctrl Pts',(4.49999999999999,0.193364862244347,7.86364836974744));
#6337=CARTESIAN_POINT('',(4.49999999999977,1.08183547818059,13.5356208911431));
#6338=CARTESIAN_POINT('Ctrl Pts',(4.5,1.08205456897033,13.5355153714828));
#6339=CARTESIAN_POINT('Ctrl Pts',(4.5,0.670664445890656,12.6813448149041));
#6340=CARTESIAN_POINT('Ctrl Pts',(4.5,0.386615227428142,11.7671616302619));
#6341=CARTESIAN_POINT('Ctrl Pts',(4.5,0.0816794602661637,9.89523952685504));
#6342=CARTESIAN_POINT('Ctrl Pts',(4.5,0.06086437276631,8.9371807416981));
#6343=CARTESIAN_POINT('Ctrl Pts',(4.5,0.176265684006221,7.995725291095));
#6344=CARTESIAN_POINT('Ctrl Pts',(4.5,0.181666948514498,7.95166123448393));
#6345=CARTESIAN_POINT('Ctrl Pts',(4.5,0.187366529080794,7.90763427848964));
#6346=CARTESIAN_POINT('Ctrl Pts',(4.5,0.193364862244329,7.86364836974743));
#6347=CARTESIAN_POINT('Ctrl Pts',(4.22398075006878,1.82135055854961,13.7801540321363));
#6348=CARTESIAN_POINT('Ctrl Pts',(4.24379687701811,1.77953945819755,13.7856771181932));
#6349=CARTESIAN_POINT('Ctrl Pts',(4.26368777784726,1.73664690139648,13.7896924134429));
#6350=CARTESIAN_POINT('Ctrl Pts',(4.2832722804737,1.69337846569008,13.7916380825796));
#6351=CARTESIAN_POINT('Ctrl Pts',(4.30184954168319,1.65233534871255,13.7934836849147));
#6352=CARTESIAN_POINT('Ctrl Pts',(4.32015139857374,1.61095416877657,13.7934671882569));
#6353=CARTESIAN_POINT('Ctrl Pts',(4.33782429509523,1.56985432034302,13.7911401081779));
#6354=CARTESIAN_POINT('Ctrl Pts',(4.35143417478548,1.53820336874105,13.7893480261688));
#6355=CARTESIAN_POINT('Ctrl Pts',(4.36467066316364,1.5067195809368,13.7861862066916));
#6356=CARTESIAN_POINT('Ctrl Pts',(4.37735731905964,1.47569278023404,13.781463164961));
#6357=CARTESIAN_POINT('Ctrl Pts',(4.39507445206274,1.43236331979797,13.7748673560097));
#6358=CARTESIAN_POINT('Ctrl Pts',(4.41095858968772,1.39184279537825,13.7654839912397));
#6359=CARTESIAN_POINT('Ctrl Pts',(4.424985220346,1.3543212095742,13.7533977453059));
#6360=CARTESIAN_POINT('Ctrl Pts',(4.43883771746802,1.31726543530978,13.7414615440118));
#6361=CARTESIAN_POINT('Ctrl Pts',(4.45087914624366,1.28313410731256,13.7268883748988));
#6362=CARTESIAN_POINT('Ctrl Pts',(4.46104342102057,1.25209525674635,13.7097381173585));
#6363=CARTESIAN_POINT('Ctrl Pts',(4.46284069470679,1.24660688589867,13.7067055639038));
#6364=CARTESIAN_POINT('Ctrl Pts',(4.46457915443178,1.24121517737518,13.703592395727));
#6365=CARTESIAN_POINT('Ctrl Pts',(4.46625827059778,1.23592102767198,13.7003988991637));
#6366=CARTESIAN_POINT('Ctrl Pts',(4.47391569009399,1.21177765631157,13.6858353190257));
#6367=CARTESIAN_POINT('Ctrl Pts',(4.48061476138227,1.18880635563376,13.6690771808278));
#6368=CARTESIAN_POINT('Ctrl Pts',(4.48599414715334,1.16764609613935,13.6498433726205));
#6369=CARTESIAN_POINT('Ctrl Pts',(4.48800551057636,1.15973423151761,13.6426518121041));
#6370=CARTESIAN_POINT('Ctrl Pts',(4.4898319961967,1.15207568498162,13.6351144221162));
#6371=CARTESIAN_POINT('Ctrl Pts',(4.4914531261047,1.14470433599483,13.6272175297229));
#6372=CARTESIAN_POINT('Ctrl Pts',(4.49703299451538,1.11933242893644,13.6000367219479));
#6373=CARTESIAN_POINT('Ctrl Pts',(4.50000016188321,1.09820086585857,13.5694841696168));
#6374=CARTESIAN_POINT('Ctrl Pts',(4.49999999999977,1.08183547818059,13.5356208911431));
#6375=CARTESIAN_POINT('Origin',(4.,0.,0.));
#6376=CARTESIAN_POINT('Origin',(4.5,8.13160299439597E-31,2.45624088591457E-30));
#6377=CARTESIAN_POINT('Origin',(4.,0.,0.));
#6378=CARTESIAN_POINT('Origin',(4.5,8.13160299439597E-31,2.45624088591457E-30));
#6379=CARTESIAN_POINT('',(4.,-9.79717439317883E-16,-8.));
#6380=CARTESIAN_POINT('Origin',(4.,0.,0.));
#6381=CARTESIAN_POINT('',(5.,-8.57252759403147E-16,-7.));
#6382=CARTESIAN_POINT('Origin',(4.,-8.57252759403147E-16,-7.));
#6383=CARTESIAN_POINT('Origin',(5.,0.,0.));
#6384=CARTESIAN_POINT('Origin',(4.,0.,0.));
#6385=CARTESIAN_POINT('Origin',(4.5,8.13160299439597E-31,2.45624088591457E-30));
#6386=CARTESIAN_POINT('Origin',(4.,0.,0.));
#6387=CARTESIAN_POINT('Origin',(4.5,8.13160299439597E-31,2.45624088591457E-30));
#6388=CARTESIAN_POINT('Origin',(4.,0.,0.));
#6389=CARTESIAN_POINT('Origin',(4.5,8.13160299439597E-31,2.45624088591457E-30));
#6390=CARTESIAN_POINT('Origin',(4.,0.,0.));
#6391=CARTESIAN_POINT('Origin',(0.,0.,0.));
#6392=CARTESIAN_POINT('Ctrl Pts',(0.499999999999994,-0.54142028901458,-7.9816579775535));
#6393=CARTESIAN_POINT('Ctrl Pts',(0.561906045733199,-0.47303833143039,-7.98629653502398));
#6394=CARTESIAN_POINT('Ctrl Pts',(0.624207474309515,-0.405159763416567,
-7.99001758742604));
#6395=CARTESIAN_POINT('Ctrl Pts',(0.686286286446358,-0.33787387193207,-7.99286189338122));
#6396=CARTESIAN_POINT('Origin',(0.,0.,0.));
#6397=CARTESIAN_POINT('Ctrl Pts',(0.499999999999994,-7.75831590079635,-1.95154666443068));
#6398=CARTESIAN_POINT('Ctrl Pts',(0.56190599197304,-7.74159625862233,-2.01801510615365));
#6399=CARTESIAN_POINT('Ctrl Pts',(0.624207366082585,-7.72415957444765,-2.08372127262868));
#6400=CARTESIAN_POINT('Ctrl Pts',(0.686286124715828,-7.70607220305178,-2.14859284215336));
#6401=CARTESIAN_POINT('Origin',(0.,0.,0.));
#6402=CARTESIAN_POINT('Ctrl Pts',(0.499999999999994,7.42369975998655,-2.98138925227412));
#6403=CARTESIAN_POINT('Ctrl Pts',(0.561905992681382,7.44924245540778,-2.91778759350938));
#6404=CARTESIAN_POINT('Ctrl Pts',(0.624207367508575,7.47375699749226,-2.85438116166604));
#6405=CARTESIAN_POINT('Ctrl Pts',(0.686286126846787,7.49725455875479,-2.79126746859389));
#6406=CARTESIAN_POINT('Origin',(0.,0.,0.));
#6407=CARTESIAN_POINT('Ctrl Pts',(0.500000000000001,-4.25348263313633,6.77553580830384));
#6408=CARTESIAN_POINT('Ctrl Pts',(0.561906045916294,-4.31153127477531,6.7390945738282));
#6409=CARTESIAN_POINT('Ctrl Pts',(0.624207474678113,-4.3686333697433,6.70220694712278));
#6410=CARTESIAN_POINT('Ctrl Pts',(0.68628628699714,-4.42474064068947,6.66495838416347));
#6411=CARTESIAN_POINT('Origin',(5.,0.,0.));
#6412=CARTESIAN_POINT('Ctrl Pts',(4.21370068400933,13.630766678619,2.31061837531593));
#6413=CARTESIAN_POINT('Ctrl Pts',(4.22557113226935,13.6735165003043,2.55387699197803));
#6414=CARTESIAN_POINT('Ctrl Pts',(4.23657701229391,13.7158932273387,2.79734590378858));
#6415=CARTESIAN_POINT('Ctrl Pts',(4.24645366195464,13.7581500392264,3.04086352212062));
#6416=CARTESIAN_POINT('Ctrl Pts',(4.39138041529014,13.4941206473138,2.33999742855553));
#6417=CARTESIAN_POINT('Ctrl Pts',(4.39637484615978,13.5362982555583,2.5831909003142));
#6418=CARTESIAN_POINT('Ctrl Pts',(4.40120340074551,13.5786476698958,2.82643273245973));
#6419=CARTESIAN_POINT('Ctrl Pts',(4.40524661597288,13.6209162217738,3.06969992308601));
#6420=CARTESIAN_POINT('Ctrl Pts',(4.5,13.2754748509158,2.38700652520939));
#6421=CARTESIAN_POINT('Ctrl Pts',(4.4998832363049,13.3222721010177,2.62890382169517));
#6422=CARTESIAN_POINT('Ctrl Pts',(4.50008522961444,13.3689874234355,2.87086097694288));
#6423=CARTESIAN_POINT('Ctrl Pts',(4.49999999999997,13.4153167166055,3.11290173645367));
#6424=CARTESIAN_POINT('Ctrl Pts',(4.5,13.0544604616491,2.43452487204292));
#6425=CARTESIAN_POINT('Ctrl Pts',(4.5,13.1061753918583,2.6750581497725));
#6426=CARTESIAN_POINT('Ctrl Pts',(4.49999999999997,13.1574038204011,2.91569695161189));
#6427=CARTESIAN_POINT('Ctrl Pts',(4.49999999999997,13.2079955283919,3.15646532029127));
#6428=CARTESIAN_POINT('Ctrl Pts',(4.49999999999997,13.2074209895475,3.15373119811237));
#6429=CARTESIAN_POINT('Ctrl Pts',(4.49999999999997,13.1936828954432,3.08835744055089));
#6430=CARTESIAN_POINT('Ctrl Pts',(4.49999999999997,13.1798979013845,3.02299322852458));
#6431=CARTESIAN_POINT('Ctrl Pts',(4.49999999999997,13.1660690144296,2.95763808074975));
#6432=CARTESIAN_POINT('Origin',(4.5,-9.5142866030877,3.65865820404875));
#6433=CARTESIAN_POINT('Ctrl Pts',(1.29320859829326,7.47448191842701,-1.98738928006307));
#6434=CARTESIAN_POINT('Ctrl Pts',(1.0905178967321,7.43958626584426,-2.22493392144991));
#6435=CARTESIAN_POINT('Ctrl Pts',(0.887827195170951,7.40469061326152,-2.46247856283675));
#6436=CARTESIAN_POINT('Ctrl Pts',(0.685136493609798,7.36979496067877,-2.70002320422358));
#6437=CARTESIAN_POINT('Ctrl Pts',(0.451874278115394,7.32963605269789,-2.97339632347345));
#6438=CARTESIAN_POINT('Ctrl Pts',(0.222942859164187,7.26883351545999,-3.2447572310617));
#6439=CARTESIAN_POINT('Ctrl Pts',(-3.48267171357734E-15,7.18782763895158,
-3.51214091868816));
#6440=CARTESIAN_POINT('Ctrl Pts',(1.29385789650251,7.5154014328978,-2.02140298999958));
#6441=CARTESIAN_POINT('Ctrl Pts',(1.09107770077074,7.48105806329808,-2.25770144105014));
#6442=CARTESIAN_POINT('Ctrl Pts',(0.888297505038976,7.44671469369837,-2.49399989210069));
#6443=CARTESIAN_POINT('Ctrl Pts',(0.68551730930721,7.41237132409865,-2.73029834315124));
#6444=CARTESIAN_POINT('Ctrl Pts',(0.452152101379753,7.37284799905872,-3.00223731117202));
#6445=CARTESIAN_POINT('Ctrl Pts',(0.223093743862741,7.31273715283468,-3.27220713298076));
#6446=CARTESIAN_POINT('Ctrl Pts',(-3.38338935968476E-15,7.23247638147243,
-3.53825395286522));
#6447=CARTESIAN_POINT('Ctrl Pts',(1.29387597888174,7.55364045025161,-2.06132568369757));
#6448=CARTESIAN_POINT('Ctrl Pts',(1.09107876834577,7.52015397362188,-2.29570931911092));
#6449=CARTESIAN_POINT('Ctrl Pts',(0.888281557809806,7.48666749699214,-2.53009295452427));
#6450=CARTESIAN_POINT('Ctrl Pts',(0.685484347273837,7.45318102036241,-2.76447658993762));
#6451=CARTESIAN_POINT('Ctrl Pts',(0.452099558226506,7.41464383208692,-3.03421193374497));
#6452=CARTESIAN_POINT('Ctrl Pts',(0.22304626440442,7.35576316241202,-3.30159183246002));
#6453=CARTESIAN_POINT('Ctrl Pts',(-3.2837077207959E-15,7.27702626107913,
-3.56453602540921));
#6454=CARTESIAN_POINT('Ctrl Pts',(1.29517437767635,7.59698542903648,-2.08976936517104));
#6455=CARTESIAN_POINT('Ctrl Pts',(1.09221170380241,7.56374183452855,-2.32360198863567));
#6456=CARTESIAN_POINT('Ctrl Pts',(0.889249029928471,7.53049824002062,-2.55743461210031));
#6457=CARTESIAN_POINT('Ctrl Pts',(0.686286356054532,7.49725464551269,-2.79126723556495));
#6458=CARTESIAN_POINT('Ctrl Pts',(0.452711147098933,7.45899697288049,-3.06036845917374));
#6459=CARTESIAN_POINT('Ctrl Pts',(0.22339551325985,7.40026231933727,-3.32758651115429));
#6460=CARTESIAN_POINT('Ctrl Pts',(-3.18362965443157E-15,7.32147600068384,
-3.59098638290583));
#6461=CARTESIAN_POINT('Ctrl Pts',(1.29597441980543,7.62369356312917,-2.10729567802617));
#6462=CARTESIAN_POINT('Ctrl Pts',(1.09290979139969,7.59059962674681,-2.34078878117207));
#6463=CARTESIAN_POINT('Ctrl Pts',(0.889845162993953,7.55750569036445,-2.57428188431797));
#6464=CARTESIAN_POINT('Ctrl Pts',(0.686780534588213,7.52441175398209,-2.80777498746387));
#6465=CARTESIAN_POINT('Ctrl Pts',(0.453087993462048,7.48632631217088,-3.07648548144794));
#6466=CARTESIAN_POINT('Ctrl Pts',(0.223610712010064,7.42768163025838,-3.34360380736082));
#6467=CARTESIAN_POINT('Ctrl Pts',(-3.1219639554019E-15,7.34886486183982,
-3.60728445743773));
#6468=CARTESIAN_POINT('Ctrl Pts',(1.29677446193452,7.65040169722186,-2.12482199088131));
#6469=CARTESIAN_POINT('Ctrl Pts',(1.09360787899698,7.61745741896507,-2.35797557370847));
#6470=CARTESIAN_POINT('Ctrl Pts',(0.890441296059434,7.58451314070828,-2.59112915653563));
#6471=CARTESIAN_POINT('Ctrl Pts',(0.687274713121893,7.55156886245149,-2.82428273936278));
#6472=CARTESIAN_POINT('Ctrl Pts',(0.453464839825163,7.51365565146127,-3.09260250372214));
#6473=CARTESIAN_POINT('Ctrl Pts',(0.223825910760277,7.45510094117948,-3.35962110356734));
#6474=CARTESIAN_POINT('Ctrl Pts',(-3.06029825637222E-15,7.3762537229958,
-3.62358253196962));
#6475=CARTESIAN_POINT('Ctrl Pts',(1.2975745040636,7.67710983131455,-2.14234830373645));
#6476=CARTESIAN_POINT('Ctrl Pts',(1.09430596659426,7.64431521118333,-2.37516236624487));
#6477=CARTESIAN_POINT('Ctrl Pts',(0.891037429124916,7.61152059105211,-2.60797642875328));
#6478=CARTESIAN_POINT('Ctrl Pts',(0.687768891655573,7.57872597092089,-2.8407904912617));
#6479=CARTESIAN_POINT('Ctrl Pts',(0.453841686188278,7.54098499075166,-3.10871952599633));
#6480=CARTESIAN_POINT('Ctrl Pts',(0.224041109510491,7.48252025210059,-3.37563839977387));
#6481=CARTESIAN_POINT('Ctrl Pts',(-2.99863255734255E-15,7.40364258415178,
-3.63988060650152));
#6482=CARTESIAN_POINT('Ctrl Pts',(4.21370068400933,6.40966721256857,-12.2496091263118));
#6483=CARTESIAN_POINT('Ctrl Pts',(4.22557113226934,6.65423032649729,-12.2150955762193));
#6484=CARTESIAN_POINT('Ctrl Pts',(4.23657701229368,6.89887815040999,-12.1801622072534));
#6485=CARTESIAN_POINT('Ctrl Pts',(4.24645366195473,7.14353524115843,-12.1450997410625));
#6486=CARTESIAN_POINT('Ctrl Pts',(4.39138041529014,6.39538240670748,-12.1105724010835));
#6487=CARTESIAN_POINT('Ctrl Pts',(4.39637484615978,6.63970674047366,-12.0755347745516));
#6488=CARTESIAN_POINT('Ctrl Pts',(4.40120340074557,6.88413015870363,-12.040645601143));
#6489=CARTESIAN_POINT('Ctrl Pts',(4.40524661597307,7.12855270640723,-12.0056716867632));
#6490=CARTESIAN_POINT('Ctrl Pts',(4.5,6.37252544756966,-11.8881012819024));
#6491=CARTESIAN_POINT('Ctrl Pts',(4.4998832363049,6.61704459323816,-11.857857736049));
#6492=CARTESIAN_POINT('Ctrl Pts',(4.50008522961471,6.8615953509256,-11.8275177749631));
#6493=CARTESIAN_POINT('Ctrl Pts',(4.50000000000023,7.10610633139417,-11.7967848431074));
#6494=CARTESIAN_POINT('Ctrl Pts',(4.5,6.34942087868445,-11.6632201300791));
#6495=CARTESIAN_POINT('Ctrl Pts',(4.5,6.59416241215257,-11.6380750809132));
#6496=CARTESIAN_POINT('Ctrl Pts',(4.50000000000023,6.83885396773012,-11.6124347324238));
#6497=CARTESIAN_POINT('Ctrl Pts',(4.50000000000023,7.083471991224,-11.586148788349));
#6498=CARTESIAN_POINT('Ctrl Pts',(4.50000000000023,7.08069414424286,-11.586447259655));
#6499=CARTESIAN_POINT('Ctrl Pts',(4.50000000000023,7.01427470157074,-11.5935831578085));
#6500=CARTESIAN_POINT('Ctrl Pts',(4.50000000000021,6.94784984435902,-11.6006715017219));
#6501=CARTESIAN_POINT('Ctrl Pts',(4.50000000000019,6.88142004411192,-11.6077153000026));
#6502=CARTESIAN_POINT('Origin',(4.5,-9.5142866030877,3.65865820404875));
#6503=CARTESIAN_POINT('Ctrl Pts',(1.29320859829326,0.419622411723094,-7.72279179642834));
#6504=CARTESIAN_POINT('Ctrl Pts',(1.0905178967321,0.182920682943273,-7.7630093897604));
#6505=CARTESIAN_POINT('Ctrl Pts',(0.887827195170951,-0.0537810458365479,
-7.80322698309245));
#6506=CARTESIAN_POINT('Ctrl Pts',(0.685136493609798,-0.290482774616369,
-7.84344457642451));
#6507=CARTESIAN_POINT('Ctrl Pts',(0.451874278115394,-0.562885846100526,
-7.88972812495551));
#6508=CARTESIAN_POINT('Ctrl Pts',(0.222942859164187,-0.839754422837726,
-7.9157566077619));
#6509=CARTESIAN_POINT('Ctrl Pts',(-3.48267171357733E-15,-1.11908361379123,
-7.92134154454559));
#6510=CARTESIAN_POINT('Ctrl Pts',(1.29385789650251,0.399918276617622,-7.77221938172156));
#6511=CARTESIAN_POINT('Ctrl Pts',(1.09107770077074,0.164572410105135,-7.81257713339133));
#6512=CARTESIAN_POINT('Ctrl Pts',(0.888297505038976,-0.0707734564073519,
-7.85293488506109));
#6513=CARTESIAN_POINT('Ctrl Pts',(0.68551730930721,-0.306119322919839,-7.89329263673085));
#6514=CARTESIAN_POINT('Ctrl Pts',(0.452152101379753,-0.57696202960212,-7.93973748345719));
#6515=CARTESIAN_POINT('Ctrl Pts',(0.223093743862741,-0.852293860865854,
-7.96599393436306));
#6516=CARTESIAN_POINT('Ctrl Pts',(-3.38338935968475E-15,-1.13012136488915,
-7.97187439339984));
#6517=CARTESIAN_POINT('Ctrl Pts',(1.29387597888174,0.373766044838646,-7.82092363916657));
#6518=CARTESIAN_POINT('Ctrl Pts',(1.09107876834577,0.140506070705502,-7.8615046339062));
#6519=CARTESIAN_POINT('Ctrl Pts',(0.888281557809806,-0.092753903427642,
-7.90208562864583));
#6520=CARTESIAN_POINT('Ctrl Pts',(0.685484347273837,-0.326013877560786,
-7.94266662338546));
#6521=CARTESIAN_POINT('Ctrl Pts',(0.452099558226506,-0.594456080056437,
-7.9893683845764));
#6522=CARTESIAN_POINT('Ctrl Pts',(0.22304626440442,-0.866944602625438,-8.01599447265547));
#6523=CARTESIAN_POINT('Ctrl Pts',(-3.2837077207959E-15,-1.14135043134802,
-8.02236545376344));
#6524=CARTESIAN_POINT('Ctrl Pts',(1.29517437767635,0.360108831291221,-7.87093674464646));
#6525=CARTESIAN_POINT('Ctrl Pts',(1.09221170380241,0.127447955365726,-7.91157846195448));
#6526=CARTESIAN_POINT('Ctrl Pts',(0.889249029928471,-0.105212920559768,
-7.95222017926249));
#6527=CARTESIAN_POINT('Ctrl Pts',(0.686286356054532,-0.337873796485263,
-7.9928618965705));
#6528=CARTESIAN_POINT('Ctrl Pts',(0.452711147098933,-0.605626539749984,
-8.03963353901757));
#6529=CARTESIAN_POINT('Ctrl Pts',(0.22339551325985,-0.877916015461365,-8.06634848329871));
#6530=CARTESIAN_POINT('Ctrl Pts',(-3.18362965443157E-15,-1.15277049127012,
-8.07281327823587));
#6531=CARTESIAN_POINT('Ctrl Pts',(1.29597441980543,0.351693584566399,-7.90175361813434));
#6532=CARTESIAN_POINT('Ctrl Pts',(1.09290979139969,0.119401858556607,-7.94243275122947));
#6533=CARTESIAN_POINT('Ctrl Pts',(0.889845162993952,-0.112889867453185,
-7.98311188432459));
#6534=CARTESIAN_POINT('Ctrl Pts',(0.686780534588212,-0.345181593462976,
-8.02379101741972));
#6535=CARTESIAN_POINT('Ctrl Pts',(0.453087993462048,-0.612509508521355,
-8.07060571901716));
#6536=CARTESIAN_POINT('Ctrl Pts',(0.223610712010064,-0.884676336343337,
-8.09737541435428));
#6537=CARTESIAN_POINT('Ctrl Pts',(-3.12196395540194E-15,-1.15980725770297,
-8.10389801511809));
#6538=CARTESIAN_POINT('Ctrl Pts',(1.29677446193452,0.343278337841577,-7.93257049162221));
#6539=CARTESIAN_POINT('Ctrl Pts',(1.09360787899697,0.111355761747488,-7.97328704050446));
#6540=CARTESIAN_POINT('Ctrl Pts',(0.890441296059433,-0.120566814346601,
-8.0140035893867));
#6541=CARTESIAN_POINT('Ctrl Pts',(0.687274713121892,-0.35248939044069,-8.05472013826894));
#6542=CARTESIAN_POINT('Ctrl Pts',(0.453464839825163,-0.619392477292727,
-8.10157789901676));
#6543=CARTESIAN_POINT('Ctrl Pts',(0.223825910760277,-0.891436657225308,
-8.12840234540985));
#6544=CARTESIAN_POINT('Ctrl Pts',(-3.0602982563723E-15,-1.16684402413581,
-8.13498275200031));
#6545=CARTESIAN_POINT('Ctrl Pts',(1.2975745040636,0.334863091116756,-7.96338736511008));
#6546=CARTESIAN_POINT('Ctrl Pts',(1.09430596659426,0.103309664938369,-8.00414132977945));
#6547=CARTESIAN_POINT('Ctrl Pts',(0.891037429124914,-0.128243761240017,
-8.04489529444881));
#6548=CARTESIAN_POINT('Ctrl Pts',(0.687768891655572,-0.359797187418403,
-8.08564925911817));
#6549=CARTESIAN_POINT('Ctrl Pts',(0.453841686188277,-0.626275446064098,
-8.13255007901635));
#6550=CARTESIAN_POINT('Ctrl Pts',(0.224041109510491,-0.89819697810728,-8.15942927646542));
#6551=CARTESIAN_POINT('Ctrl Pts',(-2.99863255734267E-15,-1.17388079056866,
-8.16606748888253));
#6552=CARTESIAN_POINT('Ctrl Pts',(4.21370068400933,-9.66937448467583,-9.88129316427752));
#6553=CARTESIAN_POINT('Ctrl Pts',(4.22557113226939,-9.56097598955863,-10.1032212339101));
#6554=CARTESIAN_POINT('Ctrl Pts',(4.23657701229367,-9.45215204614178,-10.3251001363582));
#6555=CARTESIAN_POINT('Ctrl Pts',(4.24645366195456,-9.34320246035794,-10.5469479588548));
#6556=CARTESIAN_POINT('Ctrl Pts',(4.39138041529014,-9.5415569489155,-9.82474279564152));
#6557=CARTESIAN_POINT('Ctrl Pts',(4.3963748461598,-9.43273381461375,-10.0462818233184));
#6558=CARTESIAN_POINT('Ctrl Pts',(4.40120340074548,-9.32402124883919,-10.267960960458));
#6559=CARTESIAN_POINT('Ctrl Pts',(4.40524661597291,-9.2152283586192,-10.4896130832779));
#6560=CARTESIAN_POINT('Ctrl Pts',(4.5,-9.33703753014416,-9.73425717912624));
#6561=CARTESIAN_POINT('Ctrl Pts',(4.4998832363049,-9.23271363732281,-9.95746293633437));
#6562=CARTESIAN_POINT('Ctrl Pts',(4.50008522961456,-9.12828827951543,-10.1806689644135));
#6563=CARTESIAN_POINT('Ctrl Pts',(4.50000000000008,-9.02350147613318,-10.4037157274636));
#6564=CARTESIAN_POINT('Ctrl Pts',(4.5,-9.13030254974392,-9.64279133070376));
#6565=CARTESIAN_POINT('Ctrl Pts',(4.5,-9.03075889381104,-9.86778411340007));
#6566=CARTESIAN_POINT('Ctrl Pts',(4.50000000000008,-8.93075962424687,-10.0925763083895));
#6567=CARTESIAN_POINT('Ctrl Pts',(4.50000000000008,-8.83016907945754,-10.3170990702043));
#6568=CARTESIAN_POINT('Ctrl Pts',(4.50000000000008,-8.83131134446296,-10.3145494134376));
#6569=CARTESIAN_POINT('Ctrl Pts',(4.50000000000008,-8.85862272344403,-10.2535858834752));
#6570=CARTESIAN_POINT('Ctrl Pts',(4.50000000000007,-8.88589054883992,-10.1926025089111));
#6571=CARTESIAN_POINT('Ctrl Pts',(4.50000000000006,-8.9131175363036,-10.1316006678836));
#6572=CARTESIAN_POINT('Origin',(4.5,-9.5142866030877,3.65865820404875));
#6573=CARTESIAN_POINT('Ctrl Pts',(1.29320859829325,-7.21514100554092,-2.78555853816851));
#6574=CARTESIAN_POINT('Ctrl Pts',(1.0905178967321,-7.32653506653997,-2.5728697364066));
#6575=CARTESIAN_POINT('Ctrl Pts',(0.88782719517095,-7.43792912753901,-2.3601809346447));
#6576=CARTESIAN_POINT('Ctrl Pts',(0.685136493609798,-7.54932318853806,-2.14749213288279));
#6577=CARTESIAN_POINT('Ctrl Pts',(0.451874278115394,-7.67751863737426,-1.90272381974503));
#6578=CARTESIAN_POINT('Ctrl Pts',(0.222942859164187,-7.78783029097676,-1.64744939920672));
#6579=CARTESIAN_POINT('Ctrl Pts',(-3.48267171357734E-15,-7.87945934852762,
-1.38351739233761));
#6580=CARTESIAN_POINT('Ctrl Pts',(1.29385789650251,-7.26823834522579,-2.78209275592502));
#6581=CARTESIAN_POINT('Ctrl Pts',(1.09107770077074,-7.37934672024259,-2.57073676711592));
#6582=CARTESIAN_POINT('Ctrl Pts',(0.888297505038975,-7.4904550952594,-2.35938077830681));
#6583=CARTESIAN_POINT('Ctrl Pts',(0.68551730930721,-7.60156347027621,-2.1480247894977));
#6584=CARTESIAN_POINT('Ctrl Pts',(0.452152101379753,-7.72943014357096,-1.90479031535608));
#6585=CARTESIAN_POINT('Ctrl Pts',(0.223093743862741,-7.83948372725265,-1.65104787263111));
#6586=CARTESIAN_POINT('Ctrl Pts',(-3.38338935968476E-15,-7.93092979638635,
-1.38863537630083));
#6587=CARTESIAN_POINT('Ctrl Pts',(1.29387597888174,-7.32264033070072,-2.77227094872488));
#6588=CARTESIAN_POINT('Ctrl Pts',(1.09107876834577,-7.43331644630019,-2.5629677473579));
#6589=CARTESIAN_POINT('Ctrl Pts',(0.888281557809805,-7.54399256189965,-2.35366454599093));
#6590=CARTESIAN_POINT('Ctrl Pts',(0.685484347273837,-7.65466867749912,-2.14436134462395));
#6591=CARTESIAN_POINT('Ctrl Pts',(0.452099558226506,-7.78203789438082,-1.90348927656708));
#6592=CARTESIAN_POINT('Ctrl Pts',(0.22304626440442,-7.89156439319781,-1.65256520527235));
#6593=CARTESIAN_POINT('Ctrl Pts',(-3.2837077207959E-15,-7.98241962072656,
-1.39355849518957));
#6594=CARTESIAN_POINT('Ctrl Pts',(1.29517437767635,-7.37442593164951,-2.77473706632093));
#6595=CARTESIAN_POINT('Ctrl Pts',(1.09221170380241,-7.48497466631585,-2.56602240551381));
#6596=CARTESIAN_POINT('Ctrl Pts',(0.889249029928471,-7.5955234009822,-2.35730774470669));
#6597=CARTESIAN_POINT('Ctrl Pts',(0.686286356054532,-7.70607213564854,-2.14859308389957));
#6598=CARTESIAN_POINT('Ctrl Pts',(0.452711147098933,-7.83329475893496,-1.90839832503273));
#6599=CARTESIAN_POINT('Ctrl Pts',(0.22339551325985,-7.94284425616027,-1.65769101662548));
#6600=CARTESIAN_POINT('Ctrl Pts',(-3.18362965443157E-15,-8.03392734551669,
-1.3982866078754));
#6601=CARTESIAN_POINT('Ctrl Pts',(1.29597441980543,-7.40633497424183,-2.77625662870831));
#6602=CARTESIAN_POINT('Ctrl Pts',(1.09290979139969,-7.51680521983889,-2.56790461244809));
#6603=CARTESIAN_POINT('Ctrl Pts',(0.889845162993951,-7.62727546543596,-2.35955259618787));
#6604=CARTESIAN_POINT('Ctrl Pts',(0.686780534588212,-7.73774571103303,-2.15120057992764));
#6605=CARTESIAN_POINT('Ctrl Pts',(0.453087993462048,-7.86487800686954,-1.91142316270398));
#6606=CARTESIAN_POINT('Ctrl Pts',(0.223610712010064,-7.97444167516127,-1.66084941837791));
#6607=CARTESIAN_POINT('Ctrl Pts',(-3.12196395540194E-15,-8.06566516749904,
-1.40119995726807));
#6608=CARTESIAN_POINT('Ctrl Pts',(1.29677446193451,-7.43824401683414,-2.77777619109569));
#6609=CARTESIAN_POINT('Ctrl Pts',(1.09360787899697,-7.54863577336193,-2.56978681938237));
#6610=CARTESIAN_POINT('Ctrl Pts',(0.890441296059432,-7.65902752988972,-2.36179744766904));
#6611=CARTESIAN_POINT('Ctrl Pts',(0.687274713121892,-7.76941928641751,-2.15380807595572));
#6612=CARTESIAN_POINT('Ctrl Pts',(0.453464839825163,-7.89646125480412,-1.91444800037523));
#6613=CARTESIAN_POINT('Ctrl Pts',(0.223825910760277,-8.00603909416227,-1.66400782013034));
#6614=CARTESIAN_POINT('Ctrl Pts',(-3.06029825637232E-15,-8.09740298948139,
-1.40411330666075));
#6615=CARTESIAN_POINT('Ctrl Pts',(1.2975745040636,-7.47015305942646,-2.77929575348308));
#6616=CARTESIAN_POINT('Ctrl Pts',(1.09430596659425,-7.58046632688497,-2.57166902631665));
#6617=CARTESIAN_POINT('Ctrl Pts',(0.891037429124913,-7.69077959434348,-2.36404229915022));
#6618=CARTESIAN_POINT('Ctrl Pts',(0.687768891655572,-7.801092861802,-2.15641557198379));
#6619=CARTESIAN_POINT('Ctrl Pts',(0.453841686188277,-7.9280445027387,-1.91747283804648));
#6620=CARTESIAN_POINT('Ctrl Pts',(0.224041109510491,-8.03763651316327,-1.66716622188276));
#6621=CARTESIAN_POINT('Ctrl Pts',(-2.99863255734269E-15,-8.12914081146374,
-1.40702665605342));
#6622=CARTESIAN_POINT('Ctrl Pts',(4.21370068400933,-12.3856692940492,6.14263409798629));
#6623=CARTESIAN_POINT('Ctrl Pts',(4.22557113226939,-12.5632384536661,5.97096145780324));
#6624=CARTESIAN_POINT('Ctrl Pts',(4.23657701229367,-12.7406293817573,5.7988993857379));
#6625=CARTESIAN_POINT('Ctrl Pts',(4.24645366195453,-12.9179519254313,5.62672742491394));
#6626=CARTESIAN_POINT('Ctrl Pts',(4.39138041529014,-12.29238890673,6.03854742265133));
#6627=CARTESIAN_POINT('Ctrl Pts',(4.3963748461598,-12.4694568447354,5.86659114718056));
#6628=CARTESIAN_POINT('Ctrl Pts',(4.40120340074558,-12.6466922023124,5.69469673242296));
#6629=CARTESIAN_POINT('Ctrl Pts',(4.405246615973,-12.8238770461258,5.52273427246194));
#6630=CARTESIAN_POINT('Ctrl Pts',(4.5,-12.1431319954321,5.87199948996966));
#6631=CARTESIAN_POINT('Ctrl Pts',(4.49988323630489,-12.3231754294983,5.70380719967704));
#6632=CARTESIAN_POINT('Ctrl Pts',(4.50008522961473,-12.5031877667733,5.53551832674442));
#6633=CARTESIAN_POINT('Ctrl Pts',(4.50000000000026,-12.6829369411792,5.36693491424315));
#6634=CARTESIAN_POINT('Ctrl Pts',(4.5,-11.992258181996,5.70364734128133));
#6635=CARTESIAN_POINT('Ctrl Pts',(4.5,-12.1754783527332,5.5394491051857));
#6636=CARTESIAN_POINT('Ctrl Pts',(4.50000000000026,-12.3583669608697,5.37487953978729));
#6637=CARTESIAN_POINT('Ctrl Pts',(4.50000000000026,-12.5408166087369,5.20983089766288));
#6638=CARTESIAN_POINT('Ctrl Pts',(4.50000000000026,-12.5387447203532,5.21170514351046));
#6639=CARTESIAN_POINT('Ctrl Pts',(4.50000000000026,-12.4892046381711,5.25651857525491));
#6640=CARTESIAN_POINT('Ctrl Pts',(4.50000000000024,-12.4396322238533,5.30129671739747));
#6641=CARTESIAN_POINT('Ctrl Pts',(4.50000000000021,-12.3900296272701,5.34604172680954));
#6642=CARTESIAN_POINT('Origin',(4.5,-9.5142866030877,3.65865820404875));
#6643=CARTESIAN_POINT('Ctrl Pts',(1.29320859829325,-4.87882478677048,6.00122194218775));
#6644=CARTESIAN_POINT('Ctrl Pts',(1.0905178967321,-4.71096837383295,6.17288844403515));
#6645=CARTESIAN_POINT('Ctrl Pts',(0.88782719517095,-4.54311196089541,6.34455494588254));
#6646=CARTESIAN_POINT('Ctrl Pts',(0.685136493609798,-4.37525554795788,6.51622144772994));
#6647=CARTESIAN_POINT('Ctrl Pts',(0.451874278115394,-4.18208162105754,6.71378013314905));
#6648=CARTESIAN_POINT('Ctrl Pts',(0.222942859164187,-3.97338939560189,6.89757688430655));
#6649=CARTESIAN_POINT('Ctrl Pts',(-3.48267171357734E-15,-3.75069007657195,
7.06628077205433));
#6650=CARTESIAN_POINT('Ctrl Pts',(1.2938578965025,-4.89193661230246,6.05279149870502));
#6651=CARTESIAN_POINT('Ctrl Pts',(1.09107770077074,-4.72525949798513,6.22377443518466));
#6652=CARTESIAN_POINT('Ctrl Pts',(0.888297505038975,-4.55858238366779,6.39475737166429));
#6653=CARTESIAN_POINT('Ctrl Pts',(0.68551730930721,-4.39190526935046,6.56574030814393));
#6654=CARTESIAN_POINT('Ctrl Pts',(0.452152101379753,-4.20008851279271,6.7625123271255));
#6655=CARTESIAN_POINT('Ctrl Pts',(0.223093743862741,-3.99277353682799,6.94559023202383));
#6656=CARTESIAN_POINT('Ctrl Pts',(-3.38338935968476E-15,-3.7714628116669,
7.11365053286543));
#6657=CARTESIAN_POINT('Ctrl Pts',(1.29387597888174,-4.89940665660249,6.10756596683065));
#6658=CARTESIAN_POINT('Ctrl Pts',(1.09107876834577,-4.73454828365262,6.27750345396924));
#6659=CARTESIAN_POINT('Ctrl Pts',(0.888281557809805,-4.56968991070276,6.44744094110784));
#6660=CARTESIAN_POINT('Ctrl Pts',(0.685484347273837,-4.40483153775289,6.61737842824643));
#6661=CARTESIAN_POINT('Ctrl Pts',(0.452099558226506,-4.21510784041058,6.812947314437));
#6662=CARTESIAN_POINT('Ctrl Pts',(0.223046264404421,-4.01031041677926,6.99465300717171));
#6663=CARTESIAN_POINT('Ctrl Pts',(-3.2837077207959E-15,-3.79205620672504,
7.16109893842512));
#6664=CARTESIAN_POINT('Ctrl Pts',(1.29517437767635,-4.9177547045692,6.15605492781598));
#6665=CARTESIAN_POINT('Ctrl Pts',(1.09221170380241,-4.75341670408081,6.32568939945319));
#6666=CARTESIAN_POINT('Ctrl Pts',(0.88924902992847,-4.58907870359242,6.49532387109041));
#6667=CARTESIAN_POINT('Ctrl Pts',(0.686286356054532,-4.42474070310403,6.66495834272762));
#6668=CARTESIAN_POINT('Ctrl Pts',(0.452711147098933,-4.23561586516825,6.86017851007398));
#6669=CARTESIAN_POINT('Ctrl Pts',(0.22339551325985,-4.03103170219256,7.0418390921788));
#6670=CARTESIAN_POINT('Ctrl Pts',(-3.18362965443157E-15,-3.81246967140642,
7.20862462855508));
#6671=CARTESIAN_POINT('Ctrl Pts',(1.29597441980543,-4.92906033071488,6.18593266010047));
#6672=CARTESIAN_POINT('Ctrl Pts',(1.09290979139969,-4.76504297122964,6.35538042086898));
#6673=CARTESIAN_POINT('Ctrl Pts',(0.889845162993952,-4.60102561174441,6.52482818163749));
#6674=CARTESIAN_POINT('Ctrl Pts',(0.686780534588213,-4.43700825225917,6.694275942406));
#6675=CARTESIAN_POINT('Ctrl Pts',(0.453087993462048,-4.24825241709558,6.88928123758231));
#6676=CARTESIAN_POINT('Ctrl Pts',(0.223610712010063,-4.04379966020998,7.07091402360127));
#6677=CARTESIAN_POINT('Ctrl Pts',(-3.12196395540188E-15,-3.82504795768758,
7.23790881649156));
#6678=CARTESIAN_POINT('Ctrl Pts',(1.29677446193451,-4.94036595686056,6.21581039238497));
#6679=CARTESIAN_POINT('Ctrl Pts',(1.09360787899697,-4.77666923837848,6.38507144228477));
#6680=CARTESIAN_POINT('Ctrl Pts',(0.890441296059433,-4.61297251989639,6.55433249218457));
#6681=CARTESIAN_POINT('Ctrl Pts',(0.687274713121893,-4.44927580141431,6.72359354208437));
#6682=CARTESIAN_POINT('Ctrl Pts',(0.453464839825163,-4.26088896902291,6.91838396509065));
#6683=CARTESIAN_POINT('Ctrl Pts',(0.223825910760276,-4.05656761822741,7.09998895502374));
#6684=CARTESIAN_POINT('Ctrl Pts',(-3.0602982563722E-15,-3.83762624396873,
7.26719300442803));
#6685=CARTESIAN_POINT('Ctrl Pts',(1.2975745040636,-4.95167158300624,6.24568812466947));
#6686=CARTESIAN_POINT('Ctrl Pts',(1.09430596659426,-4.78829550552731,6.41476246370056));
#6687=CARTESIAN_POINT('Ctrl Pts',(0.891037429124915,-4.62491942804838,6.58383680273165));
#6688=CARTESIAN_POINT('Ctrl Pts',(0.687768891655574,-4.46154335056945,6.75291114176275));
#6689=CARTESIAN_POINT('Ctrl Pts',(0.453841686188278,-4.27352552095025,6.94748669259898));
#6690=CARTESIAN_POINT('Ctrl Pts',(0.224041109510489,-4.06933557624483,7.12906388644622));
#6691=CARTESIAN_POINT('Ctrl Pts',(-2.99863255734251E-15,-3.85020453024989,
7.29647719236451));
#6692=CARTESIAN_POINT('Origin',(0.,0.,0.));
#6693=CARTESIAN_POINT('Ctrl Pts',(0.499999999999994,5.1295190629607,6.13905808595446));
#6694=CARTESIAN_POINT('Ctrl Pts',(0.561906034818519,5.07692338211269,6.1830046562201));
#6695=CARTESIAN_POINT('Ctrl Pts',(0.624207452336699,5.02419565607755,6.22591306469587));
#6696=CARTESIAN_POINT('Ctrl Pts',(0.686286253610926,4.9714320767966,6.26776380424453));
#6697=CARTESIAN_POINT('Ctrl Pts',(4.21370068400933,2.01460988753749,13.6776498172871));
#6698=CARTESIAN_POINT('Ctrl Pts',(4.22557113226932,1.79646761642327,13.7934783603481));
#6699=CARTESIAN_POINT('Ctrl Pts',(4.23657701229326,1.57801005015006,13.9090170540856));
#6700=CARTESIAN_POINT('Ctrl Pts',(4.2464536619543,1.35946910540419,14.0244567528832));
#6701=CARTESIAN_POINT('Ctrl Pts',(4.39138041529014,1.9444428016242,13.5567703455181));
#6702=CARTESIAN_POINT('Ctrl Pts',(4.39637484615977,1.72618566331726,13.6720345503753));
#6703=CARTESIAN_POINT('Ctrl Pts',(4.40120340074514,1.50793562255178,13.7874770967188));
#6704=CARTESIAN_POINT('Ctrl Pts',(4.40524661597262,1.28963647656378,13.9028505744937));
#6705=CARTESIAN_POINT('Ctrl Pts',(4.5,1.83216922709077,13.3633524458495));
#6706=CARTESIAN_POINT('Ctrl Pts',(4.4998832363049,1.61657237256526,13.4826096510111));
#6707=CARTESIAN_POINT('Ctrl Pts',(4.50008522961425,1.40089327192749,13.60180743569));
#6708=CARTESIAN_POINT('Ctrl Pts',(4.49999999999977,1.18501536931266,13.7206639198748));
#6709=CARTESIAN_POINT('Ctrl Pts',(4.5,1.71867939140635,13.1678392474586));
#6710=CARTESIAN_POINT('Ctrl Pts',(4.5,1.50589944253335,13.291351939355));
#6711=CARTESIAN_POINT('Ctrl Pts',(4.49999999999977,1.29286879698542,13.4144345494148));
#6712=CARTESIAN_POINT('Ctrl Pts',(4.49999999999977,1.07951816857872,13.5369516405997));
#6713=CARTESIAN_POINT('Ctrl Pts',(4.49999999999977,1.08194093102634,13.5355603314699));
#6714=CARTESIAN_POINT('Ctrl Pts',(4.49999999999977,1.13986976460145,13.502293025478));
#6715=CARTESIAN_POINT('Ctrl Pts',(4.49999999999979,1.1977750269501,13.4689840647111));
#6716=CARTESIAN_POINT('Ctrl Pts',(4.49999999999981,1.2556581050325,13.4356361603272));
#6717=CARTESIAN_POINT('Origin',(4.5,-9.5142866030877,3.65865820404875));
#6718=CARTESIAN_POINT('Origin',(3.,0.,0.));
#6719=CARTESIAN_POINT('',(3.,-7.9602041944578E-16,6.5));
#6720=CARTESIAN_POINT('',(3.,-6.5,-7.9602041944578E-16));
#6721=CARTESIAN_POINT('Origin',(3.,0.,0.));
#6722=CARTESIAN_POINT('Origin',(3.,0.,0.));
#6723=CARTESIAN_POINT('',(4.,-6.73555739531044E-16,5.5));
#6724=CARTESIAN_POINT('Origin',(3.,-6.73555739531044E-16,5.5));
#6725=CARTESIAN_POINT('Origin',(4.,0.,0.));
#6726=CARTESIAN_POINT('Origin',(0.,0.,0.));
#6727=CARTESIAN_POINT('',(0.,-6.5,-7.9602041944578E-16));
#6728=CARTESIAN_POINT('Origin',(4.,0.,0.));
#6729=CARTESIAN_POINT('Ctrl Pts',(1.29320859829326,4.19986146216129,6.49451767247221));
#6730=CARTESIAN_POINT('Ctrl Pts',(1.0905178967321,4.41499649158538,6.38792460358179));
#6731=CARTESIAN_POINT('Ctrl Pts',(0.887827195170951,4.63013152100946,6.28133153469136));
#6732=CARTESIAN_POINT('Ctrl Pts',(0.685136493609798,4.84526655043354,6.17473846580094));
#6733=CARTESIAN_POINT('Ctrl Pts',(0.451874278115394,5.09285005183444,6.05206813502493));
#6734=CARTESIAN_POINT('Ctrl Pts',(0.222942859164187,5.33214059395638,5.91038635372377));
#6735=CARTESIAN_POINT('Ctrl Pts',(-3.48267171357734E-15,5.56140539993921,
5.75071908351703));
#6736=CARTESIAN_POINT('Ctrl Pts',(1.29385789650251,4.24485524801287,6.52292362894117));
#6737=CARTESIAN_POINT('Ctrl Pts',(1.09107770077074,4.45897574482453,6.41724090637273));
#6738=CARTESIAN_POINT('Ctrl Pts',(0.888297505038977,4.6730962416362,6.3115581838043));
#6739=CARTESIAN_POINT('Ctrl Pts',(0.68551730930721,4.88721673844787,6.20587546123586));
#6740=CARTESIAN_POINT('Ctrl Pts',(0.452152101379752,5.13363268690707,6.08425278285978));
#6741=CARTESIAN_POINT('Ctrl Pts',(0.223093743862741,5.37181397211182,5.94365870795111));
#6742=CARTESIAN_POINT('Ctrl Pts',(-3.38338935968476E-15,5.60003759146996,
5.78511318970046));
#6743=CARTESIAN_POINT('Ctrl Pts',(1.29387597888174,4.29464049221292,6.54695430475836));
#6744=CARTESIAN_POINT('Ctrl Pts',(1.09107876834578,4.50720468562541,6.44267824640577));
#6745=CARTESIAN_POINT('Ctrl Pts',(0.888281557809806,4.71976887903789,6.33840218805319));
#6746=CARTESIAN_POINT('Ctrl Pts',(0.685484347273837,4.93233307245038,6.23412612970061));
#6747=CARTESIAN_POINT('Ctrl Pts',(0.452099558226506,5.17695798276092,6.11412228045147));
#6748=CARTESIAN_POINT('Ctrl Pts',(0.223046264404421,5.41305625019048,5.97549850321613));
#6749=CARTESIAN_POINT('Ctrl Pts',(-3.2837077207959E-15,5.63879999772049,
5.81936103593709));
#6750=CARTESIAN_POINT('Ctrl Pts',(1.29517437767635,4.33508637589104,6.57938824832249));
#6751=CARTESIAN_POINT('Ctrl Pts',(1.09221170380241,4.54720158050241,6.4755134566508));
#6752=CARTESIAN_POINT('Ctrl Pts',(0.889249029928472,4.75931678511378,6.3716386649791));
#6753=CARTESIAN_POINT('Ctrl Pts',(0.686286356054532,4.97143198972515,6.26776387330741));
#6754=CARTESIAN_POINT('Ctrl Pts',(0.452711147098933,5.2155401909727,6.14822181315006));
#6755=CARTESIAN_POINT('Ctrl Pts',(0.22339551325985,5.45152965447692,6.00978691889968));
#6756=CARTESIAN_POINT('Ctrl Pts',(-3.18362965443157E-15,5.67769150750938,
5.85346164046203));
#6757=CARTESIAN_POINT('Ctrl Pts',(1.29597441980543,4.36000815726124,6.59937326476845));
#6758=CARTESIAN_POINT('Ctrl Pts',(1.09290979139969,4.5718467057652,6.49574572398073));
#6759=CARTESIAN_POINT('Ctrl Pts',(0.889845162993953,4.78368525426916,6.392118183193));
#6760=CARTESIAN_POINT('Ctrl Pts',(0.686780534588213,4.99552380277312,6.28849064240527));
#6761=CARTESIAN_POINT('Ctrl Pts',(0.453087993462048,5.23931362031561,6.16923312558678));
#6762=CARTESIAN_POINT('Ctrl Pts',(0.223610712010063,5.47523604145623,6.03091461649176));
#6763=CARTESIAN_POINT('Ctrl Pts',(-3.12196395540191E-15,5.70165552104977,
5.87447361333238));
#6764=CARTESIAN_POINT('Ctrl Pts',(1.29677446193452,4.38492993863143,6.61935828121441));
#6765=CARTESIAN_POINT('Ctrl Pts',(1.09360787899698,4.59649183102798,6.51597799131065));
#6766=CARTESIAN_POINT('Ctrl Pts',(0.890441296059434,4.80805372342454,6.4125977014069));
#6767=CARTESIAN_POINT('Ctrl Pts',(0.687274713121893,5.01961561582109,6.30921741150313));
#6768=CARTESIAN_POINT('Ctrl Pts',(0.453464839825163,5.26308704965852,6.19024443802349));
#6769=CARTESIAN_POINT('Ctrl Pts',(0.223825910760276,5.49894242843555,6.05204231408384));
#6770=CARTESIAN_POINT('Ctrl Pts',(-3.06029825637224E-15,5.72561953459016,
5.89548558620273));
#6771=CARTESIAN_POINT('Ctrl Pts',(1.2975745040636,4.40985172000163,6.63934329766038));
#6772=CARTESIAN_POINT('Ctrl Pts',(1.09430596659426,4.62113695629077,6.53621025864058));
#6773=CARTESIAN_POINT('Ctrl Pts',(0.891037429124916,4.83242219257991,6.43307721962079));
#6774=CARTESIAN_POINT('Ctrl Pts',(0.687768891655573,5.04370742886906,6.329944180601));
#6775=CARTESIAN_POINT('Ctrl Pts',(0.453841686188278,5.28686047900143,6.21125575046021));
#6776=CARTESIAN_POINT('Ctrl Pts',(0.224041109510489,5.52264881541486,6.07317001167592));
#6777=CARTESIAN_POINT('Ctrl Pts',(-2.99863255734258E-15,5.74958354813055,
5.91649755907309));
#6778=CARTESIAN_POINT('Origin',(0.65,0.,0.));
#6779=CARTESIAN_POINT('',(0.5,-7.54295860869377,-1.54718365534142));
#6780=CARTESIAN_POINT('',(0.8,-7.8368401083788,-1.60746353708382));
#6781=CARTESIAN_POINT('',(0.5,-7.54295860869377,-1.54718365534142));
#6782=CARTESIAN_POINT('',(0.8,-2.52631579541766,7.59063438779473));
#6783=CARTESIAN_POINT('Origin',(0.8,0.,0.));
#6784=CARTESIAN_POINT('',(0.5,-2.43157895450119,7.30598560249403));
#6785=CARTESIAN_POINT('',(0.8,-2.52631579541766,7.59063438779473));
#6786=CARTESIAN_POINT('Origin',(0.5,0.,0.));
#6787=CARTESIAN_POINT('Origin',(0.65,-9.30624760680394,-1.90886294579584));
#6788=CARTESIAN_POINT('',(0.5,-8.40624760680394,-3.46770867260783));
#6789=CARTESIAN_POINT('',(0.8,-8.55624760680394,-3.2079010514725));
#6790=CARTESIAN_POINT('',(0.5,-8.40624760680394,-3.46770867260783));
#6791=CARTESIAN_POINT('Origin',(0.8,-9.30624760680394,-1.90886294579584));
#6792=CARTESIAN_POINT('Origin',(0.5,-9.30624760680394,-1.90886294579584));
#6793=CARTESIAN_POINT('Origin',(0.65,-4.0776644497552,-0.795394940919161));
#6794=CARTESIAN_POINT('',(0.5,-11.4654268208847,-5.23392661535665));
#6795=CARTESIAN_POINT('',(0.5,-4.0026644497552,-0.925298751486827));
#6796=CARTESIAN_POINT('',(0.8,-11.6154268208847,-4.97411899422131));
#6797=CARTESIAN_POINT('',(0.5,-11.4654268208847,-5.23392661535665));
#6798=CARTESIAN_POINT('',(0.8,-4.1526644497552,-0.665491130351495));
#6799=CARTESIAN_POINT('Origin',(0.65,-12.3654268208847,-3.67508088854465));
#6800=CARTESIAN_POINT('',(0.5,-14.0908352144965,-4.18788287299274));
#6801=CARTESIAN_POINT('Origin',(0.5,-12.3654268208847,-3.67508088854465));
#6802=CARTESIAN_POINT('',(0.8,-13.8032671488945,-4.10241587558473));
#6803=CARTESIAN_POINT('',(0.5,-14.0908352144965,-4.18788287299274));
#6804=CARTESIAN_POINT('Origin',(0.8,-12.3654268208847,-3.67508088854465));
#6805=CARTESIAN_POINT('Origin',(0.65,0.,0.));
#6806=CARTESIAN_POINT('',(0.5,-3.41860465116281,14.2969626927907));
#6807=CARTESIAN_POINT('',(0.8,-3.34883720930235,14.0051879439582));
#6808=CARTESIAN_POINT('',(0.5,-3.41860465116281,14.2969626927907));
#6809=CARTESIAN_POINT('',(0.8,-14.4,-1.76349139077219E-15));
#6810=CARTESIAN_POINT('Origin',(0.8,0.,0.));
#6811=CARTESIAN_POINT('Origin',(0.8,0.,0.));
#6812=CARTESIAN_POINT('Origin',(0.5,0.,0.));
#6813=CARTESIAN_POINT('Origin',(0.65,-3.00000000000002,12.5463141997959));
#6814=CARTESIAN_POINT('',(0.5,-1.20000000000002,12.5463141997959));
#6815=CARTESIAN_POINT('Origin',(0.5,-3.00000000000002,12.5463141997959));
#6816=CARTESIAN_POINT('',(0.8,-1.50000000000002,12.5463141997959));
#6817=CARTESIAN_POINT('',(0.5,-1.20000000000002,12.5463141997959));
#6818=CARTESIAN_POINT('Origin',(0.8,-3.00000000000002,12.5463141997959));
#6819=CARTESIAN_POINT('Origin',(0.65,-1.35000000000002,7.160830957368));
#6820=CARTESIAN_POINT('',(0.5,-1.20000000000002,9.01387831429826));
#6821=CARTESIAN_POINT('',(0.8,-1.50000000000002,9.01387831429826));
#6822=CARTESIAN_POINT('',(0.5,-1.20000000000002,9.01387831429826));
#6823=CARTESIAN_POINT('',(0.8,-1.50000000000002,7.160830957368));
#6824=CARTESIAN_POINT('',(0.5,-1.20000000000002,7.160830957368));
#6825=CARTESIAN_POINT('Origin',(0.65,-3.00000000000002,9.01387831429826));
#6826=CARTESIAN_POINT('Origin',(0.5,-3.00000000000002,9.01387831429826));
#6827=CARTESIAN_POINT('Origin',(0.8,-3.00000000000002,9.01387831429826));
#6828=CARTESIAN_POINT('Origin',(0.,-3.00000000000002,12.5463141997959));
#6829=CARTESIAN_POINT('',(1.7,-1.50000000000002,12.5463141997959));
#6830=CARTESIAN_POINT('',(0.,-1.50000000000002,12.5463141997959));
#6831=CARTESIAN_POINT('',(1.7,-3.34883720930235,14.0051879439582));
#6832=CARTESIAN_POINT('Origin',(1.7,-3.00000000000002,12.5463141997959));
#6833=CARTESIAN_POINT('',(0.,-3.34883720930235,14.0051879439582));
#6834=CARTESIAN_POINT('Origin',(0.,-1.50000000000002,14.321661914736));
#6835=CARTESIAN_POINT('',(1.7,-1.50000000000002,9.01387831429826));
#6836=CARTESIAN_POINT('',(0.,-1.50000000000002,9.01387831429826));
#6837=CARTESIAN_POINT('',(1.7,-1.50000000000002,8.64586369160683));
#6838=CARTESIAN_POINT('Origin',(0.,-3.00000000000002,9.01387831429826));
#6839=CARTESIAN_POINT('',(1.7,-2.52631579541766,7.59063438779473));
#6840=CARTESIAN_POINT('',(0.,-2.52631579541766,7.59063438779473));
#6841=CARTESIAN_POINT('Origin',(1.7,-3.00000000000002,9.01387831429826));
#6842=CARTESIAN_POINT('Origin',(0.,0.,0.));
#6843=CARTESIAN_POINT('',(1.7,-7.8368401083788,-1.60746353708382));
#6844=CARTESIAN_POINT('',(0.,-7.8368401083788,-1.60746353708382));
#6845=CARTESIAN_POINT('Origin',(1.7,0.,0.));
#6846=CARTESIAN_POINT('Origin',(0.5,-4.44089209850063E-15,-4.44089209850063E-15));
#6847=CARTESIAN_POINT('',(0.5,-15.,11.));
#6848=CARTESIAN_POINT('',(0.5,-15.,-11.));
#6849=CARTESIAN_POINT('',(0.5,-15.,7.49999999999999));
#6850=CARTESIAN_POINT('',(0.5,-11.,15.));
#6851=CARTESIAN_POINT('Origin',(0.5,-11.,11.));
#6852=CARTESIAN_POINT('',(0.5,11.,15.));
#6853=CARTESIAN_POINT('',(0.5,7.5,15.));
#6854=CARTESIAN_POINT('',(0.5,15.,11.));
#6855=CARTESIAN_POINT('Origin',(0.5,11.,11.));
#6856=CARTESIAN_POINT('',(0.5,15.,-11.));
#6857=CARTESIAN_POINT('',(0.5,15.,-7.5));
#6858=CARTESIAN_POINT('',(0.5,11.,-15.));
#6859=CARTESIAN_POINT('Origin',(0.5,11.,-11.));
#6860=CARTESIAN_POINT('',(0.5,-11.,-15.));
#6861=CARTESIAN_POINT('',(0.5,-7.5,-15.));
#6862=CARTESIAN_POINT('Origin',(0.5,-11.,-11.));
#6863=CARTESIAN_POINT('',(0.5,11.4654268208847,-5.2339266153566));
#6864=CARTESIAN_POINT('',(0.5,8.40624760680396,-3.46770867260777));
#6865=CARTESIAN_POINT('',(0.5,6.80146152128676,-2.54118499414265));
#6866=CARTESIAN_POINT('',(0.5,14.0908352144965,-4.1878828729927));
#6867=CARTESIAN_POINT('Origin',(0.5,12.3654268208847,-3.67508088854461));
#6868=CARTESIAN_POINT('',(0.5,3.41860465116277,14.2969626927907));
#6869=CARTESIAN_POINT('Origin',(0.5,0.,0.));
#6870=CARTESIAN_POINT('',(0.5,1.19999999999998,12.5463141997959));
#6871=CARTESIAN_POINT('Origin',(0.5,2.99999999999998,12.5463141997959));
#6872=CARTESIAN_POINT('',(0.5,1.19999999999998,9.01387831429827));
#6873=CARTESIAN_POINT('',(0.5,1.19999999999998,3.92905847205627));
#6874=CARTESIAN_POINT('',(0.5,2.43157895450115,7.30598560249404));
#6875=CARTESIAN_POINT('Origin',(0.5,2.99999999999998,9.01387831429827));
#6876=CARTESIAN_POINT('',(0.5,7.54295860869377,-1.54718365534139));
#6877=CARTESIAN_POINT('Origin',(0.5,0.,0.));
#6878=CARTESIAN_POINT('Origin',(0.5,9.30624760680395,-1.90886294579579));
#6879=CARTESIAN_POINT('',(0.5,10.3,12.));
#6880=CARTESIAN_POINT('Origin',(0.5,12.,12.));
#6881=CARTESIAN_POINT('',(0.5,10.3,-12.));
#6882=CARTESIAN_POINT('Origin',(0.5,12.,-12.));
#6883=CARTESIAN_POINT('',(0.5,-13.7,12.));
#6884=CARTESIAN_POINT('Origin',(0.5,-12.,12.));
#6885=CARTESIAN_POINT('',(0.5,-13.7,-12.));
#6886=CARTESIAN_POINT('Origin',(0.5,-12.,-12.));
#6887=CARTESIAN_POINT('',(0.5,7.20624760680396,-5.54616964169044));
#6888=CARTESIAN_POINT('',(0.5,10.2654268208847,-7.31238758443927));
#6889=CARTESIAN_POINT('',(0.5,2.80266444975521,-3.00375972056944));
#6890=CARTESIAN_POINT('',(0.5,5.11137965419262,-5.75880194715261));
#6891=CARTESIAN_POINT('Origin',(0.5,6.30624760680396,-7.10501536850243));
#6892=CARTESIAN_POINT('',(0.5,-5.11137965419259,-5.75880194715264));
#6893=CARTESIAN_POINT('Origin',(0.5,0.,0.));
#6894=CARTESIAN_POINT('',(0.5,-7.20624760680393,-5.54616964169047));
#6895=CARTESIAN_POINT('Origin',(0.5,-6.30624760680393,-7.10501536850246));
#6896=CARTESIAN_POINT('',(0.5,-10.2654268208847,-7.31238758443929));
#6897=CARTESIAN_POINT('',(0.5,-5.60146152128675,-4.61964596322534));
#6898=CARTESIAN_POINT('',(0.5,-10.6722305633337,-10.109079819798));
#6899=CARTESIAN_POINT('Origin',(0.5,-9.36542682088466,-8.87123331125128));
#6900=CARTESIAN_POINT('',(0.5,10.6722305633337,-10.1090798197979));
#6901=CARTESIAN_POINT('Origin',(0.5,0.,0.));
#6902=CARTESIAN_POINT('Origin',(0.5,9.36542682088469,-8.87123331125125));
#6903=CARTESIAN_POINT('Origin',(0.65,6.87646152128676,-2.41128118357499));
#6904=CARTESIAN_POINT('',(0.8,8.55624760680395,-3.20790105147245));
#6905=CARTESIAN_POINT('',(0.5,8.40624760680396,-3.46770867260777));
#6906=CARTESIAN_POINT('',(0.8,11.6154268208847,-4.97411899422127));
#6907=CARTESIAN_POINT('',(0.8,6.95146152128676,-2.28137737300732));
#6908=CARTESIAN_POINT('',(0.8,11.6154268208847,-4.97411899422127));
#6909=CARTESIAN_POINT('Origin',(0.65,9.30624760680395,-1.90886294579579));
#6910=CARTESIAN_POINT('',(0.8,7.8368401083788,-1.60746353708379));
#6911=CARTESIAN_POINT('',(0.5,7.54295860869377,-1.54718365534139));
#6912=CARTESIAN_POINT('Origin',(0.8,9.30624760680395,-1.90886294579579));
#6913=CARTESIAN_POINT('Origin',(0.65,0.,0.));
#6914=CARTESIAN_POINT('',(0.8,2.52631579541762,7.59063438779474));
#6915=CARTESIAN_POINT('',(0.5,2.43157895450115,7.30598560249404));
#6916=CARTESIAN_POINT('Origin',(0.8,0.,0.));
#6917=CARTESIAN_POINT('Origin',(0.65,2.99999999999998,9.01387831429827));
#6918=CARTESIAN_POINT('',(0.8,1.49999999999998,9.01387831429827));
#6919=CARTESIAN_POINT('',(0.5,1.19999999999998,9.01387831429827));
#6920=CARTESIAN_POINT('Origin',(0.8,2.99999999999998,9.01387831429827));
#6921=CARTESIAN_POINT('Origin',(0.65,1.34999999999998,3.92905847205627));
#6922=CARTESIAN_POINT('',(0.8,1.49999999999998,12.5463141997959));
#6923=CARTESIAN_POINT('',(0.5,1.19999999999998,12.5463141997959));
#6924=CARTESIAN_POINT('',(0.8,1.49999999999998,3.92905847205627));
#6925=CARTESIAN_POINT('Origin',(0.65,2.99999999999998,12.5463141997959));
#6926=CARTESIAN_POINT('',(0.8,3.3488372093023,14.0051879439582));
#6927=CARTESIAN_POINT('',(0.5,3.41860465116277,14.2969626927907));
#6928=CARTESIAN_POINT('Origin',(0.8,2.99999999999998,12.5463141997959));
#6929=CARTESIAN_POINT('Origin',(0.65,0.,0.));
#6930=CARTESIAN_POINT('',(0.8,13.8032671488945,-4.10241587558468));
#6931=CARTESIAN_POINT('',(0.5,14.0908352144965,-4.1878828729927));
#6932=CARTESIAN_POINT('Origin',(0.8,0.,0.));
#6933=CARTESIAN_POINT('Origin',(0.65,12.3654268208847,-3.67508088854461));
#6934=CARTESIAN_POINT('Origin',(0.8,12.3654268208847,-3.67508088854461));
#6935=CARTESIAN_POINT('Origin',(0.,2.99999999999998,12.5463141997959));
#6936=CARTESIAN_POINT('',(1.7,3.3488372093023,14.0051879439582));
#6937=CARTESIAN_POINT('',(0.,3.3488372093023,14.0051879439582));
#6938=CARTESIAN_POINT('',(1.7,1.49999999999998,12.5463141997959));
#6939=CARTESIAN_POINT('Origin',(1.7,2.99999999999998,12.5463141997959));
#6940=CARTESIAN_POINT('',(0.,1.49999999999998,12.5463141997959));
#6941=CARTESIAN_POINT('Origin',(0.,0.,0.));
#6942=CARTESIAN_POINT('',(2.00000000000001,-2.31817222139235,14.2121806050994));
#6943=CARTESIAN_POINT('Ctrl Pts',(1.69999999999999,-3.34883720930235,14.0051879439582));
#6944=CARTESIAN_POINT('Ctrl Pts',(1.69999999999999,-3.17509519076707,14.0467321016531));
#6945=CARTESIAN_POINT('Ctrl Pts',(1.72990838788667,-2.99973179102417,14.0851615352523));
#6946=CARTESIAN_POINT('Ctrl Pts',(1.83557158253182,-2.65558489905354,14.154126809889));
#6947=CARTESIAN_POINT('Ctrl Pts',(1.91182514296372,-2.48461838925183,14.1850312961081));
#6948=CARTESIAN_POINT('Ctrl Pts',(2.00000000000001,-2.31817222139235,14.2121806050994));
#6949=CARTESIAN_POINT('',(2.00000000000001,2.31817222139232,14.2121806050995));
#6950=CARTESIAN_POINT('Origin',(2.,0.,0.));
#6951=CARTESIAN_POINT('Ctrl Pts',(2.00000000000001,2.31817222139232,14.2121806050995));
#6952=CARTESIAN_POINT('Ctrl Pts',(1.91182514296372,2.48461838925179,14.1850312961081));
#6953=CARTESIAN_POINT('Ctrl Pts',(1.83557158253182,2.6555848990535,14.154126809889));
#6954=CARTESIAN_POINT('Ctrl Pts',(1.72990838788668,2.99973179102413,14.0851615352523));
#6955=CARTESIAN_POINT('Ctrl Pts',(1.7,3.17509519076702,14.0467321016531));
#6956=CARTESIAN_POINT('Ctrl Pts',(1.7,3.3488372093023,14.0051879439582));
#6957=CARTESIAN_POINT('',(1.7,13.8032671488945,-4.10241587558468));
#6958=CARTESIAN_POINT('',(0.,13.8032671488945,-4.10241587558468));
#6959=CARTESIAN_POINT('',(2.00000000000001,13.4671955578848,-5.09849426847655));
#6960=CARTESIAN_POINT('Ctrl Pts',(1.69999999999998,13.8032671488945,-4.10241587558469));
#6961=CARTESIAN_POINT('Ctrl Pts',(1.69999999999998,13.7523744355695,-4.27365295618847));
#6962=CARTESIAN_POINT('Ctrl Pts',(1.72990838788666,13.697973601448,-4.4447368320594));
#6963=CARTESIAN_POINT('Ctrl Pts',(1.83557158253181,13.585625835277,-4.77725942045779));
#6964=CARTESIAN_POINT('Ctrl Pts',(1.91182514296372,13.5269066505328,-4.94077300425198));
#6965=CARTESIAN_POINT('Ctrl Pts',(2.00000000000001,13.4671955578848,-5.09849426847655));
#6966=CARTESIAN_POINT('',(2.,11.1490233364925,-9.11368633662288));
#6967=CARTESIAN_POINT('Origin',(2.,0.,0.));
#6968=CARTESIAN_POINT('',(1.7,10.4544299395922,-9.90277206837349));
#6969=CARTESIAN_POINT('Ctrl Pts',(2.00000000000001,11.1490233364925,-9.11368633662288));
#6970=CARTESIAN_POINT('Ctrl Pts',(1.91182514296372,11.042288261281,-9.24425829185607));
#6971=CARTESIAN_POINT('Ctrl Pts',(1.83557158253183,10.9300409362235,-9.37686738943116));
#6972=CARTESIAN_POINT('Ctrl Pts',(1.72990838788668,10.6982418104238,-9.64042470319283));
#6973=CARTESIAN_POINT('Ctrl Pts',(1.69999999999999,10.5772792448024,-9.77307914546459));
#6974=CARTESIAN_POINT('Ctrl Pts',(1.69999999999999,10.4544299395922,-9.90277206837349));
#6975=CARTESIAN_POINT('',(0.8,10.4544299395922,-9.90277206837349));
#6976=CARTESIAN_POINT('',(0.,10.4544299395922,-9.90277206837349));
#6977=CARTESIAN_POINT('',(0.8,-10.4544299395922,-9.90277206837352));
#6978=CARTESIAN_POINT('Origin',(0.8,0.,0.));
#6979=CARTESIAN_POINT('',(1.7,-10.4544299395922,-9.90277206837352));
#6980=CARTESIAN_POINT('',(0.,-10.4544299395922,-9.90277206837352));
#6981=CARTESIAN_POINT('',(2.,-11.1490233364924,-9.11368633662292));
#6982=CARTESIAN_POINT('Ctrl Pts',(1.7,-10.4544299395922,-9.90277206837351));
#6983=CARTESIAN_POINT('Ctrl Pts',(1.7,-10.5772792448024,-9.77307914546461));
#6984=CARTESIAN_POINT('Ctrl Pts',(1.72990838788669,-10.6982418104238,-9.64042470319286));
#6985=CARTESIAN_POINT('Ctrl Pts',(1.83557158253183,-10.9300409362235,-9.37686738943119));
#6986=CARTESIAN_POINT('Ctrl Pts',(1.91182514296373,-11.042288261281,-9.2442582918561));
#6987=CARTESIAN_POINT('Ctrl Pts',(2.00000000000002,-11.1490233364924,-9.11368633662291));
#6988=CARTESIAN_POINT('',(2.,-13.4671955578848,-5.0984942684766));
#6989=CARTESIAN_POINT('Origin',(2.,0.,0.));
#6990=CARTESIAN_POINT('',(1.7,-13.8032671488945,-4.10241587558473));
#6991=CARTESIAN_POINT('Ctrl Pts',(2.00000000000001,-13.4671955578848,-5.09849426847662));
#6992=CARTESIAN_POINT('Ctrl Pts',(1.91182514296371,-13.5269066505328,-4.94077300425204));
#6993=CARTESIAN_POINT('Ctrl Pts',(1.8355715825318,-13.585625835277,-4.77725942045783));
#6994=CARTESIAN_POINT('Ctrl Pts',(1.72990838788665,-13.697973601448,-4.44473683205944));
#6995=CARTESIAN_POINT('Ctrl Pts',(1.69999999999997,-13.7523744355695,-4.27365295618849));
#6996=CARTESIAN_POINT('Ctrl Pts',(1.69999999999997,-13.8032671488945,-4.10241587558471));
#6997=CARTESIAN_POINT('',(0.,-13.8032671488945,-4.10241587558473));
#6998=CARTESIAN_POINT('',(6.5,-14.4,-1.76349139077219E-15));
#6999=CARTESIAN_POINT('',(0.,-14.4,-1.76349139077219E-15));
#7000=CARTESIAN_POINT('Origin',(6.5,0.,0.));
#7001=CARTESIAN_POINT('Origin',(0.,12.3654268208847,-3.67508088854461));
#7002=CARTESIAN_POINT('',(1.7,11.6154268208847,-4.97411899422127));
#7003=CARTESIAN_POINT('',(0.,11.6154268208847,-4.97411899422127));
#7004=CARTESIAN_POINT('Origin',(1.7,12.3654268208847,-3.67508088854461));
#7005=CARTESIAN_POINT('Origin',(0.,13.1529230425735,-5.86179285169133));
#7006=CARTESIAN_POINT('',(1.7,8.55624760680395,-3.20790105147245));
#7007=CARTESIAN_POINT('',(0.,8.55624760680395,-3.20790105147245));
#7008=CARTESIAN_POINT('',(1.7,6.30842348463562,-1.91011918944761));
#7009=CARTESIAN_POINT('Origin',(0.65,2.72766444975521,-3.13366353113711));
#7010=CARTESIAN_POINT('',(0.8,7.05624760680396,-5.80597726282577));
#7011=CARTESIAN_POINT('',(0.8,7.05624760680396,-5.80597726282577));
#7012=CARTESIAN_POINT('',(0.8,10.1154268208847,-7.5721952055746));
#7013=CARTESIAN_POINT('',(0.5,10.2654268208847,-7.31238758443927));
#7014=CARTESIAN_POINT('',(0.8,2.65266444975521,-3.26356734170477));
#7015=CARTESIAN_POINT('Origin',(0.65,6.30624760680396,-7.10501536850243));
#7016=CARTESIAN_POINT('',(0.8,5.31052431296118,-5.98317085071092));
#7017=CARTESIAN_POINT('Origin',(0.8,6.30624760680396,-7.10501536850243));
#7018=CARTESIAN_POINT('',(0.8,5.31052431296118,-5.98317085071092));
#7019=CARTESIAN_POINT('Origin',(0.65,0.,0.));
#7020=CARTESIAN_POINT('',(0.8,-5.31052431296115,-5.98317085071095));
#7021=CARTESIAN_POINT('Origin',(0.8,0.,0.));
#7022=CARTESIAN_POINT('',(0.8,-5.31052431296115,-5.98317085071095));
#7023=CARTESIAN_POINT('Origin',(0.65,-6.30624760680393,-7.10501536850246));
#7024=CARTESIAN_POINT('',(0.8,-7.05624760680393,-5.8059772628258));
#7025=CARTESIAN_POINT('',(0.8,-7.05624760680393,-5.8059772628258));
#7026=CARTESIAN_POINT('Origin',(0.8,-6.30624760680393,-7.10501536850246));
#7027=CARTESIAN_POINT('Origin',(0.65,-5.52646152128675,-4.74954977379301));
#7028=CARTESIAN_POINT('',(0.8,-10.1154268208847,-7.57219520557464));
#7029=CARTESIAN_POINT('',(0.8,-5.45146152128675,-4.87945358436067));
#7030=CARTESIAN_POINT('',(0.8,-10.1154268208847,-7.57219520557464));
#7031=CARTESIAN_POINT('Origin',(0.65,-9.36542682088466,-8.87123331125128));
#7032=CARTESIAN_POINT('',(0.8,-10.4544299395922,-9.90277206837352));
#7033=CARTESIAN_POINT('Origin',(0.8,-9.36542682088466,-8.87123331125128));
#7034=CARTESIAN_POINT('Origin',(0.65,0.,0.));
#7035=CARTESIAN_POINT('',(0.8,10.4544299395922,-9.90277206837349));
#7036=CARTESIAN_POINT('Origin',(0.65,9.36542682088469,-8.87123331125125));
#7037=CARTESIAN_POINT('Origin',(0.8,9.36542682088469,-8.87123331125125));
#7038=CARTESIAN_POINT('Origin',(0.,-6.30624760680393,-7.10501536850246));
#7039=CARTESIAN_POINT('',(1.7,-5.31052431296115,-5.98317085071095));
#7040=CARTESIAN_POINT('',(0.,-5.31052431296115,-5.98317085071095));
#7041=CARTESIAN_POINT('',(1.7,-7.05624760680393,-5.8059772628258));
#7042=CARTESIAN_POINT('Origin',(1.7,-6.30624760680393,-7.10501536850246));
#7043=CARTESIAN_POINT('',(0.,-7.05624760680393,-5.8059772628258));
#7044=CARTESIAN_POINT('Origin',(0.,0.,0.));
#7045=CARTESIAN_POINT('',(1.7,5.31052431296118,-5.98317085071092));
#7046=CARTESIAN_POINT('',(0.,5.31052431296118,-5.98317085071092));
#7047=CARTESIAN_POINT('Origin',(1.7,0.,0.));
#7048=CARTESIAN_POINT('Origin',(0.,6.30624760680396,-7.10501536850243));
#7049=CARTESIAN_POINT('',(1.7,7.05624760680396,-5.80597726282577));
#7050=CARTESIAN_POINT('',(0.,7.05624760680396,-5.80597726282577));
#7051=CARTESIAN_POINT('Origin',(1.7,6.30624760680396,-7.10501536850243));
#7052=CARTESIAN_POINT('Origin',(0.,6.05532889951041,-5.22809657773291));
#7053=CARTESIAN_POINT('',(1.7,10.1154268208847,-7.5721952055746));
#7054=CARTESIAN_POINT('',(0.,10.1154268208847,-7.5721952055746));
#7055=CARTESIAN_POINT('',(1.7,2.00962641310407,-2.89230915814507));
#7056=CARTESIAN_POINT('Origin',(2.,6.66133814775094E-15,2.97006546847766));
#7057=CARTESIAN_POINT('',(2.,11.4654268208847,-5.2339266153566));
#7058=CARTESIAN_POINT('Origin',(2.,12.3654268208847,-3.67508088854461));
#7059=CARTESIAN_POINT('',(2.,8.40624760680396,-3.46770867260777));
#7060=CARTESIAN_POINT('',(2.,6.15842348463561,-2.16992681058295));
#7061=CARTESIAN_POINT('',(2.,7.54295860869377,-1.54718365534139));
#7062=CARTESIAN_POINT('Origin',(2.,9.30624760680395,-1.90886294579579));
#7063=CARTESIAN_POINT('',(2.,2.43157895450115,7.30598560249404));
#7064=CARTESIAN_POINT('Origin',(2.,0.,0.));
#7065=CARTESIAN_POINT('',(2.,1.19999999999998,9.01387831429827));
#7066=CARTESIAN_POINT('Origin',(2.,2.99999999999998,9.01387831429827));
#7067=CARTESIAN_POINT('',(2.,1.19999999999998,12.5463141997959));
#7068=CARTESIAN_POINT('',(2.,1.19999999999998,5.41409120629511));
#7069=CARTESIAN_POINT('Origin',(2.,2.99999999999998,12.5463141997959));
#7070=CARTESIAN_POINT('',(2.,-1.20000000000002,12.5463141997959));
#7071=CARTESIAN_POINT('Origin',(2.,-3.00000000000002,12.5463141997959));
#7072=CARTESIAN_POINT('',(2.,-1.20000000000002,9.01387831429826));
#7073=CARTESIAN_POINT('',(2.,-1.20000000000002,8.64586369160683));
#7074=CARTESIAN_POINT('',(2.,-2.43157895450119,7.30598560249403));
#7075=CARTESIAN_POINT('Origin',(2.,-3.00000000000002,9.01387831429826));
#7076=CARTESIAN_POINT('',(2.,-7.54295860869377,-1.54718365534142));
#7077=CARTESIAN_POINT('Origin',(2.,0.,0.));
#7078=CARTESIAN_POINT('',(2.,-8.40624760680394,-3.46770867260783));
#7079=CARTESIAN_POINT('Origin',(2.,-9.30624760680394,-1.90886294579584));
#7080=CARTESIAN_POINT('',(2.,-11.4654268208847,-5.23392661535665));
#7081=CARTESIAN_POINT('',(2.,-3.35962641310405,-0.554040567927116));
#7082=CARTESIAN_POINT('Origin',(2.,-12.3654268208847,-3.67508088854465));
#7083=CARTESIAN_POINT('',(2.,-10.2654268208847,-7.31238758443931));
#7084=CARTESIAN_POINT('Origin',(2.,-9.36542682088466,-8.87123331125128));
#7085=CARTESIAN_POINT('',(2.,-7.20624760680394,-5.54616964169045));
#7086=CARTESIAN_POINT('',(2.,-4.9584234846356,-4.24838777966563));
#7087=CARTESIAN_POINT('',(2.,-5.11137965419259,-5.75880194715264));
#7088=CARTESIAN_POINT('Origin',(2.,-6.30624760680393,-7.10501536850246));
#7089=CARTESIAN_POINT('',(2.,5.11137965419262,-5.75880194715262));
#7090=CARTESIAN_POINT('Origin',(2.,0.,0.));
#7091=CARTESIAN_POINT('',(2.,7.20624760680396,-5.54616964169044));
#7092=CARTESIAN_POINT('Origin',(2.,6.30624760680396,-7.10501536850243));
#7093=CARTESIAN_POINT('',(2.,10.2654268208847,-7.31238758443927));
#7094=CARTESIAN_POINT('',(2.,2.15962641310407,-2.63250153700974));
#7095=CARTESIAN_POINT('Origin',(2.,9.36542682088469,-8.87123331125125));
#7096=CARTESIAN_POINT('Origin',(1.85,9.36542682088469,-8.87123331125125));
#7097=CARTESIAN_POINT('',(1.7,10.1154268208847,-7.5721952055746));
#7098=CARTESIAN_POINT('Origin',(1.7,9.36542682088469,-8.87123331125125));
#7099=CARTESIAN_POINT('Origin',(1.85,12.3654268208847,-3.67508088854461));
#7100=CARTESIAN_POINT('',(1.7,11.6154268208847,-4.97411899422127));
#7101=CARTESIAN_POINT('Origin',(1.85,2.99999999999998,12.5463141997959));
#7102=CARTESIAN_POINT('',(1.7,1.49999999999998,12.5463141997959));
#7103=CARTESIAN_POINT('Origin',(1.85,-3.00000000000002,12.5463141997959));
#7104=CARTESIAN_POINT('',(1.7,-1.50000000000002,12.5463141997959));
#7105=CARTESIAN_POINT('Origin',(1.85,-12.3654268208847,-3.67508088854465));
#7106=CARTESIAN_POINT('',(1.7,-11.6154268208847,-4.97411899422131));
#7107=CARTESIAN_POINT('',(1.7,-11.6154268208847,-4.97411899422131));
#7108=CARTESIAN_POINT('Origin',(1.7,-12.3654268208847,-3.67508088854465));
#7109=CARTESIAN_POINT('Origin',(1.85,-9.36542682088466,-8.87123331125128));
#7110=CARTESIAN_POINT('',(1.7,-10.1154268208847,-7.57219520557464));
#7111=CARTESIAN_POINT('Origin',(1.7,-9.36542682088466,-8.87123331125128));
#7112=CARTESIAN_POINT('',(1.7,-10.1154268208847,-7.57219520557464));
#7113=CARTESIAN_POINT('Origin',(1.85,6.23342348463562,-2.04002300001528));
#7114=CARTESIAN_POINT('',(1.7,8.55624760680395,-3.20790105147245));
#7115=CARTESIAN_POINT('Origin',(1.85,9.30624760680395,-1.90886294579579));
#7116=CARTESIAN_POINT('',(1.7,7.8368401083788,-1.60746353708379));
#7117=CARTESIAN_POINT('Origin',(1.7,9.30624760680395,-1.90886294579579));
#7118=CARTESIAN_POINT('',(1.7,7.8368401083788,-1.60746353708379));
#7119=CARTESIAN_POINT('Origin',(1.85,0.,0.));
#7120=CARTESIAN_POINT('',(1.7,2.52631579541762,7.59063438779474));
#7121=CARTESIAN_POINT('',(1.7,2.52631579541762,7.59063438779474));
#7122=CARTESIAN_POINT('Origin',(1.7,0.,0.));
#7123=CARTESIAN_POINT('Origin',(1.85,2.99999999999998,9.01387831429827));
#7124=CARTESIAN_POINT('',(1.7,1.49999999999998,9.01387831429827));
#7125=CARTESIAN_POINT('',(1.7,1.49999999999998,9.01387831429827));
#7126=CARTESIAN_POINT('Origin',(1.7,2.99999999999998,9.01387831429827));
#7127=CARTESIAN_POINT('Origin',(1.85,1.34999999999998,5.41409120629511));
#7128=CARTESIAN_POINT('',(1.7,1.49999999999998,5.41409120629511));
#7129=CARTESIAN_POINT('Origin',(0.,1.49999999999998,7.85811694411255));
#7130=CARTESIAN_POINT('',(0.,1.49999999999998,9.01387831429827));
#7131=CARTESIAN_POINT('Origin',(0.,2.99999999999998,9.01387831429827));
#7132=CARTESIAN_POINT('',(0.,2.52631579541762,7.59063438779474));
#7133=CARTESIAN_POINT('Origin',(0.,0.,0.));
#7134=CARTESIAN_POINT('',(0.,7.8368401083788,-1.60746353708379));
#7135=CARTESIAN_POINT('Origin',(0.,9.30624760680395,-1.90886294579579));
#7136=CARTESIAN_POINT('Origin',(1.85,-4.8834234846356,-4.3782915902333));
#7137=CARTESIAN_POINT('',(1.7,-7.05624760680393,-5.8059772628258));
#7138=CARTESIAN_POINT('',(1.7,-4.8084234846356,-4.50819540080096));
#7139=CARTESIAN_POINT('Origin',(1.85,-6.30624760680393,-7.10501536850246));
#7140=CARTESIAN_POINT('',(1.7,-5.31052431296115,-5.98317085071095));
#7141=CARTESIAN_POINT('Origin',(1.85,0.,0.));
#7142=CARTESIAN_POINT('',(1.7,5.31052431296118,-5.98317085071092));
#7143=CARTESIAN_POINT('Origin',(1.85,6.30624760680396,-7.10501536850243));
#7144=CARTESIAN_POINT('',(1.7,7.05624760680396,-5.80597726282577));
#7145=CARTESIAN_POINT('Origin',(1.85,2.08462641310407,-2.7624053475774));
#7146=CARTESIAN_POINT('Origin',(0.,9.36542682088469,-8.87123331125125));
#7147=CARTESIAN_POINT('Origin',(0.,-11.6529230425735,-8.45986906304468));
#7148=CARTESIAN_POINT('',(0.,-10.1154268208847,-7.57219520557464));
#7149=CARTESIAN_POINT('Origin',(0.,-9.36542682088466,-8.87123331125128));
#7150=CARTESIAN_POINT('Origin',(1.85,-1.35000000000002,8.64586369160683));
#7151=CARTESIAN_POINT('',(1.7,-1.50000000000002,9.01387831429826));
#7152=CARTESIAN_POINT('Origin',(1.85,-3.00000000000002,9.01387831429826));
#7153=CARTESIAN_POINT('',(1.7,-2.52631579541766,7.59063438779473));
#7154=CARTESIAN_POINT('Origin',(1.85,0.,0.));
#7155=CARTESIAN_POINT('',(1.7,-7.8368401083788,-1.60746353708382));
#7156=CARTESIAN_POINT('Origin',(1.85,-9.30624760680394,-1.90886294579584));
#7157=CARTESIAN_POINT('',(1.7,-8.55624760680394,-3.2079010514725));
#7158=CARTESIAN_POINT('',(1.7,-8.55624760680394,-3.2079010514725));
#7159=CARTESIAN_POINT('Origin',(1.7,-9.30624760680394,-1.90886294579584));
#7160=CARTESIAN_POINT('Origin',(1.85,-3.43462641310405,-0.424136757359451));
#7161=CARTESIAN_POINT('',(1.7,-3.50962641310405,-0.294232946791785));
#7162=CARTESIAN_POINT('Origin',(0.,-12.3654268208847,-3.67508088854465));
#7163=CARTESIAN_POINT('',(0.,-11.6154268208847,-4.97411899422131));
#7164=CARTESIAN_POINT('Origin',(0.,-7.5553288995104,-2.63002036637963));
#7165=CARTESIAN_POINT('',(0.,-8.55624760680394,-3.2079010514725));
#7166=CARTESIAN_POINT('Origin',(0.,-9.30624760680394,-1.90886294579584));
#7167=CARTESIAN_POINT('Origin',(6.5,-4.44089209850063E-15,-4.44089209850063E-15));
#7168=CARTESIAN_POINT('',(6.5,-11.,-15.));
#7169=CARTESIAN_POINT('',(6.5,-15.,-11.));
#7170=CARTESIAN_POINT('Origin',(6.5,-11.,-11.));
#7171=CARTESIAN_POINT('',(6.5,11.,-15.));
#7172=CARTESIAN_POINT('',(6.5,-7.5,-15.));
#7173=CARTESIAN_POINT('',(6.5,15.,-11.));
#7174=CARTESIAN_POINT('Origin',(6.5,11.,-11.));
#7175=CARTESIAN_POINT('',(6.5,15.,11.));
#7176=CARTESIAN_POINT('',(6.5,15.,-7.5));
#7177=CARTESIAN_POINT('',(6.5,11.,15.));
#7178=CARTESIAN_POINT('Origin',(6.5,11.,11.));
#7179=CARTESIAN_POINT('',(6.5,-11.,15.));
#7180=CARTESIAN_POINT('',(6.5,7.5,15.));
#7181=CARTESIAN_POINT('',(6.5,-15.,11.));
#7182=CARTESIAN_POINT('Origin',(6.5,-11.,11.));
#7183=CARTESIAN_POINT('',(6.5,-15.,7.49999999999999));
#7184=CARTESIAN_POINT('',(6.5,-13.7,12.));
#7185=CARTESIAN_POINT('Origin',(6.5,-12.,12.));
#7186=CARTESIAN_POINT('',(6.5,10.3,-12.));
#7187=CARTESIAN_POINT('Origin',(6.5,12.,-12.));
#7188=CARTESIAN_POINT('',(6.5,10.3,12.));
#7189=CARTESIAN_POINT('Origin',(6.5,12.,12.));
#7190=CARTESIAN_POINT('',(6.5,-13.7,-12.));
#7191=CARTESIAN_POINT('Origin',(6.5,-12.,-12.));
#7192=CARTESIAN_POINT('Origin',(1.5,-12.5790108111333,-9.05640585516083));
#7193=CARTESIAN_POINT('',(5.,-12.1732362688387,-8.7642637308008));
#7194=CARTESIAN_POINT('',(5.,-12.4825090093257,-9.54700487905701));
#7195=CARTESIAN_POINT('Origin',(5.,-12.5790108111333,-9.05640585516083));
#7196=CARTESIAN_POINT('',(2.,-12.1732362688387,-8.7642637308008));
#7197=CARTESIAN_POINT('',(1.5,-12.1732362688387,-8.7642637308008));
#7198=CARTESIAN_POINT('',(2.,-12.4825090093257,-9.54700487905701));
#7199=CARTESIAN_POINT('Origin',(2.,-12.5790108111333,-9.05640585516083));
#7200=CARTESIAN_POINT('',(1.5,-12.4825090093257,-9.54700487905701));
#7201=CARTESIAN_POINT('Origin',(5.,-4.44089209850063E-15,-4.44089209850063E-15));
#7202=CARTESIAN_POINT('',(5.,-9.547004879057,-12.4825090093257));
#7203=CARTESIAN_POINT('Origin',(5.,-12.,-12.));
#7204=CARTESIAN_POINT('',(5.,-8.76426373080079,-12.1732362688387));
#7205=CARTESIAN_POINT('Origin',(5.,-9.05640585516082,-12.5790108111333));
#7206=CARTESIAN_POINT('',(5.,0.,-15.));
#7207=CARTESIAN_POINT('Origin',(5.,0.,0.));
#7208=CARTESIAN_POINT('',(5.,-11.,-15.));
#7209=CARTESIAN_POINT('',(5.,-7.5,-15.));
#7210=CARTESIAN_POINT('',(5.,-15.,-11.));
#7211=CARTESIAN_POINT('Origin',(5.,-11.,-11.));
#7212=CARTESIAN_POINT('',(5.,-15.,-8.88178419700125E-15));
#7213=CARTESIAN_POINT('',(5.,-15.,7.49999999999999));
#7214=CARTESIAN_POINT('Origin',(5.,0.,0.));
#7215=CARTESIAN_POINT('Origin',(1.5,-12.,-12.));
#7216=CARTESIAN_POINT('',(2.,-9.547004879057,-12.4825090093257));
#7217=CARTESIAN_POINT('Origin',(2.,-12.,-12.));
#7218=CARTESIAN_POINT('',(1.5,-9.547004879057,-12.4825090093257));
#7219=CARTESIAN_POINT('Origin',(1.5,-9.05640585516082,-12.5790108111333));
#7220=CARTESIAN_POINT('',(2.,-8.76426373080079,-12.1732362688387));
#7221=CARTESIAN_POINT('Origin',(2.,-9.05640585516082,-12.5790108111333));
#7222=CARTESIAN_POINT('',(1.5,-8.76426373080079,-12.1732362688387));
#7223=CARTESIAN_POINT('Origin',(2.,-4.44089209850063E-15,-4.44089209850063E-15));
#7224=CARTESIAN_POINT('',(2.,-15.,-8.88178419700125E-15));
#7225=CARTESIAN_POINT('Origin',(2.,0.,0.));
#7226=CARTESIAN_POINT('',(2.,-15.,-11.));
#7227=CARTESIAN_POINT('',(2.,-15.,7.49999999999999));
#7228=CARTESIAN_POINT('',(2.,-11.,-15.));
#7229=CARTESIAN_POINT('Origin',(2.,-11.,-11.));
#7230=CARTESIAN_POINT('',(2.,0.,-15.));
#7231=CARTESIAN_POINT('',(2.,-7.5,-15.));
#7232=CARTESIAN_POINT('Origin',(2.,0.,0.));
#7233=CARTESIAN_POINT('Origin',(1.5,9.05640559974731,-12.5790109950213));
#7234=CARTESIAN_POINT('',(5.,8.76426348362643,-12.1732364467948));
#7235=CARTESIAN_POINT('',(5.,9.54700461942524,-12.4825091717688));
#7236=CARTESIAN_POINT('Origin',(5.,9.05640559974731,-12.5790109950213));
#7237=CARTESIAN_POINT('',(2.,8.76426348362643,-12.1732364467948));
#7238=CARTESIAN_POINT('',(1.5,8.76426348362643,-12.1732364467948));
#7239=CARTESIAN_POINT('',(2.,9.54700461942524,-12.4825091717688));
#7240=CARTESIAN_POINT('Origin',(2.,9.05640559974731,-12.5790109950213));
#7241=CARTESIAN_POINT('',(1.5,9.54700461942524,-12.4825091717688));
#7242=CARTESIAN_POINT('Origin',(5.,-4.44089209850063E-15,-4.44089209850063E-15));
#7243=CARTESIAN_POINT('',(5.,12.4825091717688,-9.54700461942525));
#7244=CARTESIAN_POINT('Origin',(5.,12.,-12.));
#7245=CARTESIAN_POINT('',(5.,12.1732364467948,-8.76426348362644));
#7246=CARTESIAN_POINT('Origin',(5.,12.5790109950213,-9.05640559974732));
#7247=CARTESIAN_POINT('',(5.,15.,0.));
#7248=CARTESIAN_POINT('Origin',(5.,0.,0.));
#7249=CARTESIAN_POINT('',(5.,15.,-11.));
#7250=CARTESIAN_POINT('',(5.,15.,-7.5));
#7251=CARTESIAN_POINT('',(5.,11.,-15.));
#7252=CARTESIAN_POINT('Origin',(5.,11.,-11.));
#7253=CARTESIAN_POINT('',(5.,-7.5,-15.));
#7254=CARTESIAN_POINT('Origin',(5.,0.,0.));
#7255=CARTESIAN_POINT('Origin',(1.5,12.,-12.));
#7256=CARTESIAN_POINT('',(2.,12.4825091717688,-9.54700461942525));
#7257=CARTESIAN_POINT('Origin',(2.,12.,-12.));
#7258=CARTESIAN_POINT('',(1.5,12.4825091717688,-9.54700461942525));
#7259=CARTESIAN_POINT('Origin',(1.5,12.5790109950213,-9.05640559974732));
#7260=CARTESIAN_POINT('',(2.,12.1732364467948,-8.76426348362644));
#7261=CARTESIAN_POINT('Origin',(2.,12.5790109950213,-9.05640559974732));
#7262=CARTESIAN_POINT('',(1.5,12.1732364467948,-8.76426348362644));
#7263=CARTESIAN_POINT('Origin',(2.,-4.44089209850063E-15,-4.44089209850063E-15));
#7264=CARTESIAN_POINT('Origin',(2.,0.,0.));
#7265=CARTESIAN_POINT('',(2.,11.,-15.));
#7266=CARTESIAN_POINT('',(2.,-7.5,-15.));
#7267=CARTESIAN_POINT('',(2.,15.,-11.));
#7268=CARTESIAN_POINT('Origin',(2.,11.,-11.));
#7269=CARTESIAN_POINT('',(2.,15.,0.));
#7270=CARTESIAN_POINT('',(2.,15.,-7.5));
#7271=CARTESIAN_POINT('Origin',(2.,0.,0.));
#7272=CARTESIAN_POINT('Origin',(1.5,12.5790108571053,9.05640579130746));
#7273=CARTESIAN_POINT('',(5.,12.1732363133277,8.76426366900722));
#7274=CARTESIAN_POINT('',(5.,12.4825090499365,9.54700481414908));
#7275=CARTESIAN_POINT('Origin',(5.,12.5790108571053,9.05640579130746));
#7276=CARTESIAN_POINT('',(2.,12.1732363133277,8.76426366900722));
#7277=CARTESIAN_POINT('',(1.5,12.1732363133277,8.76426366900722));
#7278=CARTESIAN_POINT('',(2.,12.4825090499365,9.54700481414908));
#7279=CARTESIAN_POINT('Origin',(2.,12.5790108571053,9.05640579130746));
#7280=CARTESIAN_POINT('',(1.5,12.4825090499365,9.54700481414908));
#7281=CARTESIAN_POINT('Origin',(5.,-4.44089209850063E-15,-4.44089209850063E-15));
#7282=CARTESIAN_POINT('',(5.,9.54700481414907,12.4825090499365));
#7283=CARTESIAN_POINT('Origin',(5.,12.,12.));
#7284=CARTESIAN_POINT('',(5.,8.76426366900722,12.1732363133277));
#7285=CARTESIAN_POINT('Origin',(5.,9.05640579130746,12.5790108571053));
#7286=CARTESIAN_POINT('',(5.,0.,15.));
#7287=CARTESIAN_POINT('Origin',(5.,0.,0.));
#7288=CARTESIAN_POINT('',(5.,11.,15.));
#7289=CARTESIAN_POINT('',(5.,7.5,15.));
#7290=CARTESIAN_POINT('',(5.,15.,11.));
#7291=CARTESIAN_POINT('Origin',(5.,11.,11.));
#7292=CARTESIAN_POINT('',(5.,15.,-7.5));
#7293=CARTESIAN_POINT('Origin',(5.,0.,0.));
#7294=CARTESIAN_POINT('Origin',(1.5,12.,12.));
#7295=CARTESIAN_POINT('',(2.,9.54700481414907,12.4825090499365));
#7296=CARTESIAN_POINT('Origin',(2.,12.,12.));
#7297=CARTESIAN_POINT('',(1.5,9.54700481414907,12.4825090499365));
#7298=CARTESIAN_POINT('Origin',(1.5,9.05640579130746,12.5790108571053));
#7299=CARTESIAN_POINT('',(2.,8.76426366900722,12.1732363133277));
#7300=CARTESIAN_POINT('Origin',(2.,9.05640579130746,12.5790108571053));
#7301=CARTESIAN_POINT('',(1.5,8.76426366900722,12.1732363133277));
#7302=CARTESIAN_POINT('Origin',(1.5,0.,0.));
#7303=CARTESIAN_POINT('',(2.,0.,15.));
#7304=CARTESIAN_POINT('Origin',(2.,0.,0.));
#7305=CARTESIAN_POINT('',(2.,-8.76426373080078,12.1732362688387));
#7306=CARTESIAN_POINT('Origin',(2.,0.,0.));
#7307=CARTESIAN_POINT('',(5.,-8.76426373080078,12.1732362688387));
#7308=CARTESIAN_POINT('',(1.5,-8.76426373080078,12.1732362688387));
#7309=CARTESIAN_POINT('Origin',(5.,0.,0.));
#7310=CARTESIAN_POINT('Origin',(1.5,-9.0564058551608,12.5790108111333));
#7311=CARTESIAN_POINT('',(5.,-9.54700487905698,12.4825090093257));
#7312=CARTESIAN_POINT('Origin',(5.,-9.0564058551608,12.5790108111333));
#7313=CARTESIAN_POINT('',(2.,-9.54700487905698,12.4825090093257));
#7314=CARTESIAN_POINT('Origin',(2.,-9.0564058551608,12.5790108111333));
#7315=CARTESIAN_POINT('',(1.5,-9.54700487905698,12.4825090093257));
#7316=CARTESIAN_POINT('Origin',(5.,-4.44089209850063E-15,-4.44089209850063E-15));
#7317=CARTESIAN_POINT('',(5.,-12.4825090093257,9.54700487905698));
#7318=CARTESIAN_POINT('Origin',(5.,-12.,12.));
#7319=CARTESIAN_POINT('',(5.,-12.1732362688387,8.76426373080078));
#7320=CARTESIAN_POINT('Origin',(5.,-12.5790108111333,9.0564058551608));
#7321=CARTESIAN_POINT('Origin',(5.,0.,0.));
#7322=CARTESIAN_POINT('',(5.,-15.,11.));
#7323=CARTESIAN_POINT('',(5.,-15.,7.49999999999999));
#7324=CARTESIAN_POINT('',(5.,-11.,15.));
#7325=CARTESIAN_POINT('Origin',(5.,-11.,11.));
#7326=CARTESIAN_POINT('',(5.,7.5,15.));
#7327=CARTESIAN_POINT('Origin',(1.5,-12.,12.));
#7328=CARTESIAN_POINT('',(2.,-12.4825090093257,9.54700487905698));
#7329=CARTESIAN_POINT('Origin',(2.,-12.,12.));
#7330=CARTESIAN_POINT('',(1.5,-12.4825090093257,9.54700487905698));
#7331=CARTESIAN_POINT('Origin',(1.5,-12.5790108111333,9.0564058551608));
#7332=CARTESIAN_POINT('',(2.,-12.1732362688387,8.76426373080078));
#7333=CARTESIAN_POINT('Origin',(2.,-12.5790108111333,9.0564058551608));
#7334=CARTESIAN_POINT('',(1.5,-12.1732362688387,8.76426373080078));
#7335=CARTESIAN_POINT('Origin',(1.5,0.,0.));
#7336=CARTESIAN_POINT('Origin',(2.,0.,0.));
#7337=CARTESIAN_POINT('Origin',(0.,-11.,-11.));
#7338=CARTESIAN_POINT('',(0.,-15.,-11.));
#7339=CARTESIAN_POINT('',(0.,-11.,-15.));
#7340=CARTESIAN_POINT('Origin',(0.,-15.,-15.));
#7341=CARTESIAN_POINT('',(0.,11.,-15.));
#7342=CARTESIAN_POINT('Origin',(5.5,-11.,-11.));
#7343=CARTESIAN_POINT('',(5.5,-15.,-11.));
#7344=CARTESIAN_POINT('',(5.5,-11.,-15.));
#7345=CARTESIAN_POINT('Origin',(5.5,-15.,15.));
#7346=CARTESIAN_POINT('',(5.5,-15.,11.));
#7347=CARTESIAN_POINT('Origin',(0.,11.,-11.));
#7348=CARTESIAN_POINT('',(0.,15.,-11.));
#7349=CARTESIAN_POINT('Origin',(5.5,11.,-11.));
#7350=CARTESIAN_POINT('',(5.5,11.,-15.));
#7351=CARTESIAN_POINT('',(5.5,15.,-11.));
#7352=CARTESIAN_POINT('Origin',(5.5,15.,-15.));
#7353=CARTESIAN_POINT('',(5.5,15.,11.));
#7354=CARTESIAN_POINT('Origin',(5.5,11.,11.));
#7355=CARTESIAN_POINT('',(5.5,11.,15.));
#7356=CARTESIAN_POINT('Origin',(5.5,15.,15.));
#7357=CARTESIAN_POINT('',(5.5,-11.,15.));
#7358=CARTESIAN_POINT('Origin',(0.,11.,11.));
#7359=CARTESIAN_POINT('',(2.,11.,15.));
#7360=CARTESIAN_POINT('',(2.,15.,11.));
#7361=CARTESIAN_POINT('Origin',(2.,11.,11.));
#7362=CARTESIAN_POINT('',(0.,15.,11.));
#7363=CARTESIAN_POINT('',(0.,11.,15.));
#7364=CARTESIAN_POINT('Origin',(2.,-4.44089209850063E-15,-4.44089209850063E-15));
#7365=CARTESIAN_POINT('Origin',(2.,0.,0.));
#7366=CARTESIAN_POINT('',(2.,15.,-7.5));
#7367=CARTESIAN_POINT('',(2.,7.5,15.));
#7368=CARTESIAN_POINT('Origin',(0.,15.,15.));
#7369=CARTESIAN_POINT('',(2.,-11.,15.));
#7370=CARTESIAN_POINT('',(0.,-11.,15.));
#7371=CARTESIAN_POINT('',(2.,7.5,15.));
#7372=CARTESIAN_POINT('Origin',(5.5,-11.,11.));
#7373=CARTESIAN_POINT('Origin',(0.,-11.,11.));
#7374=CARTESIAN_POINT('',(2.,-15.,11.));
#7375=CARTESIAN_POINT('Origin',(2.,-11.,11.));
#7376=CARTESIAN_POINT('',(0.,-15.,11.));
#7377=CARTESIAN_POINT('Origin',(2.,-4.44089209850063E-15,-4.44089209850063E-15));
#7378=CARTESIAN_POINT('',(2.,-15.,7.49999999999999));
#7379=CARTESIAN_POINT('Origin',(5.5,-15.,-15.));
#7380=CARTESIAN_POINT('Origin',(1.5,0.,0.));
#7381=CARTESIAN_POINT('Origin',(1.5,0.,0.));
#7382=CARTESIAN_POINT('Origin',(0.,12.,12.));
#7383=CARTESIAN_POINT('',(0.,10.3,12.));
#7384=CARTESIAN_POINT('Origin',(0.,12.,-12.));
#7385=CARTESIAN_POINT('',(0.,10.3,-12.));
#7386=CARTESIAN_POINT('Origin',(0.,-12.,12.));
#7387=CARTESIAN_POINT('',(0.,-13.7,12.));
#7388=CARTESIAN_POINT('Origin',(0.,-12.,-12.));
#7389=CARTESIAN_POINT('',(0.,-13.7,-12.));
#7390=CARTESIAN_POINT('Origin',(0.,-15.,15.));
#7391=CARTESIAN_POINT('Origin',(0.,15.,-15.));
#7392=CARTESIAN_POINT('',(1.5,0.,0.));
#7393=UNCERTAINTY_MEASURE_WITH_UNIT(LENGTH_MEASURE(0.01),#7399,
'DISTANCE_ACCURACY_VALUE',
'Maximum model space distance between geometric entities at asserted c
onnectivities');
#7394=UNCERTAINTY_MEASURE_WITH_UNIT(LENGTH_MEASURE(0.01),#7399,
'DISTANCE_ACCURACY_VALUE',
'Maximum model space distance between geometric entities at asserted c
onnectivities');
#7395=UNCERTAINTY_MEASURE_WITH_UNIT(LENGTH_MEASURE(0.01),#7399,
'DISTANCE_ACCURACY_VALUE',
'Maximum model space distance between geometric entities at asserted c
onnectivities');
#7396=(
GEOMETRIC_REPRESENTATION_CONTEXT(3)
GLOBAL_UNCERTAINTY_ASSIGNED_CONTEXT((#7393))
GLOBAL_UNIT_ASSIGNED_CONTEXT((#7399,#7401,#7402))
REPRESENTATION_CONTEXT('','3D')
);
#7397=(
GEOMETRIC_REPRESENTATION_CONTEXT(3)
GLOBAL_UNCERTAINTY_ASSIGNED_CONTEXT((#7394))
GLOBAL_UNIT_ASSIGNED_CONTEXT((#7399,#7401,#7402))
REPRESENTATION_CONTEXT('','3D')
);
#7398=(
GEOMETRIC_REPRESENTATION_CONTEXT(3)
GLOBAL_UNCERTAINTY_ASSIGNED_CONTEXT((#7395))
GLOBAL_UNIT_ASSIGNED_CONTEXT((#7399,#7401,#7402))
REPRESENTATION_CONTEXT('','3D')
);
#7399=(
LENGTH_UNIT()
NAMED_UNIT(*)
SI_UNIT(.MILLI.,.METRE.)
);
#7400=(
LENGTH_UNIT()
NAMED_UNIT(*)
SI_UNIT($,.METRE.)
);
#7401=(
NAMED_UNIT(*)
PLANE_ANGLE_UNIT()
SI_UNIT($,.RADIAN.)
);
#7402=(
NAMED_UNIT(*)
SI_UNIT($,.STERADIAN.)
SOLID_ANGLE_UNIT()
);
#7403=SHAPE_DEFINITION_REPRESENTATION(#7405,#7408);
#7404=SHAPE_DEFINITION_REPRESENTATION(#7406,#7409);
#7405=PRODUCT_DEFINITION_SHAPE('',$,#7411);
#7406=PRODUCT_DEFINITION_SHAPE('',$,#7412);
#7407=PRODUCT_DEFINITION_SHAPE($,$,#14);
#7408=SHAPE_REPRESENTATION('',(#2803,#3108),#7396);
#7409=SHAPE_REPRESENTATION('',(#2804),#7397);
#7410=PRODUCT_DEFINITION_CONTEXT('part definition',#7418,'design');
#7411=PRODUCT_DEFINITION('Fan 30mm','Fan 3006mm v1',#7413,#7410);
#7412=PRODUCT_DEFINITION('Component1','Component1',#7414,#7410);
#7413=PRODUCT_DEFINITION_FORMATION('',$,#7420);
#7414=PRODUCT_DEFINITION_FORMATION('',$,#7421);
#7415=PRODUCT_RELATED_PRODUCT_CATEGORY('Fan 3006mm v1','Fan 3006mm v1',
(#7420));
#7416=PRODUCT_RELATED_PRODUCT_CATEGORY('Component1','Component1',(#7421));
#7417=APPLICATION_PROTOCOL_DEFINITION('international standard',
'automotive_design',2009,#7418);
#7418=APPLICATION_CONTEXT(
'Core Data for Automotive Mechanical Design Process');
#7419=PRODUCT_CONTEXT('part definition',#7418,'mechanical');
#7420=PRODUCT('Fan 30mm','Fan 3006mm v1',$,(#7419));
#7421=PRODUCT('Component1','Component1',$,(#7419));
#7422=PRESENTATION_STYLE_ASSIGNMENT((#7424));
#7423=PRESENTATION_STYLE_ASSIGNMENT((#7425));
#7424=SURFACE_STYLE_USAGE(.BOTH.,#7426);
#7425=SURFACE_STYLE_USAGE(.BOTH.,#7427);
#7426=SURFACE_SIDE_STYLE('',(#7428));
#7427=SURFACE_SIDE_STYLE('',(#7429));
#7428=SURFACE_STYLE_FILL_AREA(#7430);
#7429=SURFACE_STYLE_FILL_AREA(#7431);
#7430=FILL_AREA_STYLE('Steel - Satin',(#7432));
#7431=FILL_AREA_STYLE('Opaque(68,68,66)',(#7433));
#7432=FILL_AREA_STYLE_COLOUR('Steel - Satin',#7434);
#7433=FILL_AREA_STYLE_COLOUR('Opaque(68,68,66)',#7435);
#7434=COLOUR_RGB('Steel - Satin',0.627450980392157,0.627450980392157,0.627450980392157);
#7435=COLOUR_RGB('Opaque(68,68,66)',0.266666666666667,0.266666666666667,
0.258823529411765);
ENDSEC;
END-ISO-10303-21;
